Function Stack	CPU Time:Total	CPU Time:Effective Time:Total	CPU Time:Spin Time:Total	CPU Time:Overhead Time:Total	CPU Time:Self	CPU Time:Effective Time:Self	CPU Time:Spin Time:Self	CPU Time:Overhead Time:Self	Module	Function (Full)	Source File	Start Address
Total	100.000000	100.000000	100.000000		0.0	0.0	0.0	0.0	[Unknown]	[Unknown]	[Unknown]	[Unknown]
 RtlUserThreadStart	100.000000	100.000000	100.000000		0.0	0.0	0.0	0.0	ntdll.dll	RtlUserThreadStart	[Unknown]	0x1800acac0
  BaseThreadInitThunk	100.000000	100.000000	100.000000		0.0	0.0	0.0	0.0	KERNEL32.DLL	BaseThreadInitThunk	[Unknown]	0x18002cd70
   __scrt_common_main_seh	100.000000	100.000000	100.000000		0.0	0.0	0.0	0.0	CpuHotPaths.exe	__scrt_common_main_seh()	exe_common.inl	0x1402354d4
    invoke_main	100.000000	100.000000	100.000000		0.0	0.0	0.0	0.0	CpuHotPaths.exe	invoke_main	exe_common.inl	0x1402355be
     main	100.000000	100.000000	100.000000		0.0	0.0	0.0	0.0	CpuHotPaths.exe	main	CpuHotPaths.cpp	0x1400b2da0
      measure<<lambda_aa6e5505e88b4e9c807a5075eba91706> >	99.762957	99.754603	100.000000		0.0	0.0	0.0	0.0	CpuHotPaths.exe	measure<<lambda_aa6e5505e88b4e9c807a5075eba91706> >(const char *, unsigned __int64, class main::__l30::<lambda_aa6e5505e88b4e9c807a5075eba91706>)	CpuHotPaths.cpp	0x1400a9740
       main::__l30::<lambda_aa6e5505e88b4e9c807a5075eba91706>::operator()	99.457003	99.437867	100.000000		0.0	0.0	0.0	0.0	CpuHotPaths.exe	main::__l30::<lambda_aa6e5505e88b4e9c807a5075eba91706>::operator()	CpuHotPaths.cpp	0x1400a9820
        <lambda_01f1892c40223c166c8f3d9ac33c6fe2>::operator()	97.862568	97.787242	100.000000		0.0	0.0	0.0	0.0	CpuHotPaths.exe	<lambda_01f1892c40223c166c8f3d9ac33c6fe2>::operator()()	CpuHotPaths.cpp	0x1400ae2f0
         MaterialX_v1_39_6::GlslShaderGenerator::generate	94.392729	94.195120	100.000000		0.0	0.0	0.0	0.0	CpuHotPaths.exe	MaterialX_v1_39_6::GlslShaderGenerator::generate(class std::basic_string<char,struct std::char_traits<char>,class std::allocator<char> > const &,class std::shared_ptr<class MaterialX_v1_39_6::Element>,class MaterialX_v1_39_6::GenContext &)	GlslShaderGenerator.cpp	0x1400c07c0
          MaterialX_v1_39_6::HwShaderGenerator::createShader	66.337782	66.478196	62.353468		0.0	0.0	0.0	0.0	CpuHotPaths.exe	MaterialX_v1_39_6::HwShaderGenerator::createShader(class std::basic_string<char,struct std::char_traits<char>,class std::allocator<char> > const &,class std::shared_ptr<class MaterialX_v1_39_6::Element>,class MaterialX_v1_39_6::GenContext &)	HwShaderGenerator.cpp	0x140108330
           MaterialX_v1_39_6::ShaderGraph::create	65.960087	66.087190	62.353468		0.0	0.0	0.0	0.0	CpuHotPaths.exe	MaterialX_v1_39_6::ShaderGraph::create(class MaterialX_v1_39_6::ShaderGraph const *,class std::basic_string<char,struct std::char_traits<char>,class std::allocator<char> > const &,class std::shared_ptr<class MaterialX_v1_39_6::Element>,class MaterialX_v1_39_6::GenContext &)	ShaderGraph.cpp	0x140160010
            MaterialX_v1_39_6::ShaderGraph::addUpstreamDependencies	64.679836	64.761821	62.353468		0.0	0.0	0.0	0.0	CpuHotPaths.exe	MaterialX_v1_39_6::ShaderGraph::addUpstreamDependencies(class MaterialX_v1_39_6::Element const &,class MaterialX_v1_39_6::GenContext &)	ShaderGraph.cpp	0x14015e1a0
             MaterialX_v1_39_6::ShaderGraph::createConnectedNodes	64.679836	64.761821	62.353468		0.0	0.0	0.0	0.0	CpuHotPaths.exe	MaterialX_v1_39_6::ShaderGraph::createConnectedNodes(class std::shared_ptr<class MaterialX_v1_39_6::Element> const &,class std::shared_ptr<class MaterialX_v1_39_6::Element> const &,class std::shared_ptr<class MaterialX_v1_39_6::Element>,class MaterialX_v1_39_6::GenContext &)	ShaderGraph.cpp	0x140161e40
              MaterialX_v1_39_6::ShaderGraph::createNode	64.679836	64.761821	62.353468		0.0	0.0	0.0	0.0	CpuHotPaths.exe	MaterialX_v1_39_6::ShaderGraph::createNode(class std::shared_ptr<class MaterialX_v1_39_6::Node const >,class MaterialX_v1_39_6::GenContext &)	ShaderGraph.cpp	0x140162d90
               MaterialX_v1_39_6::ShaderGraph::createNode	63.684897	63.731819	62.353468		0.0	0.0	0.0	0.0	CpuHotPaths.exe	MaterialX_v1_39_6::ShaderGraph::createNode(class std::basic_string<char,struct std::char_traits<char>,class std::allocator<char> > const &,class std::basic_string<char,struct std::char_traits<char>,class std::allocator<char> > const &,class std::shared_ptr<class MaterialX_v1_39_6::NodeDef const >,class MaterialX_v1_39_6::GenContext &)	ShaderGraph.cpp	0x140162b10
                MaterialX_v1_39_6::ShaderNode::create	63.605891	63.650028	62.353468		0.0	0.0	0.0	0.0	CpuHotPaths.exe	MaterialX_v1_39_6::ShaderNode::create(class MaterialX_v1_39_6::ShaderGraph const *,class std::basic_string<char,struct std::char_traits<char>,class std::allocator<char> > const &,class MaterialX_v1_39_6::NodeDef const &,class MaterialX_v1_39_6::GenContext &)	ShaderNode.cpp	0x1401413a0
                 MaterialX_v1_39_6::ShaderGenerator::getImplementation	62.377258	62.455106	60.168296		0.0	0.0	0.0	0.0	CpuHotPaths.exe	MaterialX_v1_39_6::ShaderGenerator::getImplementation(class MaterialX_v1_39_6::NodeDef const &,class MaterialX_v1_39_6::GenContext &)	ShaderGenerator.cpp	0x14014f640
                  MaterialX_v1_39_6::CompoundNode::initialize	62.302897	62.378124	60.168296		0.0	0.0	0.0	0.0	CpuHotPaths.exe	MaterialX_v1_39_6::CompoundNode::initialize(class MaterialX_v1_39_6::InterfaceElement const &,class MaterialX_v1_39_6::GenContext &)	CompoundNode.cpp	0x140168580
                   MaterialX_v1_39_6::ShaderGraph::create	62.302897	62.378124	60.168296		0.0	0.0	0.0	0.0	CpuHotPaths.exe	MaterialX_v1_39_6::ShaderGraph::create(class MaterialX_v1_39_6::ShaderGraph const *,class MaterialX_v1_39_6::NodeGraph const &,class MaterialX_v1_39_6::GenContext &)	ShaderGraph.cpp	0x140161a60
                    MaterialX_v1_39_6::ShaderGraph::addUpstreamDependencies	52.312457	52.192610	55.713176		0.0	0.0	0.0	0.0	CpuHotPaths.exe	MaterialX_v1_39_6::ShaderGraph::addUpstreamDependencies(class MaterialX_v1_39_6::Element const &,class MaterialX_v1_39_6::GenContext &)	ShaderGraph.cpp	0x14015e1a0
                     MaterialX_v1_39_6::ShaderGraph::createConnectedNodes	48.880263	48.639459	55.713176		0.028768	0.028768	0.0	0.0	CpuHotPaths.exe	MaterialX_v1_39_6::ShaderGraph::createConnectedNodes(class std::shared_ptr<class MaterialX_v1_39_6::Element> const &,class std::shared_ptr<class MaterialX_v1_39_6::Element> const &,class std::shared_ptr<class MaterialX_v1_39_6::Element>,class MaterialX_v1_39_6::GenContext &)	ShaderGraph.cpp	0x140161e40
                      MaterialX_v1_39_6::ShaderGraph::createNode	47.197965	46.897875	55.713176		0.0	0.0	0.0	0.0	CpuHotPaths.exe	MaterialX_v1_39_6::ShaderGraph::createNode(class std::shared_ptr<class MaterialX_v1_39_6::Node const >,class MaterialX_v1_39_6::GenContext &)	ShaderGraph.cpp	0x140162d90
                       MaterialX_v1_39_6::ShaderGraph::createNode	38.255516	37.721767	53.400907		0.014222	0.014222	0.0	0.0	CpuHotPaths.exe	MaterialX_v1_39_6::ShaderGraph::createNode(class std::basic_string<char,struct std::char_traits<char>,class std::allocator<char> > const &,class std::basic_string<char,struct std::char_traits<char>,class std::allocator<char> > const &,class std::shared_ptr<class MaterialX_v1_39_6::NodeDef const >,class MaterialX_v1_39_6::GenContext &)	ShaderGraph.cpp	0x140162b10
                        MaterialX_v1_39_6::ShaderNode::create	38.033141	37.491555	53.400907		0.014270	0.014270	0.0	0.0	CpuHotPaths.exe	MaterialX_v1_39_6::ShaderNode::create(class MaterialX_v1_39_6::ShaderGraph const *,class std::basic_string<char,struct std::char_traits<char>,class std::allocator<char> > const &,class MaterialX_v1_39_6::NodeDef const &,class MaterialX_v1_39_6::GenContext &)	ShaderNode.cpp	0x1401413a0
                         MaterialX_v1_39_6::ShaderGenerator::getImplementation	32.763697	32.197416	48.832187		0.0	0.0	0.0	0.0	CpuHotPaths.exe	MaterialX_v1_39_6::ShaderGenerator::getImplementation(class MaterialX_v1_39_6::NodeDef const &,class MaterialX_v1_39_6::GenContext &)	ShaderGenerator.cpp	0x14014f640
                          MaterialX_v1_39_6::SourceCodeNode::initialize	28.794371	28.168284	46.559890		0.0	0.0	0.0	0.0	CpuHotPaths.exe	MaterialX_v1_39_6::SourceCodeNode::initialize(class MaterialX_v1_39_6::InterfaceElement const &,class MaterialX_v1_39_6::GenContext &)	SourceCodeNode.cpp	0x14016b2e0
                           MaterialX_v1_39_6::SourceCodeNode::resolveSourceCode	28.334169	27.691864	46.559890		0.0	0.0	0.0	0.0	CpuHotPaths.exe	MaterialX_v1_39_6::SourceCodeNode::resolveSourceCode(class MaterialX_v1_39_6::InterfaceElement const &,class MaterialX_v1_39_6::GenContext &)	SourceCodeNode.cpp	0x14016bb60
                            MaterialX_v1_39_6::readFile	21.813026	20.940905	46.559890		0.0	0.0	0.0	0.0	CpuHotPaths.exe	MaterialX_v1_39_6::readFile(class MaterialX_v1_39_6::FilePath const &)	Util.cpp	0x1400d5610
                             std::basic_ifstream<char,std::char_traits<char> >::{ctor}	17.869783	16.858695	46.559890		3.318584	3.022985	0.295599	0.0	CpuHotPaths.exe	std::basic_ifstream<char,std::char_traits<char> >::{ctor}	fstream	0x1400d565f
                              [Unknown stack frame(s)]	0.075665	0.078331	0.0		0.0	0.0	0.0	0.0	[Unknown]	[Unknown stack frame(s)]	[Unknown]	0x0
                               [pincrt.dll]	0.075665	0.078331	0.0		0.014111	0.014111	0.0	0.0	pincrt.dll	[pincrt.dll]	[Unknown]	0x0
                             std::basic_ostream<char,struct std::char_traits<char> >::operator<<	2.255321	2.334802	0.0		0.420615	0.420615	0.0	0.0	MSVCP140.dll	std::basic_ostream<char,struct std::char_traits<char> >::operator<<(class std::basic_streambuf<char,struct std::char_traits<char> > * __ptr64)	[Unknown]	0x180050140
                             std::basic_ifstream<char,std::char_traits<char> >::close	1.455745	1.507048	0.0		0.271495	0.271495	0.0	0.0	CpuHotPaths.exe	std::basic_ifstream<char,std::char_traits<char> >::close	fstream	0x1400d57b9
                             std::basic_string<char,std::char_traits<char>,std::allocator<char> >::{dtor}	0.079038	0.081823	0.0		0.014741	0.014741	0.0	0.0	CpuHotPaths.exe	std::basic_string<char,std::char_traits<char>,std::allocator<char> >::{dtor}	xstring	0x1400d56ad
                             std::basic_filebuf<char,struct std::char_traits<char> >::~basic_filebuf<char,struct std::char_traits<char> >	0.077355	0.080081	0.0		0.014427	0.014427	0.0	0.0	CpuHotPaths.exe	std::basic_filebuf<char,struct std::char_traits<char> >::~basic_filebuf<char,struct std::char_traits<char> >(void)	__msvc_filebuf.hpp	0x1400ac730
                             MaterialX_v1_39_6::FilePath::asString	0.075784	0.078455	0.0		0.0	0.0	0.0	0.0	CpuHotPaths.exe	MaterialX_v1_39_6::FilePath::asString(enum MaterialX_v1_39_6::FilePath::Format)	File.cpp	0x1400cb990
                              std::basic_string<char,std::char_traits<char>,std::allocator<char> >::operator+=	0.075784	0.078455	0.0		0.0	0.0	0.0	0.0	CpuHotPaths.exe	std::basic_string<char,std::char_traits<char>,std::allocator<char> >::operator+=	xstring	0x1400cba94
                               operator new	0.075784	0.078455	0.0		0.0	0.0	0.0	0.0	CpuHotPaths.exe	operator new(unsigned __int64)	new_scalar.cpp	0x140234c58
                                malloc_base	0.075784	0.078455	0.0		0.014134	0.014134	0.0	0.0	ucrtbase.dll	malloc_base	[Unknown]	0x1800050a0
                            MaterialX_v1_39_6::GenContext::resolveSourceFile	6.065927	6.279701	0.0		0.0	0.0	0.0	0.0	CpuHotPaths.exe	MaterialX_v1_39_6::GenContext::resolveSourceFile(class MaterialX_v1_39_6::FilePath const &,class MaterialX_v1_39_6::FilePath const &)	GenContext.h	0x14013c820
                             MaterialX_v1_39_6::FileSearchPath::find	5.989243	6.200314	0.0		0.0	0.0	0.0	0.0	CpuHotPaths.exe	MaterialX_v1_39_6::FileSearchPath::find	File.h	0x14013ca24
                              MaterialX_v1_39_6::FilePath::exists	5.912537	6.120905	0.0		0.0	0.0	0.0	0.0	CpuHotPaths.exe	MaterialX_v1_39_6::FilePath::exists(void)	File.cpp	0x1400ccb40
                               GetFileAttributesA	5.833534	6.039117	0.0		1.087948	1.087948	0.0	0.0	KERNELBASE.dll	GetFileAttributesA	[Unknown]	0x18006d270
                               MaterialX_v1_39_6::FilePath::asString	0.079004	0.081788	0.0		0.0	0.0	0.0	0.0	CpuHotPaths.exe	MaterialX_v1_39_6::FilePath::asString	File.cpp	0x1400ccb74
                                std::basic_string<char,std::char_traits<char>,std::allocator<char> >::operator+=	0.079004	0.081788	0.0		0.014734	0.014734	0.0	0.0	CpuHotPaths.exe	std::basic_string<char,std::char_traits<char>,std::allocator<char> >::operator+=	xstring	0x1400ccbd4
                              std::vector<std::basic_string<char,std::char_traits<char>,std::allocator<char> >,std::allocator<std::basic_string<char,std::char_traits<char>,std::allocator<char> > > >::{ctor}	0.076706	0.079409	0.0		0.0	0.0	0.0	0.0	CpuHotPaths.exe	std::vector<std::basic_string<char,std::char_traits<char>,std::allocator<char> >,std::allocator<std::basic_string<char,std::char_traits<char>,std::allocator<char> > > >::{ctor}	vector	0x14013cb36
                               operator new	0.076706	0.079409	0.0		0.0	0.0	0.0	0.0	CpuHotPaths.exe	operator new(unsigned __int64)	new_scalar.cpp	0x140234c58
                                malloc_base	0.076706	0.079409	0.0		0.014306	0.014306	0.0	0.0	ucrtbase.dll	malloc_base	[Unknown]	0x1800050a0
                             MaterialX_v1_39_6::FilePath::getNormalized	0.076684	0.079386	0.0		0.0	0.0	0.0	0.0	CpuHotPaths.exe	MaterialX_v1_39_6::FilePath::getNormalized(void)	File.cpp	0x1400cd880
                              std::vector<std::basic_string<char,std::char_traits<char>,std::allocator<char> >,std::allocator<std::basic_string<char,std::char_traits<char>,std::allocator<char> > > >::push_back	0.076684	0.079386	0.0		0.014301	0.014301	0.0	0.0	CpuHotPaths.exe	std::vector<std::basic_string<char,std::char_traits<char>,std::allocator<char> >,std::allocator<std::basic_string<char,std::char_traits<char>,std::allocator<char> > > >::push_back	vector	0x1400cda89
                            MaterialX_v1_39_6::FilePath::{ctor}	0.305453	0.316218	0.0		0.0	0.0	0.0	0.0	CpuHotPaths.exe	MaterialX_v1_39_6::FilePath::{ctor}	File.h	0x14016bb9c
                             MaterialX_v1_39_6::FilePath::assign	0.228421	0.236471	0.0		0.0	0.0	0.0	0.0	CpuHotPaths.exe	MaterialX_v1_39_6::FilePath::assign(class std::basic_string<char,struct std::char_traits<char>,class std::allocator<char> > const &)	File.cpp	0x1400cbbd0
                              MaterialX_v1_39_6::splitString	0.228421	0.236471	0.0		0.0	0.0	0.0	0.0	CpuHotPaths.exe	MaterialX_v1_39_6::splitString(class std::basic_string<char,struct std::char_traits<char>,class std::allocator<char> > const &,class std::basic_string<char,struct std::char_traits<char>,class std::allocator<char> > const &)	Util.cpp	0x14017fd80
                               std::basic_string<char,std::char_traits<char>,std::allocator<char> >::find_first_of	0.077915	0.080661	0.0		0.014531	0.014531	0.0	0.0	CpuHotPaths.exe	std::basic_string<char,std::char_traits<char>,std::allocator<char> >::find_first_of	xstring	0x14017ff5d
                               std::vector<std::basic_string<char,std::char_traits<char>,std::allocator<char> >,std::allocator<std::basic_string<char,std::char_traits<char>,std::allocator<char> > > >::push_back	0.076645	0.079346	0.0		0.014294	0.014294	0.0	0.0	CpuHotPaths.exe	std::vector<std::basic_string<char,std::char_traits<char>,std::allocator<char> >,std::allocator<std::basic_string<char,std::char_traits<char>,std::allocator<char> > > >::push_back	vector	0x14017fe59
                               std::basic_string<char,std::char_traits<char>,std::allocator<char> >::substr	0.073861	0.076464	0.0		0.013775	0.013775	0.0	0.0	CpuHotPaths.exe	std::basic_string<char,std::char_traits<char>,std::allocator<char> >::substr	xstring	0x14017fe09
                             std::vector<std::basic_string<char,std::char_traits<char>,std::allocator<char> >,std::allocator<std::basic_string<char,std::char_traits<char>,std::allocator<char> > > >::{ctor}	0.077032	0.079747	0.0		0.014366	0.014366	0.0	0.0	CpuHotPaths.exe	std::vector<std::basic_string<char,std::char_traits<char>,std::allocator<char> >,std::allocator<std::basic_string<char,std::char_traits<char>,std::allocator<char> > > >::{ctor}	vector	0x14016bb9c
                            MaterialX_v1_39_6::FilePath::{ctor}	0.076655	0.079356	0.0		0.0	0.0	0.0	0.0	CpuHotPaths.exe	MaterialX_v1_39_6::FilePath::{ctor}	File.h	0x14016bdc8
                             MaterialX_v1_39_6::FilePath::assign	0.076655	0.079356	0.0		0.0	0.0	0.0	0.0	CpuHotPaths.exe	MaterialX_v1_39_6::FilePath::assign(class std::basic_string<char,struct std::char_traits<char>,class std::allocator<char> > const &)	File.cpp	0x1400cbbd0
                              MaterialX_v1_39_6::splitString	0.076655	0.079356	0.0		0.0	0.0	0.0	0.0	CpuHotPaths.exe	MaterialX_v1_39_6::splitString(class std::basic_string<char,struct std::char_traits<char>,class std::allocator<char> > const &,class std::basic_string<char,struct std::char_traits<char>,class std::allocator<char> > const &)	Util.cpp	0x14017fd80
                               std::basic_string<char,struct std::char_traits<char>,class std::allocator<char> >::find_first_of	0.076655	0.079356	0.0		0.014296	0.014296	0.0	0.0	CpuHotPaths.exe	std::basic_string<char,struct std::char_traits<char>,class std::allocator<char> >::find_first_of(class std::basic_string<char,struct std::char_traits<char>,class std::allocator<char> > const &,unsigned __int64)	xstring	0x14017ec30
                            std::vector<std::basic_string<char,std::char_traits<char>,std::allocator<char> >,std::allocator<std::basic_string<char,std::char_traits<char>,std::allocator<char> > > >::operator=	0.073108	0.075685	0.0		0.013635	0.013635	0.0	0.0	CpuHotPaths.exe	std::vector<std::basic_string<char,std::char_traits<char>,std::allocator<char> >,std::allocator<std::basic_string<char,std::char_traits<char>,std::allocator<char> > > >::operator=	vector	0x14016bdfb
                           MaterialX_v1_39_6::Syntax::makeValidName	0.153650	0.159065	0.0		0.0	0.0	0.0	0.0	CpuHotPaths.exe	MaterialX_v1_39_6::Syntax::makeValidName(class std::basic_string<char,struct std::char_traits<char>,class std::allocator<char> > &)	Syntax.cpp	0x140149900
                            std::_Tree<std::_Tset_traits<std::basic_string<char,std::char_traits<char>,std::allocator<char> >,std::less<std::basic_string<char,std::char_traits<char>,std::allocator<char> > >,std::allocator<std::basic_string<char,std::char_traits<char>,std::allocator<char> > >,0> >::find	0.078025	0.080774	0.0		0.014552	0.014552	0.0	0.0	CpuHotPaths.exe	std::_Tree<std::_Tset_traits<std::basic_string<char,std::char_traits<char>,std::allocator<char> >,std::less<std::basic_string<char,std::char_traits<char>,std::allocator<char> > >,std::allocator<std::basic_string<char,std::char_traits<char>,std::allocator<char> > >,0> >::find	xtree	0x1401499f7
                            MaterialX_v1_39_6::replaceSubstrings	0.075625	0.078291	0.0		0.0	0.0	0.0	0.0	CpuHotPaths.exe	MaterialX_v1_39_6::replaceSubstrings(class std::basic_string<char,struct std::char_traits<char>,class std::allocator<char> >,class std::unordered_map<class std::basic_string<char,struct std::char_traits<char>,class std::allocator<char> >,class std::basic_string<char,struct std::char_traits<char>,class std::allocator<char> >,struct std::hash<class std::basic_string<char,struct std::char_traits<char>,class std::allocator<char> > >,struct std::equal_to<class std::basic_string<char,struct std::char_traits<char>,class std::allocator<char> > >,class std::allocator<struct std::pair<class std::basic_string<char,struct std::char_traits<char>,class std::allocator<char> > const ,class std::basic_string<char,struct std::char_traits<char>,class std::allocator<char> > > > > const &)	Util.cpp	0x14017fb10
                             std::basic_string<char,std::char_traits<char>,std::allocator<char> >::find	0.075625	0.078291	0.0		0.014104	0.014104	0.0	0.0	CpuHotPaths.exe	std::basic_string<char,std::char_traits<char>,std::allocator<char> >::find	xstring	0x14017fb70
                           std::basic_string<char,std::char_traits<char>,std::allocator<char> >::operator=	0.078916	0.081697	0.0		0.014718	0.014718	0.0	0.0	CpuHotPaths.exe	std::basic_string<char,std::char_traits<char>,std::allocator<char> >::operator=	xstring	0x14016b4ad
                           std::basic_string<char,std::char_traits<char>,std::allocator<char> >::{ctor}	0.076550	0.079248	0.0		0.014276	0.014276	0.0	0.0	CpuHotPaths.exe	std::basic_string<char,std::char_traits<char>,std::allocator<char> >::{ctor}	xstring	0x14016b3bf
                           MaterialX_v1_39_6::Element::isA	0.076081	0.078762	0.0		0.0	0.0	0.0	0.0	CpuHotPaths.exe	MaterialX_v1_39_6::Element::isA	Element.h	0x14016b31f
                            MaterialX_v1_39_6::Element::asA<class MaterialX_v1_39_6::Implementation>	0.076081	0.078762	0.0		0.0	0.0	0.0	0.0	CpuHotPaths.exe	MaterialX_v1_39_6::Element::asA<class MaterialX_v1_39_6::Implementation>(void)	Element.cpp	0x1400da510
                             std::dynamic_pointer_cast	0.076081	0.078762	0.0		0.014189	0.014189	0.0	0.0	CpuHotPaths.exe	std::dynamic_pointer_cast	memory	0x1400da558
                           MaterialX_v1_39_6::ShaderNodeImpl::initialize	0.075005	0.077649	0.0		0.0	0.0	0.0	0.0	CpuHotPaths.exe	MaterialX_v1_39_6::ShaderNodeImpl::initialize(class MaterialX_v1_39_6::InterfaceElement const &,class MaterialX_v1_39_6::GenContext &)	ShaderNodeImpl.cpp	0x140168bc0
                            std::basic_string<char,std::char_traits<char>,std::allocator<char> >::operator=	0.075005	0.077649	0.0		0.0	0.0	0.0	0.0	CpuHotPaths.exe	std::basic_string<char,std::char_traits<char>,std::allocator<char> >::operator=	xstring	0x140168bd5
                             operator new	0.075005	0.077649	0.0		0.013988	0.013988	0.0	0.0	CpuHotPaths.exe	operator new(unsigned __int64)	new_scalar.cpp	0x140234c58
                          MaterialX_v1_39_6::CompoundNode::initialize	2.522850	2.531679	2.272296		0.0	0.0	0.0	0.0	CpuHotPaths.exe	MaterialX_v1_39_6::CompoundNode::initialize(class MaterialX_v1_39_6::InterfaceElement const &,class MaterialX_v1_39_6::GenContext &)	CompoundNode.cpp	0x140168580
                           MaterialX_v1_39_6::ShaderGraph::create	2.522850	2.531679	2.272296		0.0	0.0	0.0	0.0	CpuHotPaths.exe	MaterialX_v1_39_6::ShaderGraph::create(class MaterialX_v1_39_6::ShaderGraph const *,class MaterialX_v1_39_6::NodeGraph const &,class MaterialX_v1_39_6::GenContext &)	ShaderGraph.cpp	0x140161a60
                            MaterialX_v1_39_6::ShaderGraph::addUpstreamDependencies	2.217909	2.215992	2.272296		0.0	0.0	0.0	0.0	CpuHotPaths.exe	MaterialX_v1_39_6::ShaderGraph::addUpstreamDependencies(class MaterialX_v1_39_6::Element const &,class MaterialX_v1_39_6::GenContext &)	ShaderGraph.cpp	0x14015e1a0
                             MaterialX_v1_39_6::ShaderGraph::createConnectedNodes	1.837405	1.822079	2.272296		0.0	0.0	0.0	0.0	CpuHotPaths.exe	MaterialX_v1_39_6::ShaderGraph::createConnectedNodes(class std::shared_ptr<class MaterialX_v1_39_6::Element> const &,class std::shared_ptr<class MaterialX_v1_39_6::Element> const &,class std::shared_ptr<class MaterialX_v1_39_6::Element>,class MaterialX_v1_39_6::GenContext &)	ShaderGraph.cpp	0x140161e40
                              MaterialX_v1_39_6::ShaderGraph::createNode	1.757929	1.739802	2.272296		0.0	0.0	0.0	0.0	CpuHotPaths.exe	MaterialX_v1_39_6::ShaderGraph::createNode(class std::shared_ptr<class MaterialX_v1_39_6::Node const >,class MaterialX_v1_39_6::GenContext &)	ShaderGraph.cpp	0x140162d90
                               MaterialX_v1_39_6::ShaderGraph::createNode	1.073690	1.031449	2.272296		0.0	0.0	0.0	0.0	CpuHotPaths.exe	MaterialX_v1_39_6::ShaderGraph::createNode(class std::basic_string<char,struct std::char_traits<char>,class std::allocator<char> > const &,class std::basic_string<char,struct std::char_traits<char>,class std::allocator<char> > const &,class std::shared_ptr<class MaterialX_v1_39_6::NodeDef const >,class MaterialX_v1_39_6::GenContext &)	ShaderGraph.cpp	0x140162b10
                                MaterialX_v1_39_6::ShaderNode::create	0.923276	0.875734	2.272296		0.0	0.0	0.0	0.0	CpuHotPaths.exe	MaterialX_v1_39_6::ShaderNode::create(class MaterialX_v1_39_6::ShaderGraph const *,class std::basic_string<char,struct std::char_traits<char>,class std::allocator<char> > const &,class MaterialX_v1_39_6::NodeDef const &,class MaterialX_v1_39_6::GenContext &)	ShaderNode.cpp	0x1401413a0
                                 MaterialX_v1_39_6::ShaderGenerator::getImplementation	0.847096	0.796870	2.272296		0.0	0.0	0.0	0.0	CpuHotPaths.exe	MaterialX_v1_39_6::ShaderGenerator::getImplementation(class MaterialX_v1_39_6::NodeDef const &,class MaterialX_v1_39_6::GenContext &)	ShaderGenerator.cpp	0x14014f640
                                  MaterialX_v1_39_6::CompoundNode::initialize	0.545299	0.484437	2.272296		0.0	0.0	0.0	0.0	CpuHotPaths.exe	MaterialX_v1_39_6::CompoundNode::initialize(class MaterialX_v1_39_6::InterfaceElement const &,class MaterialX_v1_39_6::GenContext &)	CompoundNode.cpp	0x140168580
                                   MaterialX_v1_39_6::ShaderGraph::create	0.545299	0.484437	2.272296		0.0	0.0	0.0	0.0	CpuHotPaths.exe	MaterialX_v1_39_6::ShaderGraph::create(class MaterialX_v1_39_6::ShaderGraph const *,class MaterialX_v1_39_6::NodeGraph const &,class MaterialX_v1_39_6::GenContext &)	ShaderGraph.cpp	0x140161a60
                                    MaterialX_v1_39_6::ShaderGraph::addUpstreamDependencies	0.464149	0.400427	2.272296		0.0	0.0	0.0	0.0	CpuHotPaths.exe	MaterialX_v1_39_6::ShaderGraph::addUpstreamDependencies(class MaterialX_v1_39_6::Element const &,class MaterialX_v1_39_6::GenContext &)	ShaderGraph.cpp	0x14015e1a0
                                     MaterialX_v1_39_6::ShaderGraph::createConnectedNodes	0.464149	0.400427	2.272296		0.0	0.0	0.0	0.0	CpuHotPaths.exe	MaterialX_v1_39_6::ShaderGraph::createConnectedNodes(class std::shared_ptr<class MaterialX_v1_39_6::Element> const &,class std::shared_ptr<class MaterialX_v1_39_6::Element> const &,class std::shared_ptr<class MaterialX_v1_39_6::Element>,class MaterialX_v1_39_6::GenContext &)	ShaderGraph.cpp	0x140161e40
                                      MaterialX_v1_39_6::ShaderGraph::createNode	0.464149	0.400427	2.272296		0.0	0.0	0.0	0.0	CpuHotPaths.exe	MaterialX_v1_39_6::ShaderGraph::createNode(class std::shared_ptr<class MaterialX_v1_39_6::Node const >,class MaterialX_v1_39_6::GenContext &)	ShaderGraph.cpp	0x140162d90
                                       MaterialX_v1_39_6::Node::getNodeDef	0.150563	0.155869	0.0		0.0	0.0	0.0	0.0	CpuHotPaths.exe	MaterialX_v1_39_6::Node::getNodeDef(class std::basic_string<char,struct std::char_traits<char>,class std::allocator<char> > const &,bool)	Node.cpp	0x1401c5130
                                        MaterialX_v1_39_6::InterfaceElement::hasExactInputMatch	0.077334	0.080059	0.0		0.0	0.0	0.0	0.0	CpuHotPaths.exe	MaterialX_v1_39_6::InterfaceElement::hasExactInputMatch(class std::shared_ptr<class MaterialX_v1_39_6::InterfaceElement const >,class std::basic_string<char,struct std::char_traits<char>,class std::allocator<char> > *)	Interface.cpp	0x1401cafc0
                                         MaterialX_v1_39_6::Element::getAttribute	0.077334	0.080059	0.0		0.0	0.0	0.0	0.0	CpuHotPaths.exe	MaterialX_v1_39_6::Element::getAttribute(class std::basic_string<char,struct std::char_traits<char>,class std::allocator<char> > const &)	Element.h	0x1400b15f0
                                          std::_Hash<std::_Umap_traits<std::basic_string<char,std::char_traits<char>,std::allocator<char> >,std::basic_string<char,std::char_traits<char>,std::allocator<char> >,std::_Uhash_compare<std::basic_string<char,std::char_traits<char>,std::allocator<char> >,std::hash<std::basic_string<char,std::char_traits<char>,std::allocator<char> > >,std::equal_to<std::basic_string<char,std::char_traits<char>,std::allocator<char> > > >,std::allocator<std::pair<std::basic_string<char,std::char_traits<char>,std::allocator<char> > const ,std::basic_string<char,std::char_traits<char>,std::allocator<char> > > >,0> >::find	0.077334	0.080059	0.0		0.014423	0.014423	0.0	0.0	CpuHotPaths.exe	std::_Hash<std::_Umap_traits<std::basic_string<char,std::char_traits<char>,std::allocator<char> >,std::basic_string<char,std::char_traits<char>,std::allocator<char> >,std::_Uhash_compare<std::basic_string<char,std::char_traits<char>,std::allocator<char> >,std::hash<std::basic_string<char,std::char_traits<char>,std::allocator<char> > >,std::equal_to<std::basic_string<char,std::char_traits<char>,std::allocator<char> > > >,std::allocator<std::pair<std::basic_string<char,std::char_traits<char>,std::allocator<char> > const ,std::basic_string<char,std::char_traits<char>,std::allocator<char> > > >,0> >::find	xhash	0x1400b15fa
                                        MaterialX_v1_39_6::NodeDef::getType	0.073230	0.075810	0.0		0.0	0.0	0.0	0.0	CpuHotPaths.exe	MaterialX_v1_39_6::NodeDef::getType(void)	Definition.cpp	0x1400e75f0
                                         MaterialX_v1_39_6::InterfaceElement::getActiveOutputs	0.073230	0.075810	0.0		0.0	0.0	0.0	0.0	CpuHotPaths.exe	MaterialX_v1_39_6::InterfaceElement::getActiveOutputs(void)	Interface.cpp	0x1401d17b0
                                          MaterialX_v1_39_6::InterfaceElement::getOutputs	0.073230	0.075810	0.0		0.0	0.0	0.0	0.0	CpuHotPaths.exe	MaterialX_v1_39_6::InterfaceElement::getOutputs	Interface.h	0x1401d17fe
                                           MaterialX_v1_39_6::Element::getChildrenOfType<class MaterialX_v1_39_6::Output>	0.073230	0.075810	0.0		0.0	0.0	0.0	0.0	CpuHotPaths.exe	MaterialX_v1_39_6::Element::getChildrenOfType<class MaterialX_v1_39_6::Output>(class std::basic_string<char,struct std::char_traits<char>,class std::allocator<char> > const &)	Element.cpp	0x14019fb70
                                            std::shared_ptr<MaterialX_v1_39_6::Element>::{ctor}	0.073230	0.075810	0.0		0.013657	0.013657	0.0	0.0	CpuHotPaths.exe	std::shared_ptr<MaterialX_v1_39_6::Element>::{ctor}	memory	0x14019fd85
                                       MaterialX_v1_39_6::ShaderGraph::applyInputTransforms	0.080216	0.083043	0.0		0.0	0.0	0.0	0.0	CpuHotPaths.exe	MaterialX_v1_39_6::ShaderGraph::applyInputTransforms(class std::shared_ptr<class MaterialX_v1_39_6::Node const >,class MaterialX_v1_39_6::ShaderNode *,class MaterialX_v1_39_6::GenContext &)	ShaderGraph.cpp	0x14015ece0
                                        MaterialX_v1_39_6::InterfaceElement::getInputs	0.080216	0.083043	0.0		0.0	0.0	0.0	0.0	CpuHotPaths.exe	MaterialX_v1_39_6::InterfaceElement::getInputs	Interface.h	0x14015ed99
                                         MaterialX_v1_39_6::Element::getChildrenOfType<class MaterialX_v1_39_6::Input>	0.080216	0.083043	0.0		0.0	0.0	0.0	0.0	CpuHotPaths.exe	MaterialX_v1_39_6::Element::getChildrenOfType<class MaterialX_v1_39_6::Input>(class std::basic_string<char,struct std::char_traits<char>,class std::allocator<char> > const &)	Element.cpp	0x14019ab80
                                          std::vector<std::shared_ptr<MaterialX_v1_39_6::Input>,std::allocator<std::shared_ptr<MaterialX_v1_39_6::Input> > >::push_back	0.080216	0.083043	0.0		0.0	0.0	0.0	0.0	CpuHotPaths.exe	std::vector<std::shared_ptr<MaterialX_v1_39_6::Input>,std::allocator<std::shared_ptr<MaterialX_v1_39_6::Input> > >::push_back	vector	0x14019ae7b
                                           operator new	0.080216	0.083043	0.0		0.0	0.0	0.0	0.0	CpuHotPaths.exe	operator new(unsigned __int64)	new_scalar.cpp	0x140234c58
                                            malloc_base	0.080216	0.083043	0.0		0.014960	0.014960	0.0	0.0	ucrtbase.dll	malloc_base	[Unknown]	0x1800050a0
                                       MaterialX_v1_39_6::InterfaceElement::getInput	0.079436	0.082235	0.0		0.0	0.0	0.0	0.0	CpuHotPaths.exe	MaterialX_v1_39_6::InterfaceElement::getInput	Interface.h	0x1401631a9
                                        MaterialX_v1_39_6::Element::getChildOfType<class MaterialX_v1_39_6::Input>	0.079436	0.082235	0.0		0.0	0.0	0.0	0.0	CpuHotPaths.exe	MaterialX_v1_39_6::Element::getChildOfType<class MaterialX_v1_39_6::Input>(class std::basic_string<char,struct std::char_traits<char>,class std::allocator<char> > const &)	Element.cpp	0x140127ca0
                                         MaterialX_v1_39_6::Element::getChild	0.079436	0.082235	0.0		0.0	0.0	0.0	0.0	CpuHotPaths.exe	MaterialX_v1_39_6::Element::getChild(class std::basic_string<char,struct std::char_traits<char>,class std::allocator<char> > const &)	Element.cpp	0x1400ef910
                                          std::_Hash<std::_Umap_traits<std::basic_string<char,std::char_traits<char>,std::allocator<char> >,std::shared_ptr<MaterialX_v1_39_6::Element>,std::_Uhash_compare<std::basic_string<char,std::char_traits<char>,std::allocator<char> >,std::hash<std::basic_string<char,std::char_traits<char>,std::allocator<char> > >,std::equal_to<std::basic_string<char,std::char_traits<char>,std::allocator<char> > > >,std::allocator<std::pair<std::basic_string<char,std::char_traits<char>,std::allocator<char> > const ,std::shared_ptr<MaterialX_v1_39_6::Element> > >,0> >::find	0.079436	0.082235	0.0		0.014815	0.014815	0.0	0.0	CpuHotPaths.exe	std::_Hash<std::_Umap_traits<std::basic_string<char,std::char_traits<char>,std::allocator<char> >,std::shared_ptr<MaterialX_v1_39_6::Element>,std::_Uhash_compare<std::basic_string<char,std::char_traits<char>,std::allocator<char> >,std::hash<std::basic_string<char,std::char_traits<char>,std::allocator<char> > >,std::equal_to<std::basic_string<char,std::char_traits<char>,std::allocator<char> > > >,std::allocator<std::pair<std::basic_string<char,std::char_traits<char>,std::allocator<char> > const ,std::shared_ptr<MaterialX_v1_39_6::Element> > >,0> >::find	xhash	0x1400ef936
                                       MaterialX_v1_39_6::ShaderGraph::createNode	0.077353	0.0	2.272296		0.0	0.0	0.0	0.0	CpuHotPaths.exe	MaterialX_v1_39_6::ShaderGraph::createNode(class std::basic_string<char,struct std::char_traits<char>,class std::allocator<char> > const &,class std::basic_string<char,struct std::char_traits<char>,class std::allocator<char> > const &,class std::shared_ptr<class MaterialX_v1_39_6::NodeDef const >,class MaterialX_v1_39_6::GenContext &)	ShaderGraph.cpp	0x140162b10
                                        MaterialX_v1_39_6::ShaderNode::create	0.077353	0.0	2.272296		0.0	0.0	0.0	0.0	CpuHotPaths.exe	MaterialX_v1_39_6::ShaderNode::create(class MaterialX_v1_39_6::ShaderGraph const *,class std::basic_string<char,struct std::char_traits<char>,class std::allocator<char> > const &,class MaterialX_v1_39_6::NodeDef const &,class MaterialX_v1_39_6::GenContext &)	ShaderNode.cpp	0x1401413a0
                                         MaterialX_v1_39_6::ValueElement::getResolvedValue	0.077353	0.0	2.272296		0.0	0.0	0.0	0.0	CpuHotPaths.exe	MaterialX_v1_39_6::ValueElement::getResolvedValue(class std::shared_ptr<class MaterialX_v1_39_6::StringResolver>)	Element.cpp	0x14015d180
                                          MaterialX_v1_39_6::Value::createValueFromStrings	0.077353	0.0	2.272296		0.0	0.0	0.0	0.0	CpuHotPaths.exe	MaterialX_v1_39_6::Value::createValueFromStrings(class std::basic_string<char,struct std::char_traits<char>,class std::allocator<char> > const &,class std::basic_string<char,struct std::char_traits<char>,class std::allocator<char> > const &,class std::shared_ptr<class MaterialX_v1_39_6::TypeDef const >)	Value.cpp	0x140202b00
                                           MaterialX_v1_39_6::TypedValue<class MaterialX_v1_39_6::Color3>::createFromString	0.077353	0.0	2.272296		0.0	0.0	0.0	0.0	CpuHotPaths.exe	MaterialX_v1_39_6::TypedValue<class MaterialX_v1_39_6::Color3>::createFromString(class std::basic_string<char,struct std::char_traits<char>,class std::allocator<char> > const &)	Value.cpp	0x140201d00
                                            MaterialX_v1_39_6::fromValueString	0.077353	0.0	2.272296		0.0	0.0	0.0	0.0	CpuHotPaths.exe	MaterialX_v1_39_6::fromValueString	Value.cpp	0x140201d2a
                                             MaterialX_v1_39_6::fromValueString<float>	0.077353	0.0	2.272296		0.0	0.0	0.0	0.0	CpuHotPaths.exe	MaterialX_v1_39_6::fromValueString<float>(class std::basic_string<char,struct std::char_traits<char>,class std::allocator<char> > const &)	Value.cpp	0x1401fb630
                                              func@0x180045990	0.077353	0.0	2.272296		0.014426	0.0	0.014426	0.0	MSVCP140.dll	func@0x180045990	[Unknown]	0x180045990
                                       MaterialX_v1_39_6::ShaderNode::initialize	0.076581	0.079280	0.0		0.0	0.0	0.0	0.0	CpuHotPaths.exe	MaterialX_v1_39_6::ShaderNode::initialize(class MaterialX_v1_39_6::Node const &,class MaterialX_v1_39_6::NodeDef const &,class MaterialX_v1_39_6::GenContext &)	ShaderNode.cpp	0x140143bd0
                                        MaterialX_v1_39_6::ValueElement::getResolvedValue	0.076581	0.079280	0.0		0.0	0.0	0.0	0.0	CpuHotPaths.exe	MaterialX_v1_39_6::ValueElement::getResolvedValue(class std::shared_ptr<class MaterialX_v1_39_6::StringResolver>)	Element.cpp	0x14015d180
                                         MaterialX_v1_39_6::ValueElement::getResolvedValueString	0.076581	0.079280	0.0		0.0	0.0	0.0	0.0	CpuHotPaths.exe	MaterialX_v1_39_6::ValueElement::getResolvedValueString(class std::shared_ptr<class MaterialX_v1_39_6::StringResolver>)	Element.cpp	0x14015ea30
                                          MaterialX_v1_39_6::Element::getAttribute	0.076581	0.079280	0.0		0.0	0.0	0.0	0.0	CpuHotPaths.exe	MaterialX_v1_39_6::Element::getAttribute(class std::basic_string<char,struct std::char_traits<char>,class std::allocator<char> > const &)	Element.h	0x1400b15f0
                                           std::_Hash<std::_Umap_traits<std::basic_string<char,std::char_traits<char>,std::allocator<char> >,std::basic_string<char,std::char_traits<char>,std::allocator<char> >,std::_Uhash_compare<std::basic_string<char,std::char_traits<char>,std::allocator<char> >,std::hash<std::basic_string<char,std::char_traits<char>,std::allocator<char> > >,std::equal_to<std::basic_string<char,std::char_traits<char>,std::allocator<char> > > >,std::allocator<std::pair<std::basic_string<char,std::char_traits<char>,std::allocator<char> > const ,std::basic_string<char,std::char_traits<char>,std::allocator<char> > > >,0> >::find	0.076581	0.079280	0.0		0.014282	0.014282	0.0	0.0	CpuHotPaths.exe	std::_Hash<std::_Umap_traits<std::basic_string<char,std::char_traits<char>,std::allocator<char> >,std::basic_string<char,std::char_traits<char>,std::allocator<char> >,std::_Uhash_compare<std::basic_string<char,std::char_traits<char>,std::allocator<char> >,std::hash<std::basic_string<char,std::char_traits<char>,std::allocator<char> > >,std::equal_to<std::basic_string<char,std::char_traits<char>,std::allocator<char> > > >,std::allocator<std::pair<std::basic_string<char,std::char_traits<char>,std::allocator<char> > const ,std::basic_string<char,std::char_traits<char>,std::allocator<char> > > >,0> >::find	xhash	0x1400b15fa
                                    MaterialX_v1_39_6::ShaderGraph::addInputSockets	0.081150	0.084010	0.0		0.0	0.0	0.0	0.0	CpuHotPaths.exe	MaterialX_v1_39_6::ShaderGraph::addInputSockets(class MaterialX_v1_39_6::InterfaceElement const &,class MaterialX_v1_39_6::GenContext &)	ShaderGraph.cpp	0x14015c800
                                     MaterialX_v1_39_6::ValueElement::getResolvedValue	0.081150	0.084010	0.0		0.0	0.0	0.0	0.0	CpuHotPaths.exe	MaterialX_v1_39_6::ValueElement::getResolvedValue(class std::shared_ptr<class MaterialX_v1_39_6::StringResolver>)	Element.cpp	0x14015d180
                                      MaterialX_v1_39_6::Value::createValueFromStrings	0.081150	0.084010	0.0		0.0	0.0	0.0	0.0	CpuHotPaths.exe	MaterialX_v1_39_6::Value::createValueFromStrings(class std::basic_string<char,struct std::char_traits<char>,class std::allocator<char> > const &,class std::basic_string<char,struct std::char_traits<char>,class std::allocator<char> > const &,class std::shared_ptr<class MaterialX_v1_39_6::TypeDef const >)	Value.cpp	0x140202b00
                                       MaterialX_v1_39_6::TypedValue<class MaterialX_v1_39_6::Color3>::createFromString	0.081150	0.084010	0.0		0.0	0.0	0.0	0.0	CpuHotPaths.exe	MaterialX_v1_39_6::TypedValue<class MaterialX_v1_39_6::Color3>::createFromString(class std::basic_string<char,struct std::char_traits<char>,class std::allocator<char> > const &)	Value.cpp	0x140201d00
                                        MaterialX_v1_39_6::fromValueString	0.081150	0.084010	0.0		0.0	0.0	0.0	0.0	CpuHotPaths.exe	MaterialX_v1_39_6::fromValueString	Value.cpp	0x140201d2a
                                         MaterialX_v1_39_6::fromValueString<float>	0.081150	0.084010	0.0		0.0	0.0	0.0	0.0	CpuHotPaths.exe	MaterialX_v1_39_6::fromValueString<float>(class std::basic_string<char,struct std::char_traits<char>,class std::allocator<char> > const &)	Value.cpp	0x1401fb630
                                          std::basic_stringstream<char,std::char_traits<char>,std::allocator<char> >::{dtor}	0.081150	0.084010	0.0		0.015134	0.015134	0.0	0.0	CpuHotPaths.exe	std::basic_stringstream<char,std::char_traits<char>,std::allocator<char> >::{dtor}	sstream	0x1401fb755
                                  MaterialX_v1_39_6::NodeDef::getImplementation	0.301797	0.312433	0.0		0.0	0.0	0.0	0.0	CpuHotPaths.exe	MaterialX_v1_39_6::NodeDef::getImplementation(class std::basic_string<char,struct std::char_traits<char>,class std::allocator<char> > const &,bool)	Definition.cpp	0x1401bd2b0
                                   std::shared_ptr<MaterialX_v1_39_6::TargetDef>::{dtor}	0.077051	0.079767	0.0		0.014370	0.014370	0.0	0.0	CpuHotPaths.exe	std::shared_ptr<MaterialX_v1_39_6::TargetDef>::{dtor}	memory	0x1401bdc9e
                                   MaterialX_v1_39_6::InterfaceElement::getTarget	0.074994	0.077637	0.0		0.0	0.0	0.0	0.0	CpuHotPaths.exe	MaterialX_v1_39_6::InterfaceElement::getTarget	Interface.h	0x1401bda0f
                                    MaterialX_v1_39_6::Element::getAttribute	0.074994	0.077637	0.0		0.0	0.0	0.0	0.0	CpuHotPaths.exe	MaterialX_v1_39_6::Element::getAttribute(class std::basic_string<char,struct std::char_traits<char>,class std::allocator<char> > const &)	Element.h	0x1400b15f0
                                     std::_Hash<std::_Umap_traits<std::basic_string<char,std::char_traits<char>,std::allocator<char> >,std::basic_string<char,std::char_traits<char>,std::allocator<char> >,std::_Uhash_compare<std::basic_string<char,std::char_traits<char>,std::allocator<char> >,std::hash<std::basic_string<char,std::char_traits<char>,std::allocator<char> > >,std::equal_to<std::basic_string<char,std::char_traits<char>,std::allocator<char> > > >,std::allocator<std::pair<std::basic_string<char,std::char_traits<char>,std::allocator<char> > const ,std::basic_string<char,std::char_traits<char>,std::allocator<char> > > >,0> >::find	0.074994	0.077637	0.0		0.013986	0.013986	0.0	0.0	CpuHotPaths.exe	std::_Hash<std::_Umap_traits<std::basic_string<char,std::char_traits<char>,std::allocator<char> >,std::basic_string<char,std::char_traits<char>,std::allocator<char> >,std::_Uhash_compare<std::basic_string<char,std::char_traits<char>,std::allocator<char> >,std::hash<std::basic_string<char,std::char_traits<char>,std::allocator<char> > >,std::equal_to<std::basic_string<char,std::char_traits<char>,std::allocator<char> > > >,std::allocator<std::pair<std::basic_string<char,std::char_traits<char>,std::allocator<char> > const ,std::basic_string<char,std::char_traits<char>,std::allocator<char> > > >,0> >::find	xhash	0x1400b15fa
                                   MaterialX_v1_39_6::Document::getMatchingImplementations	0.074878	0.077516	0.0		0.0	0.0	0.0	0.0	CpuHotPaths.exe	MaterialX_v1_39_6::Document::getMatchingImplementations(class std::basic_string<char,struct std::char_traits<char>,class std::allocator<char> > const &)	Document.cpp	0x1401f0a60
                                    MaterialX_v1_39_6::Document::Cache::getMatchingImplementations	0.074878	0.077516	0.0		0.0	0.0	0.0	0.0	CpuHotPaths.exe	MaterialX_v1_39_6::Document::Cache::getMatchingImplementations(class std::basic_string<char,struct std::char_traits<char>,class std::allocator<char> > const &)	Document.cpp	0x1401f0620
                                     std::vector<std::shared_ptr<MaterialX_v1_39_6::InterfaceElement>,std::allocator<std::shared_ptr<MaterialX_v1_39_6::InterfaceElement> > >::{ctor}	0.074878	0.077516	0.0		0.013965	0.013965	0.0	0.0	CpuHotPaths.exe	std::vector<std::shared_ptr<MaterialX_v1_39_6::InterfaceElement>,std::allocator<std::shared_ptr<MaterialX_v1_39_6::InterfaceElement> > >::{ctor}	vector	0x1401f06d8
                                   MaterialX_v1_39_6::Implementation::hasNodeGraph	0.074874	0.077513	0.0		0.0	0.0	0.0	0.0	CpuHotPaths.exe	MaterialX_v1_39_6::Implementation::hasNodeGraph	Definition.h	0x1401bd4bb
                                    MaterialX_v1_39_6::Element::hasAttribute	0.074874	0.077513	0.0		0.0	0.0	0.0	0.0	CpuHotPaths.exe	MaterialX_v1_39_6::Element::hasAttribute	Element.h	0x1401bd4bb
                                     std::_Hash<std::_Umap_traits<std::basic_string<char,std::char_traits<char>,std::allocator<char> >,std::basic_string<char,std::char_traits<char>,std::allocator<char> >,std::_Uhash_compare<std::basic_string<char,std::char_traits<char>,std::allocator<char> >,std::hash<std::basic_string<char,std::char_traits<char>,std::allocator<char> > >,std::equal_to<std::basic_string<char,std::char_traits<char>,std::allocator<char> > > >,std::allocator<std::pair<std::basic_string<char,std::char_traits<char>,std::allocator<char> > const ,std::basic_string<char,std::char_traits<char>,std::allocator<char> > > >,0> >::count	0.074874	0.077513	0.0		0.013964	0.013964	0.0	0.0	CpuHotPaths.exe	std::_Hash<std::_Umap_traits<std::basic_string<char,std::char_traits<char>,std::allocator<char> >,std::basic_string<char,std::char_traits<char>,std::allocator<char> >,std::_Uhash_compare<std::basic_string<char,std::char_traits<char>,std::allocator<char> >,std::hash<std::basic_string<char,std::char_traits<char>,std::allocator<char> > >,std::equal_to<std::basic_string<char,std::char_traits<char>,std::allocator<char> > > >,std::allocator<std::pair<std::basic_string<char,std::char_traits<char>,std::allocator<char> > const ,std::basic_string<char,std::char_traits<char>,std::allocator<char> > > >,0> >::count	xhash	0x1401bd4c2
                                 MaterialX_v1_39_6::ValueElement::getResolvedValue	0.076180	0.078865	0.0		0.0	0.0	0.0	0.0	CpuHotPaths.exe	MaterialX_v1_39_6::ValueElement::getResolvedValue(class std::shared_ptr<class MaterialX_v1_39_6::StringResolver>)	Element.cpp	0x14015d180
                                  MaterialX_v1_39_6::Value::createValueFromStrings	0.076180	0.078865	0.0		0.0	0.0	0.0	0.0	CpuHotPaths.exe	MaterialX_v1_39_6::Value::createValueFromStrings(class std::basic_string<char,struct std::char_traits<char>,class std::allocator<char> > const &,class std::basic_string<char,struct std::char_traits<char>,class std::allocator<char> > const &,class std::shared_ptr<class MaterialX_v1_39_6::TypeDef const >)	Value.cpp	0x140202b00
                                   MaterialX_v1_39_6::TypedValue<float>::createFromString	0.076180	0.078865	0.0		0.0	0.0	0.0	0.0	CpuHotPaths.exe	MaterialX_v1_39_6::TypedValue<float>::createFromString(class std::basic_string<char,struct std::char_traits<char>,class std::allocator<char> > const &)	Value.cpp	0x140201540
                                    MaterialX_v1_39_6::fromValueString<float>	0.076180	0.078865	0.0		0.0	0.0	0.0	0.0	CpuHotPaths.exe	MaterialX_v1_39_6::fromValueString<float>(class std::basic_string<char,struct std::char_traits<char>,class std::allocator<char> > const &)	Value.cpp	0x1401fb630
                                     func@0x180045990	0.076180	0.078865	0.0		0.014207	0.014207	0.0	0.0	MSVCP140.dll	func@0x180045990	[Unknown]	0x180045990
                                std::unordered_map<std::basic_string<char,std::char_traits<char>,std::allocator<char> >,std::shared_ptr<MaterialX_v1_39_6::ShaderNode>,std::hash<std::basic_string<char,std::char_traits<char>,std::allocator<char> > >,std::equal_to<std::basic_string<char,std::char_traits<char>,std::allocator<char> > >,std::allocator<std::pair<std::basic_string<char,std::char_traits<char>,std::allocator<char> > const ,std::shared_ptr<MaterialX_v1_39_6::ShaderNode> > > >::operator[]	0.150414	0.155714	0.0		0.028052	0.028052	0.0	0.0	CpuHotPaths.exe	std::unordered_map<std::basic_string<char,std::char_traits<char>,std::allocator<char> >,std::shared_ptr<MaterialX_v1_39_6::ShaderNode>,std::hash<std::basic_string<char,std::char_traits<char>,std::allocator<char> > >,std::equal_to<std::basic_string<char,std::char_traits<char>,std::allocator<char> > >,std::allocator<std::pair<std::basic_string<char,std::char_traits<char>,std::allocator<char> > const ,std::shared_ptr<MaterialX_v1_39_6::ShaderNode> > > >::operator[]	unordered_map	0x140162b92
                               MaterialX_v1_39_6::ShaderNode::initialize	0.307818	0.318666	0.0		0.0	0.0	0.0	0.0	CpuHotPaths.exe	MaterialX_v1_39_6::ShaderNode::initialize(class MaterialX_v1_39_6::Node const &,class MaterialX_v1_39_6::NodeDef const &,class MaterialX_v1_39_6::GenContext &)	ShaderNode.cpp	0x140143bd0
                                MaterialX_v1_39_6::InterfaceElement::getActiveValueElement	0.079584	0.082388	0.0		0.0	0.0	0.0	0.0	CpuHotPaths.exe	MaterialX_v1_39_6::InterfaceElement::getActiveValueElement(class std::basic_string<char,struct std::char_traits<char>,class std::allocator<char> > const &)	Interface.cpp	0x1401adb20
                                 MaterialX_v1_39_6::Element::traverseInheritance	0.079584	0.082388	0.0		0.0	0.0	0.0	0.0	CpuHotPaths.exe	MaterialX_v1_39_6::Element::traverseInheritance(void)	Element.cpp	0x1400ce740
                                  MaterialX_v1_39_6::InheritanceIterator::InheritanceIterator	0.079584	0.082388	0.0		0.0	0.0	0.0	0.0	CpuHotPaths.exe	MaterialX_v1_39_6::InheritanceIterator::InheritanceIterator(class std::shared_ptr<class MaterialX_v1_39_6::Element const >)	Traversal.h	0x1401b3840
                                   std::set<std::shared_ptr<MaterialX_v1_39_6::Element const >,std::less<std::shared_ptr<MaterialX_v1_39_6::Element const > >,std::allocator<std::shared_ptr<MaterialX_v1_39_6::Element const > > >::{ctor}	0.079584	0.082388	0.0		0.0	0.0	0.0	0.0	CpuHotPaths.exe	std::set<std::shared_ptr<MaterialX_v1_39_6::Element const >,std::less<std::shared_ptr<MaterialX_v1_39_6::Element const > >,std::allocator<std::shared_ptr<MaterialX_v1_39_6::Element const > > >::{ctor}	set	0x1401b388b
                                    operator new	0.079584	0.082388	0.0		0.0	0.0	0.0	0.0	CpuHotPaths.exe	operator new(unsigned __int64)	new_scalar.cpp	0x140234c58
                                     malloc_base	0.079584	0.082388	0.0		0.014842	0.014842	0.0	0.0	ucrtbase.dll	malloc_base	[Unknown]	0x1800050a0
                                MaterialX_v1_39_6::Element::getNamePath	0.076928	0.079639	0.0		0.0	0.0	0.0	0.0	CpuHotPaths.exe	MaterialX_v1_39_6::Element::getNamePath(class std::shared_ptr<class MaterialX_v1_39_6::Element const >)	Element.cpp	0x1401a41f0
                                 MaterialX_v1_39_6::Element::getSelf	0.076928	0.079639	0.0		0.0	0.0	0.0	0.0	CpuHotPaths.exe	MaterialX_v1_39_6::Element::getSelf	Element.h	0x1401a42fa
                                  std::enable_shared_from_this<MaterialX_v1_39_6::Element>::shared_from_this	0.076928	0.079639	0.0		0.014347	0.014347	0.0	0.0	CpuHotPaths.exe	std::enable_shared_from_this<MaterialX_v1_39_6::Element>::shared_from_this	memory	0x1401a42fa
                                MaterialX_v1_39_6::TypedValue<float>::getValueString	0.076615	0.079315	0.0		0.0	0.0	0.0	0.0	CpuHotPaths.exe	MaterialX_v1_39_6::TypedValue<float>::getValueString(void)	Value.cpp	0x1401f6810
                                 MaterialX_v1_39_6::toValueString<float>	0.076615	0.079315	0.0		0.0	0.0	0.0	0.0	CpuHotPaths.exe	MaterialX_v1_39_6::toValueString<float>(float const &)	Value.cpp	0x1401fe7e0
                                  std::basic_ostream<char,struct std::char_traits<char> >::operator<<	0.076615	0.079315	0.0		0.014289	0.014289	0.0	0.0	MSVCP140.dll	std::basic_ostream<char,struct std::char_traits<char> >::operator<<(float)	[Unknown]	0x18004fa10
                                MaterialX_v1_39_6::InterfaceElement::getActiveValueElements	0.074692	0.077324	0.0		0.0	0.0	0.0	0.0	CpuHotPaths.exe	MaterialX_v1_39_6::InterfaceElement::getActiveValueElements(void)	Interface.cpp	0x1401c8a10
                                 MaterialX_v1_39_6::InheritanceIterator::{dtor}	0.074692	0.077324	0.0		0.0	0.0	0.0	0.0	CpuHotPaths.exe	MaterialX_v1_39_6::InheritanceIterator::{dtor}	Traversal.h	0x1401c8e36
                                  std::shared_ptr<MaterialX_v1_39_6::Element const >::{dtor}	0.074692	0.077324	0.0		0.013930	0.013930	0.0	0.0	CpuHotPaths.exe	std::shared_ptr<MaterialX_v1_39_6::Element const >::{dtor}	memory	0x1401c8e59
                               MaterialX_v1_39_6::Node::getNodeDef	0.298860	0.309392	0.0		0.0	0.0	0.0	0.0	CpuHotPaths.exe	MaterialX_v1_39_6::Node::getNodeDef(class std::basic_string<char,struct std::char_traits<char>,class std::allocator<char> > const &,bool)	Node.cpp	0x1401c5130
                                MaterialX_v1_39_6::InterfaceElement::hasExactInputMatch	0.147773	0.152981	0.0		0.0	0.0	0.0	0.0	CpuHotPaths.exe	MaterialX_v1_39_6::InterfaceElement::hasExactInputMatch(class std::shared_ptr<class MaterialX_v1_39_6::InterfaceElement const >,class std::basic_string<char,struct std::char_traits<char>,class std::allocator<char> > *)	Interface.cpp	0x1401cafc0
                                 MaterialX_v1_39_6::InterfaceElement::getActiveInputs	0.074507	0.077132	0.0		0.0	0.0	0.0	0.0	CpuHotPaths.exe	MaterialX_v1_39_6::InterfaceElement::getActiveInputs(void)	Interface.cpp	0x1401d0b40
                                  MaterialX_v1_39_6::InterfaceElement::getInputs	0.074507	0.077132	0.0		0.0	0.0	0.0	0.0	CpuHotPaths.exe	MaterialX_v1_39_6::InterfaceElement::getInputs	Interface.h	0x1401d0b8e
                                   MaterialX_v1_39_6::Element::getChildrenOfType<class MaterialX_v1_39_6::Input>	0.074507	0.077132	0.0		0.0	0.0	0.0	0.0	CpuHotPaths.exe	MaterialX_v1_39_6::Element::getChildrenOfType<class MaterialX_v1_39_6::Input>(class std::basic_string<char,struct std::char_traits<char>,class std::allocator<char> > const &)	Element.cpp	0x14019ab80
                                    std::shared_ptr<MaterialX_v1_39_6::Element>::{ctor}	0.074507	0.077132	0.0		0.013895	0.013895	0.0	0.0	CpuHotPaths.exe	std::shared_ptr<MaterialX_v1_39_6::Element>::{ctor}	memory	0x14019ad95
                                 MaterialX_v1_39_6::InterfaceElement::getActiveInput	0.073266	0.075849	0.0		0.0	0.0	0.0	0.0	CpuHotPaths.exe	MaterialX_v1_39_6::InterfaceElement::getActiveInput(class std::basic_string<char,struct std::char_traits<char>,class std::allocator<char> > const &)	Interface.cpp	0x1401c7e40
                                  MaterialX_v1_39_6::InterfaceElement::getInput	0.073266	0.075849	0.0		0.0	0.0	0.0	0.0	CpuHotPaths.exe	MaterialX_v1_39_6::InterfaceElement::getInput	Interface.h	0x1401c7eda
                                   MaterialX_v1_39_6::Element::getChildOfType<class MaterialX_v1_39_6::Input>	0.073266	0.075849	0.0		0.0	0.0	0.0	0.0	CpuHotPaths.exe	MaterialX_v1_39_6::Element::getChildOfType<class MaterialX_v1_39_6::Input>(class std::basic_string<char,struct std::char_traits<char>,class std::allocator<char> > const &)	Element.cpp	0x140127ca0
                                    MaterialX_v1_39_6::Element::getChild	0.073266	0.075849	0.0		0.0	0.0	0.0	0.0	CpuHotPaths.exe	MaterialX_v1_39_6::Element::getChild(class std::basic_string<char,struct std::char_traits<char>,class std::allocator<char> > const &)	Element.cpp	0x1400ef910
                                     std::_Hash<std::_Umap_traits<std::basic_string<char,std::char_traits<char>,std::allocator<char> >,std::shared_ptr<MaterialX_v1_39_6::Element>,std::_Uhash_compare<std::basic_string<char,std::char_traits<char>,std::allocator<char> >,std::hash<std::basic_string<char,std::char_traits<char>,std::allocator<char> > >,std::equal_to<std::basic_string<char,std::char_traits<char>,std::allocator<char> > > >,std::allocator<std::pair<std::basic_string<char,std::char_traits<char>,std::allocator<char> > const ,std::shared_ptr<MaterialX_v1_39_6::Element> > >,0> >::find	0.073266	0.075849	0.0		0.013664	0.013664	0.0	0.0	CpuHotPaths.exe	std::_Hash<std::_Umap_traits<std::basic_string<char,std::char_traits<char>,std::allocator<char> >,std::shared_ptr<MaterialX_v1_39_6::Element>,std::_Uhash_compare<std::basic_string<char,std::char_traits<char>,std::allocator<char> >,std::hash<std::basic_string<char,std::char_traits<char>,std::allocator<char> > >,std::equal_to<std::basic_string<char,std::char_traits<char>,std::allocator<char> > > >,std::allocator<std::pair<std::basic_string<char,std::char_traits<char>,std::allocator<char> > const ,std::shared_ptr<MaterialX_v1_39_6::Element> > >,0> >::find	xhash	0x1400ef936
                                MaterialX_v1_39_6::Document::getMatchingNodeDefs	0.076507	0.079204	0.0		0.0	0.0	0.0	0.0	CpuHotPaths.exe	MaterialX_v1_39_6::Document::getMatchingNodeDefs(class std::basic_string<char,struct std::char_traits<char>,class std::allocator<char> > const &)	Document.cpp	0x1401f11f0
                                 MaterialX_v1_39_6::Document::Cache::getMatchingNodeDefs	0.076507	0.079204	0.0		0.0	0.0	0.0	0.0	CpuHotPaths.exe	MaterialX_v1_39_6::Document::Cache::getMatchingNodeDefs(class std::basic_string<char,struct std::char_traits<char>,class std::allocator<char> > const &)	Document.cpp	0x1401f0dc0
                                  std::vector<std::shared_ptr<MaterialX_v1_39_6::NodeDef>,std::allocator<std::shared_ptr<MaterialX_v1_39_6::NodeDef> > >::{ctor}	0.076507	0.079204	0.0		0.014269	0.014269	0.0	0.0	CpuHotPaths.exe	std::vector<std::shared_ptr<MaterialX_v1_39_6::NodeDef>,std::allocator<std::shared_ptr<MaterialX_v1_39_6::NodeDef> > >::{ctor}	vector	0x1401f0e6f
                                MaterialX_v1_39_6::NodeDef::getType	0.074580	0.077208	0.0		0.0	0.0	0.0	0.0	CpuHotPaths.exe	MaterialX_v1_39_6::NodeDef::getType(void)	Definition.cpp	0x1400e75f0
                                 MaterialX_v1_39_6::InterfaceElement::getActiveOutputs	0.074580	0.077208	0.0		0.0	0.0	0.0	0.0	CpuHotPaths.exe	MaterialX_v1_39_6::InterfaceElement::getActiveOutputs(void)	Interface.cpp	0x1401d17b0
                                  MaterialX_v1_39_6::InterfaceElement::getOutputs	0.074580	0.077208	0.0		0.0	0.0	0.0	0.0	CpuHotPaths.exe	MaterialX_v1_39_6::InterfaceElement::getOutputs	Interface.h	0x1401d17fe
                                   MaterialX_v1_39_6::Element::getChildrenOfType<class MaterialX_v1_39_6::Output>	0.074580	0.077208	0.0		0.013909	0.013909	0.0	0.0	CpuHotPaths.exe	MaterialX_v1_39_6::Element::getChildrenOfType<class MaterialX_v1_39_6::Output>(class std::basic_string<char,struct std::char_traits<char>,class std::allocator<char> > const &)	Element.cpp	0x14019fb70
                               MaterialX_v1_39_6::InterfaceElement::getInput	0.077562	0.080295	0.0		0.0	0.0	0.0	0.0	CpuHotPaths.exe	MaterialX_v1_39_6::InterfaceElement::getInput	Interface.h	0x1401631a9
                                MaterialX_v1_39_6::Element::getChildOfType<class MaterialX_v1_39_6::Input>	0.077562	0.080295	0.0		0.0	0.0	0.0	0.0	CpuHotPaths.exe	MaterialX_v1_39_6::Element::getChildOfType<class MaterialX_v1_39_6::Input>(class std::basic_string<char,struct std::char_traits<char>,class std::allocator<char> > const &)	Element.cpp	0x140127ca0
                                 MaterialX_v1_39_6::Element::asA<class MaterialX_v1_39_6::Document>	0.077562	0.080295	0.0		0.0	0.0	0.0	0.0	CpuHotPaths.exe	MaterialX_v1_39_6::Element::asA<class MaterialX_v1_39_6::Document>(void)	Element.cpp	0x1400ca410
                                  std::dynamic_pointer_cast	0.077562	0.080295	0.0		0.014465	0.014465	0.0	0.0	CpuHotPaths.exe	std::dynamic_pointer_cast	memory	0x1400ca458
                              MaterialX_v1_39_6::Node::getNodeDefOutput	0.079476	0.082276	0.0		0.0	0.0	0.0	0.0	CpuHotPaths.exe	MaterialX_v1_39_6::Node::getNodeDefOutput(class std::shared_ptr<class MaterialX_v1_39_6::Element>)	Node.cpp	0x1401c58d0
                               MaterialX_v1_39_6::Node::getNodeDef	0.079476	0.082276	0.0		0.0	0.0	0.0	0.0	CpuHotPaths.exe	MaterialX_v1_39_6::Node::getNodeDef(class std::basic_string<char,struct std::char_traits<char>,class std::allocator<char> > const &,bool)	Node.cpp	0x1401c5130
                                MaterialX_v1_39_6::InterfaceElement::hasExactInputMatch	0.079476	0.082276	0.0		0.0	0.0	0.0	0.0	CpuHotPaths.exe	MaterialX_v1_39_6::InterfaceElement::hasExactInputMatch(class std::shared_ptr<class MaterialX_v1_39_6::InterfaceElement const >,class std::basic_string<char,struct std::char_traits<char>,class std::allocator<char> > *)	Interface.cpp	0x1401cafc0
                                 std::vector<std::shared_ptr<MaterialX_v1_39_6::Input>,std::allocator<std::shared_ptr<MaterialX_v1_39_6::Input> > >::{dtor}	0.079476	0.082276	0.0		0.014822	0.014822	0.0	0.0	CpuHotPaths.exe	std::vector<std::shared_ptr<MaterialX_v1_39_6::Input>,std::allocator<std::shared_ptr<MaterialX_v1_39_6::Input> > >::{dtor}	vector	0x1401cb130
                             MaterialX_v1_39_6::GraphIterator::operator++	0.226278	0.234252	0.0		0.0	0.0	0.0	0.0	CpuHotPaths.exe	MaterialX_v1_39_6::GraphIterator::operator++(void)	Traversal.cpp	0x140204590
                              MaterialX_v1_39_6::Node::getUpstreamEdge	0.152406	0.157777	0.0		0.0	0.0	0.0	0.0	CpuHotPaths.exe	MaterialX_v1_39_6::Node::getUpstreamEdge(unsigned __int64)	Node.cpp	0x1401abcc0
                               MaterialX_v1_39_6::InterfaceElement::getInputs	0.077329	0.080054	0.0		0.0	0.0	0.0	0.0	CpuHotPaths.exe	MaterialX_v1_39_6::InterfaceElement::getInputs	Interface.h	0x1401abcf1
                                MaterialX_v1_39_6::Element::getChildrenOfType<class MaterialX_v1_39_6::Input>	0.077329	0.080054	0.0		0.0	0.0	0.0	0.0	CpuHotPaths.exe	MaterialX_v1_39_6::Element::getChildrenOfType<class MaterialX_v1_39_6::Input>(class std::basic_string<char,struct std::char_traits<char>,class std::allocator<char> > const &)	Element.cpp	0x14019ab80
                                 std::vector<std::shared_ptr<MaterialX_v1_39_6::Input>,std::allocator<std::shared_ptr<MaterialX_v1_39_6::Input> > >::push_back	0.077329	0.080054	0.0		0.0	0.0	0.0	0.0	CpuHotPaths.exe	std::vector<std::shared_ptr<MaterialX_v1_39_6::Input>,std::allocator<std::shared_ptr<MaterialX_v1_39_6::Input> > >::push_back	vector	0x14019ae7b
                                  operator new	0.077329	0.080054	0.0		0.0	0.0	0.0	0.0	CpuHotPaths.exe	operator new(unsigned __int64)	new_scalar.cpp	0x140234c58
                                   malloc_base	0.077329	0.080054	0.0		0.014422	0.014422	0.0	0.0	ucrtbase.dll	malloc_base	[Unknown]	0x1800050a0
                               std::vector<class std::shared_ptr<class MaterialX_v1_39_6::Input>,class std::allocator<class std::shared_ptr<class MaterialX_v1_39_6::Input> > >::~vector<class std::shared_ptr<class MaterialX_v1_39_6::Input>,class std::allocator<class std::shared_ptr<class MaterialX_v1_39_6::Input> > >	0.075078	0.077723	0.0		0.014002	0.014002	0.0	0.0	CpuHotPaths.exe	std::vector<class std::shared_ptr<class MaterialX_v1_39_6::Input>,class std::allocator<class std::shared_ptr<class MaterialX_v1_39_6::Input> > >::~vector<class std::shared_ptr<class MaterialX_v1_39_6::Input>,class std::allocator<class std::shared_ptr<class MaterialX_v1_39_6::Input> > >(void)	vector	0x140124170
                              MaterialX_v1_39_6::GraphIterator::returnPathDownstream	0.073871	0.076475	0.0		0.0	0.0	0.0	0.0	CpuHotPaths.exe	MaterialX_v1_39_6::GraphIterator::returnPathDownstream(class std::shared_ptr<class MaterialX_v1_39_6::Element>)	Traversal.cpp	0x140206610
                               std::_Tree<std::_Tset_traits<std::shared_ptr<MaterialX_v1_39_6::Element>,std::less<std::shared_ptr<MaterialX_v1_39_6::Element> >,std::allocator<std::shared_ptr<MaterialX_v1_39_6::Element> >,0> >::erase	0.073871	0.076475	0.0		0.013777	0.013777	0.0	0.0	CpuHotPaths.exe	std::_Tree<std::_Tset_traits<std::shared_ptr<MaterialX_v1_39_6::Element>,std::less<std::shared_ptr<MaterialX_v1_39_6::Element> >,std::allocator<std::shared_ptr<MaterialX_v1_39_6::Element> >,0> >::erase	xtree	0x14020662a
                             MaterialX_v1_39_6::Element::traverseGraph	0.079566	0.082370	0.0		0.0	0.0	0.0	0.0	CpuHotPaths.exe	MaterialX_v1_39_6::Element::traverseGraph(void)	Element.cpp	0x1401c06d0
                              MaterialX_v1_39_6::Element::getSelfNonConst	0.079566	0.082370	0.0		0.0	0.0	0.0	0.0	CpuHotPaths.exe	MaterialX_v1_39_6::Element::getSelfNonConst	Element.h	0x1401c06d6
                               std::enable_shared_from_this<MaterialX_v1_39_6::Element>::shared_from_this	0.079566	0.082370	0.0		0.014839	0.014839	0.0	0.0	CpuHotPaths.exe	std::enable_shared_from_this<MaterialX_v1_39_6::Element>::shared_from_this	memory	0x1401c06d6
                             MaterialX_v1_39_6::GraphIterator::operator*	0.074660	0.077292	0.0		0.0	0.0	0.0	0.0	CpuHotPaths.exe	MaterialX_v1_39_6::GraphIterator::operator*	Traversal.h	0x14015e29b
                              MaterialX_v1_39_6::GraphIterator::getDownstreamElement	0.074660	0.077292	0.0		0.0	0.0	0.0	0.0	CpuHotPaths.exe	MaterialX_v1_39_6::GraphIterator::getDownstreamElement	Traversal.h	0x14015e2cb
                               std::shared_ptr<MaterialX_v1_39_6::Element>::{ctor}	0.074660	0.077292	0.0		0.013924	0.013924	0.0	0.0	CpuHotPaths.exe	std::shared_ptr<MaterialX_v1_39_6::Element>::{ctor}	memory	0x14015e2e0
                            MaterialX_v1_39_6::ShaderGraph::addInputSockets	0.154074	0.159504	0.0		0.0	0.0	0.0	0.0	CpuHotPaths.exe	MaterialX_v1_39_6::ShaderGraph::addInputSockets(class MaterialX_v1_39_6::InterfaceElement const &,class MaterialX_v1_39_6::GenContext &)	ShaderGraph.cpp	0x14015c800
                             MaterialX_v1_39_6::ValueElement::getResolvedValue	0.154074	0.159504	0.0		0.0	0.0	0.0	0.0	CpuHotPaths.exe	MaterialX_v1_39_6::ValueElement::getResolvedValue(class std::shared_ptr<class MaterialX_v1_39_6::StringResolver>)	Element.cpp	0x14015d180
                              MaterialX_v1_39_6::Value::createValueFromStrings	0.079504	0.082306	0.0		0.0	0.0	0.0	0.0	CpuHotPaths.exe	MaterialX_v1_39_6::Value::createValueFromStrings(class std::basic_string<char,struct std::char_traits<char>,class std::allocator<char> > const &,class std::basic_string<char,struct std::char_traits<char>,class std::allocator<char> > const &,class std::shared_ptr<class MaterialX_v1_39_6::TypeDef const >)	Value.cpp	0x140202b00
                               MaterialX_v1_39_6::TypedValue<class MaterialX_v1_39_6::Vector3>::createFromString	0.079504	0.082306	0.0		0.0	0.0	0.0	0.0	CpuHotPaths.exe	MaterialX_v1_39_6::TypedValue<class MaterialX_v1_39_6::Vector3>::createFromString(class std::basic_string<char,struct std::char_traits<char>,class std::allocator<char> > const &)	Value.cpp	0x140202690
                                MaterialX_v1_39_6::fromValueString	0.079504	0.082306	0.0		0.0	0.0	0.0	0.0	CpuHotPaths.exe	MaterialX_v1_39_6::fromValueString	Value.cpp	0x1402026ba
                                 MaterialX_v1_39_6::fromValueString<float>	0.079504	0.082306	0.0		0.0	0.0	0.0	0.0	CpuHotPaths.exe	MaterialX_v1_39_6::fromValueString<float>(class std::basic_string<char,struct std::char_traits<char>,class std::allocator<char> > const &)	Value.cpp	0x1401fb630
                                  std::basic_ios<char,struct std::char_traits<char> >::imbue	0.079504	0.082306	0.0		0.014827	0.014827	0.0	0.0	MSVCP140.dll	std::basic_ios<char,struct std::char_traits<char> >::imbue(class std::locale const & __ptr64)	[Unknown]	0x18005a0d0
                              MaterialX_v1_39_6::ValueElement::hasValue	0.074570	0.077198	0.0		0.0	0.0	0.0	0.0	CpuHotPaths.exe	MaterialX_v1_39_6::ValueElement::hasValue(void)	Element.h	0x1400e32f0
                               MaterialX_v1_39_6::Element::hasAttribute	0.074570	0.077198	0.0		0.0	0.0	0.0	0.0	CpuHotPaths.exe	MaterialX_v1_39_6::Element::hasAttribute	Element.h	0x1400e32f4
                                std::_Hash<std::_Umap_traits<std::basic_string<char,std::char_traits<char>,std::allocator<char> >,std::basic_string<char,std::char_traits<char>,std::allocator<char> >,std::_Uhash_compare<std::basic_string<char,std::char_traits<char>,std::allocator<char> >,std::hash<std::basic_string<char,std::char_traits<char>,std::allocator<char> > >,std::equal_to<std::basic_string<char,std::char_traits<char>,std::allocator<char> > > >,std::allocator<std::pair<std::basic_string<char,std::char_traits<char>,std::allocator<char> > const ,std::basic_string<char,std::char_traits<char>,std::allocator<char> > > >,0> >::count	0.074570	0.077198	0.0		0.013907	0.013907	0.0	0.0	CpuHotPaths.exe	std::_Hash<std::_Umap_traits<std::basic_string<char,std::char_traits<char>,std::allocator<char> >,std::basic_string<char,std::char_traits<char>,std::allocator<char> >,std::_Uhash_compare<std::basic_string<char,std::char_traits<char>,std::allocator<char> >,std::hash<std::basic_string<char,std::char_traits<char>,std::allocator<char> > >,std::equal_to<std::basic_string<char,std::char_traits<char>,std::allocator<char> > > >,std::allocator<std::pair<std::basic_string<char,std::char_traits<char>,std::allocator<char> > const ,std::basic_string<char,std::char_traits<char>,std::allocator<char> > > >,0> >::count	xhash	0x1400e32f4
                            MaterialX_v1_39_6::ShaderGraph::finalize	0.150867	0.156183	0.0		0.0	0.0	0.0	0.0	CpuHotPaths.exe	MaterialX_v1_39_6::ShaderGraph::finalize(class MaterialX_v1_39_6::GenContext &)	ShaderGraph.cpp	0x1401639e0
                             MaterialX_v1_39_6::ShaderGraph::setVariableNames	0.150867	0.156183	0.0		0.0	0.0	0.0	0.0	CpuHotPaths.exe	MaterialX_v1_39_6::ShaderGraph::setVariableNames(class MaterialX_v1_39_6::GenContext &)	ShaderGraph.cpp	0x1401663c0
                              MaterialX_v1_39_6::Syntax::getVariableName	0.150867	0.156183	0.0		0.0	0.0	0.0	0.0	CpuHotPaths.exe	MaterialX_v1_39_6::Syntax::getVariableName(class std::basic_string<char,struct std::char_traits<char>,class std::allocator<char> > const &,class MaterialX_v1_39_6::TypeDesc,class std::unordered_map<class std::basic_string<char,struct std::char_traits<char>,class std::allocator<char> >,unsigned __int64,struct std::hash<class std::basic_string<char,struct std::char_traits<char>,class std::allocator<char> > >,struct std::equal_to<class std::basic_string<char,struct std::char_traits<char>,class std::allocator<char> > >,class std::allocator<struct std::pair<class std::basic_string<char,struct std::char_traits<char>,class std::allocator<char> > const ,unsigned __int64> > > &)	Syntax.cpp	0x1401493f0
                               MaterialX_v1_39_6::Syntax::makeIdentifier	0.150867	0.156183	0.0		0.0	0.0	0.0	0.0	CpuHotPaths.exe	MaterialX_v1_39_6::Syntax::makeIdentifier(class std::basic_string<char,struct std::char_traits<char>,class std::allocator<char> > &,class std::unordered_map<class std::basic_string<char,struct std::char_traits<char>,class std::allocator<char> >,unsigned __int64,struct std::hash<class std::basic_string<char,struct std::char_traits<char>,class std::allocator<char> > >,struct std::equal_to<class std::basic_string<char,struct std::char_traits<char>,class std::allocator<char> > >,class std::allocator<struct std::pair<class std::basic_string<char,struct std::char_traits<char>,class std::allocator<char> > const ,unsigned __int64> > > &)	Syntax.cpp	0x1401494a0
                                std::unordered_map<std::basic_string<char,std::char_traits<char>,std::allocator<char> >,unsigned __int64,std::hash<std::basic_string<char,std::char_traits<char>,std::allocator<char> > >,std::equal_to<std::basic_string<char,std::char_traits<char>,std::allocator<char> > >,std::allocator<std::pair<std::basic_string<char,std::char_traits<char>,std::allocator<char> > const ,unsigned __int64> > >::operator[]	0.077216	0.079937	0.0		0.0	0.0	0.0	0.0	CpuHotPaths.exe	std::unordered_map<std::basic_string<char,std::char_traits<char>,std::allocator<char> >,unsigned __int64,std::hash<std::basic_string<char,std::char_traits<char>,std::allocator<char> > >,std::equal_to<std::basic_string<char,std::char_traits<char>,std::allocator<char> > >,std::allocator<std::pair<std::basic_string<char,std::char_traits<char>,std::allocator<char> > const ,unsigned __int64> > >::operator[]	unordered_map	0x1401497de
                                 operator new	0.077216	0.079937	0.0		0.0	0.0	0.0	0.0	CpuHotPaths.exe	operator new(unsigned __int64)	new_scalar.cpp	0x140234c58
                                  malloc_base	0.077216	0.079937	0.0		0.014401	0.014401	0.0	0.0	ucrtbase.dll	malloc_base	[Unknown]	0x1800050a0
                                MaterialX_v1_39_6::Syntax::makeValidName	0.073650	0.076246	0.0		0.0	0.0	0.0	0.0	CpuHotPaths.exe	MaterialX_v1_39_6::Syntax::makeValidName(class std::basic_string<char,struct std::char_traits<char>,class std::allocator<char> > &)	Syntax.cpp	0x140149900
                                 std::replace_if	0.073650	0.076246	0.0		0.013736	0.013736	0.0	0.0	CpuHotPaths.exe	std::replace_if	algorithm	0x140149951
                          MaterialX_v1_39_6::NodeDef::getImplementation	0.764135	0.791065	0.0		0.0	0.0	0.0	0.0	CpuHotPaths.exe	MaterialX_v1_39_6::NodeDef::getImplementation(class std::basic_string<char,struct std::char_traits<char>,class std::allocator<char> > const &,bool)	Definition.cpp	0x1401bd2b0
                           MaterialX_v1_39_6::Document::getMatchingImplementations	0.305490	0.316256	0.0		0.0	0.0	0.0	0.0	CpuHotPaths.exe	MaterialX_v1_39_6::Document::getMatchingImplementations(class std::basic_string<char,struct std::char_traits<char>,class std::allocator<char> > const &)	Document.cpp	0x1401f0a60
                            MaterialX_v1_39_6::Document::Cache::getMatchingImplementations	0.305490	0.316256	0.0		0.0	0.0	0.0	0.0	CpuHotPaths.exe	MaterialX_v1_39_6::Document::Cache::getMatchingImplementations(class std::basic_string<char,struct std::char_traits<char>,class std::allocator<char> > const &)	Document.cpp	0x1401f0620
                             std::vector<std::shared_ptr<MaterialX_v1_39_6::InterfaceElement>,std::allocator<std::shared_ptr<MaterialX_v1_39_6::InterfaceElement> > >::{ctor}	0.152021	0.157378	0.0		0.028352	0.028352	0.0	0.0	CpuHotPaths.exe	std::vector<std::shared_ptr<MaterialX_v1_39_6::InterfaceElement>,std::allocator<std::shared_ptr<MaterialX_v1_39_6::InterfaceElement> > >::{ctor}	vector	0x1401f06d8
                             std::_Hash<std::_Umap_traits<std::basic_string<char,std::char_traits<char>,std::allocator<char> >,std::vector<std::shared_ptr<MaterialX_v1_39_6::InterfaceElement>,std::allocator<std::shared_ptr<MaterialX_v1_39_6::InterfaceElement> > >,std::_Uhash_compare<std::basic_string<char,std::char_traits<char>,std::allocator<char> >,std::hash<std::basic_string<char,std::char_traits<char>,std::allocator<char> > >,std::equal_to<std::basic_string<char,std::char_traits<char>,std::allocator<char> > > >,std::allocator<std::pair<std::basic_string<char,std::char_traits<char>,std::allocator<char> > const ,std::vector<std::shared_ptr<MaterialX_v1_39_6::InterfaceElement>,std::allocator<std::shared_ptr<MaterialX_v1_39_6::InterfaceElement> > > > >,0> >::find	0.076862	0.079571	0.0		0.0	0.0	0.0	0.0	CpuHotPaths.exe	std::_Hash<std::_Umap_traits<std::basic_string<char,std::char_traits<char>,std::allocator<char> >,std::vector<std::shared_ptr<MaterialX_v1_39_6::InterfaceElement>,std::allocator<std::shared_ptr<MaterialX_v1_39_6::InterfaceElement> > >,std::_Uhash_compare<std::basic_string<char,std::char_traits<char>,std::allocator<char> >,std::hash<std::basic_string<char,std::char_traits<char>,std::allocator<char> > >,std::equal_to<std::basic_string<char,std::char_traits<char>,std::allocator<char> > > >,std::allocator<std::pair<std::basic_string<char,std::char_traits<char>,std::allocator<char> > const ,std::vector<std::shared_ptr<MaterialX_v1_39_6::InterfaceElement>,std::allocator<std::shared_ptr<MaterialX_v1_39_6::InterfaceElement> > > > >,0> >::find	xhash	0x1401f0657
                              [Import thunk memcmp]	0.076862	0.079571	0.0		0.014335	0.014335	0.0	0.0	CpuHotPaths.exe	[Import thunk memcmp]	[Unknown]	0x1402367be
                             MaterialX_v1_39_6::Document::Cache::refreshWithLock	0.076607	0.079306	0.0		0.0	0.0	0.0	0.0	CpuHotPaths.exe	MaterialX_v1_39_6::Document::Cache::refreshWithLock(void)	Document.cpp	0x1401f3a30
                              std::shared_lock<std::shared_mutex>::{ctor}	0.076607	0.079306	0.0		0.014287	0.014287	0.0	0.0	CpuHotPaths.exe	std::shared_lock<std::shared_mutex>::{ctor}	shared_mutex	0x1401f3a4e
                           std::shared_ptr<MaterialX_v1_39_6::Implementation>::{dtor}	0.154836	0.160292	0.0		0.028877	0.028877	0.0	0.0	CpuHotPaths.exe	std::shared_ptr<MaterialX_v1_39_6::Implementation>::{dtor}	memory	0x1401bd61c
                           MaterialX_v1_39_6::targetStringsMatch	0.078709	0.081483	0.0		0.0	0.0	0.0	0.0	CpuHotPaths.exe	MaterialX_v1_39_6::targetStringsMatch(class std::basic_string<char,struct std::char_traits<char>,class std::allocator<char> > const &,class std::basic_string<char,struct std::char_traits<char>,class std::allocator<char> > const &)	Element.cpp	0x1401a47b0
                            std::basic_string<char,struct std::char_traits<char>,class std::allocator<char> >::find_first_of	0.078709	0.081483	0.0		0.014679	0.014679	0.0	0.0	CpuHotPaths.exe	std::basic_string<char,struct std::char_traits<char>,class std::allocator<char> >::find_first_of(class std::basic_string<char,struct std::char_traits<char>,class std::allocator<char> > const &,unsigned __int64)	xstring	0x14017ec30
                           MaterialX_v1_39_6::Implementation::hasNodeGraph	0.075748	0.078417	0.0		0.0	0.0	0.0	0.0	CpuHotPaths.exe	MaterialX_v1_39_6::Implementation::hasNodeGraph	Definition.h	0x1401bd4bb
                            MaterialX_v1_39_6::Element::hasAttribute	0.075748	0.078417	0.0		0.0	0.0	0.0	0.0	CpuHotPaths.exe	MaterialX_v1_39_6::Element::hasAttribute	Element.h	0x1401bd4bb
                             std::_Hash<std::_Umap_traits<std::basic_string<char,std::char_traits<char>,std::allocator<char> >,std::basic_string<char,std::char_traits<char>,std::allocator<char> >,std::_Uhash_compare<std::basic_string<char,std::char_traits<char>,std::allocator<char> >,std::hash<std::basic_string<char,std::char_traits<char>,std::allocator<char> > >,std::equal_to<std::basic_string<char,std::char_traits<char>,std::allocator<char> > > >,std::allocator<std::pair<std::basic_string<char,std::char_traits<char>,std::allocator<char> > const ,std::basic_string<char,std::char_traits<char>,std::allocator<char> > > >,0> >::count	0.075748	0.078417	0.0		0.014127	0.014127	0.0	0.0	CpuHotPaths.exe	std::_Hash<std::_Umap_traits<std::basic_string<char,std::char_traits<char>,std::allocator<char> >,std::basic_string<char,std::char_traits<char>,std::allocator<char> >,std::_Uhash_compare<std::basic_string<char,std::char_traits<char>,std::allocator<char> >,std::hash<std::basic_string<char,std::char_traits<char>,std::allocator<char> > >,std::equal_to<std::basic_string<char,std::char_traits<char>,std::allocator<char> > > >,std::allocator<std::pair<std::basic_string<char,std::char_traits<char>,std::allocator<char> > const ,std::basic_string<char,std::char_traits<char>,std::allocator<char> > > >,0> >::count	xhash	0x1401bd4c2
                           MaterialX_v1_39_6::Element::getQualifiedName	0.074778	0.077413	0.0		0.0	0.0	0.0	0.0	CpuHotPaths.exe	MaterialX_v1_39_6::Element::getQualifiedName(class std::basic_string<char,struct std::char_traits<char>,class std::allocator<char> > const &)	Element.h	0x1401c9520
                            std::basic_string<char,struct std::char_traits<char>,class std::allocator<char> >::basic_string<char,struct std::char_traits<char>,class std::allocator<char> >	0.074778	0.077413	0.0		0.013946	0.013946	0.0	0.0	CpuHotPaths.exe	std::basic_string<char,struct std::char_traits<char>,class std::allocator<char> >::basic_string<char,struct std::char_traits<char>,class std::allocator<char> >(class std::basic_string<char,struct std::char_traits<char>,class std::allocator<char> > const &)	xstring	0x1400aa8e0
                           MaterialX_v1_39_6::InterfaceElement::getTarget	0.074575	0.077203	0.0		0.0	0.0	0.0	0.0	CpuHotPaths.exe	MaterialX_v1_39_6::InterfaceElement::getTarget	Interface.h	0x1401bda0f
                            MaterialX_v1_39_6::Element::getAttribute	0.074575	0.077203	0.0		0.0	0.0	0.0	0.0	CpuHotPaths.exe	MaterialX_v1_39_6::Element::getAttribute(class std::basic_string<char,struct std::char_traits<char>,class std::allocator<char> > const &)	Element.h	0x1400b15f0
                             std::_Hash<std::_Umap_traits<std::basic_string<char,std::char_traits<char>,std::allocator<char> >,std::basic_string<char,std::char_traits<char>,std::allocator<char> >,std::_Uhash_compare<std::basic_string<char,std::char_traits<char>,std::allocator<char> >,std::hash<std::basic_string<char,std::char_traits<char>,std::allocator<char> > >,std::equal_to<std::basic_string<char,std::char_traits<char>,std::allocator<char> > > >,std::allocator<std::pair<std::basic_string<char,std::char_traits<char>,std::allocator<char> > const ,std::basic_string<char,std::char_traits<char>,std::allocator<char> > > >,0> >::find	0.074575	0.077203	0.0		0.013908	0.013908	0.0	0.0	CpuHotPaths.exe	std::_Hash<std::_Umap_traits<std::basic_string<char,std::char_traits<char>,std::allocator<char> >,std::basic_string<char,std::char_traits<char>,std::allocator<char> >,std::_Uhash_compare<std::basic_string<char,std::char_traits<char>,std::allocator<char> >,std::hash<std::basic_string<char,std::char_traits<char>,std::allocator<char> > >,std::equal_to<std::basic_string<char,std::char_traits<char>,std::allocator<char> > > >,std::allocator<std::pair<std::basic_string<char,std::char_traits<char>,std::allocator<char> > const ,std::basic_string<char,std::char_traits<char>,std::allocator<char> > > >,0> >::find	xhash	0x1400b15fa
                          MaterialX_v1_39_6::GenContext::findNodeImplementation	0.308334	0.319200	0.0		0.057504	0.057504	0.0	0.0	CpuHotPaths.exe	MaterialX_v1_39_6::GenContext::findNodeImplementation(class std::basic_string<char,struct std::char_traits<char>,class std::allocator<char> > const &)	GenContext.cpp	0x1401345f0
                          MaterialX_v1_39_6::GenContext::addNodeImplementation	0.145765	0.150902	0.0		0.0	0.0	0.0	0.0	CpuHotPaths.exe	MaterialX_v1_39_6::GenContext::addNodeImplementation(class std::basic_string<char,struct std::char_traits<char>,class std::allocator<char> > const &,class std::shared_ptr<class MaterialX_v1_39_6::ShaderNodeImpl>)	GenContext.cpp	0x140134270
                           std::unordered_map<std::basic_string<char,std::char_traits<char>,std::allocator<char> >,std::shared_ptr<MaterialX_v1_39_6::ShaderNodeImpl>,std::hash<std::basic_string<char,std::char_traits<char>,std::allocator<char> > >,std::equal_to<std::basic_string<char,std::char_traits<char>,std::allocator<char> > >,std::allocator<std::pair<std::basic_string<char,std::char_traits<char>,std::allocator<char> > const ,std::shared_ptr<MaterialX_v1_39_6::ShaderNodeImpl> > > >::operator[]	0.145765	0.150902	0.0		0.027185	0.027185	0.0	0.0	CpuHotPaths.exe	std::unordered_map<std::basic_string<char,std::char_traits<char>,std::allocator<char> >,std::shared_ptr<MaterialX_v1_39_6::ShaderNodeImpl>,std::hash<std::basic_string<char,std::char_traits<char>,std::allocator<char> > >,std::equal_to<std::basic_string<char,std::char_traits<char>,std::allocator<char> > >,std::allocator<std::pair<std::basic_string<char,std::char_traits<char>,std::allocator<char> > const ,std::shared_ptr<MaterialX_v1_39_6::ShaderNodeImpl> > > >::operator[]	unordered_map	0x14013428e
                          MaterialX_v1_39_6::Factory<MaterialX_v1_39_6::ShaderNodeImpl>::create	0.079507	0.082309	0.0		0.0	0.0	0.0	0.0	CpuHotPaths.exe	MaterialX_v1_39_6::Factory<MaterialX_v1_39_6::ShaderNodeImpl>::create	Factory.h	0x14014fb85
                           std::_Hash<std::_Umap_traits<std::basic_string<char,std::char_traits<char>,std::allocator<char> >,std::shared_ptr<MaterialX_v1_39_6::ShaderNodeImpl> (__cdecl*)(void),std::_Uhash_compare<std::basic_string<char,std::char_traits<char>,std::allocator<char> >,std::hash<std::basic_string<char,std::char_traits<char>,std::allocator<char> > >,std::equal_to<std::basic_string<char,std::char_traits<char>,std::allocator<char> > > >,std::allocator<std::pair<std::basic_string<char,std::char_traits<char>,std::allocator<char> > const ,std::shared_ptr<MaterialX_v1_39_6::ShaderNodeImpl> (__cdecl*)(void)> >,0> >::find	0.079507	0.082309	0.0		0.014828	0.014828	0.0	0.0	CpuHotPaths.exe	std::_Hash<std::_Umap_traits<std::basic_string<char,std::char_traits<char>,std::allocator<char> >,std::shared_ptr<MaterialX_v1_39_6::ShaderNodeImpl> (__cdecl*)(void),std::_Uhash_compare<std::basic_string<char,std::char_traits<char>,std::allocator<char> >,std::hash<std::basic_string<char,std::char_traits<char>,std::allocator<char> > >,std::equal_to<std::basic_string<char,std::char_traits<char>,std::allocator<char> > > >,std::allocator<std::pair<std::basic_string<char,std::char_traits<char>,std::allocator<char> > const ,std::shared_ptr<MaterialX_v1_39_6::ShaderNodeImpl> (__cdecl*)(void)> >,0> >::find	xhash	0x14014fb85
                          MaterialX_v1_39_6::ShaderGenerator::createShaderNodeImplForImplementation	0.075226	0.077877	0.0		0.0	0.0	0.0	0.0	CpuHotPaths.exe	MaterialX_v1_39_6::ShaderGenerator::createShaderNodeImplForImplementation(class MaterialX_v1_39_6::Implementation const &)	ShaderGenerator.cpp	0x14014d3f0
                           MaterialX_v1_39_6::SourceCodeNode::create	0.075226	0.077877	0.0		0.0	0.0	0.0	0.0	CpuHotPaths.exe	MaterialX_v1_39_6::SourceCodeNode::create(void)	SourceCodeNode.cpp	0x1401691f0
                            std::make_shared	0.075226	0.077877	0.0		0.0	0.0	0.0	0.0	CpuHotPaths.exe	std::make_shared	memory	0x14016920e
                             operator new	0.075226	0.077877	0.0		0.0	0.0	0.0	0.0	CpuHotPaths.exe	operator new(unsigned __int64)	new_scalar.cpp	0x140234c58
                              malloc	0.075226	0.077877	0.0		0.014030	0.014030	0.0	0.0	ucrtbase.dll	malloc	[Unknown]	0x18000ada0
                          MaterialX_v1_39_6::Element::isA	0.073509	0.076099	0.0		0.0	0.0	0.0	0.0	CpuHotPaths.exe	MaterialX_v1_39_6::Element::isA	Element.h	0x14014f6f5
                           MaterialX_v1_39_6::Element::asA<class MaterialX_v1_39_6::NodeGraph>	0.073509	0.076099	0.0		0.0	0.0	0.0	0.0	CpuHotPaths.exe	MaterialX_v1_39_6::Element::asA<class MaterialX_v1_39_6::NodeGraph>(void)	Element.cpp	0x1401912e0
                            std::dynamic_pointer_cast	0.073509	0.076099	0.0		0.013709	0.013709	0.0	0.0	CpuHotPaths.exe	std::dynamic_pointer_cast	memory	0x140191328
                         MaterialX_v1_39_6::ValueElement::getResolvedValue	2.546862	2.475608	4.568721		0.0	0.0	0.0	0.0	CpuHotPaths.exe	MaterialX_v1_39_6::ValueElement::getResolvedValue(class std::shared_ptr<class MaterialX_v1_39_6::StringResolver>)	Element.cpp	0x14015d180
                          MaterialX_v1_39_6::Value::createValueFromStrings	2.399572	2.323127	4.568721		0.0	0.0	0.0	0.0	CpuHotPaths.exe	MaterialX_v1_39_6::Value::createValueFromStrings(class std::basic_string<char,struct std::char_traits<char>,class std::allocator<char> > const &,class std::basic_string<char,struct std::char_traits<char>,class std::allocator<char> > const &,class std::shared_ptr<class MaterialX_v1_39_6::TypeDef const >)	Value.cpp	0x140202b00
                           MaterialX_v1_39_6::TypedValue<float>::createFromString	0.990262	0.864151	4.568721		0.0	0.0	0.0	0.0	CpuHotPaths.exe	MaterialX_v1_39_6::TypedValue<float>::createFromString(class std::basic_string<char,struct std::char_traits<char>,class std::allocator<char> > const &)	Value.cpp	0x140201540
                            MaterialX_v1_39_6::fromValueString<float>	0.990262	0.864151	4.568721		0.0	0.0	0.0	0.0	CpuHotPaths.exe	MaterialX_v1_39_6::fromValueString<float>(class std::basic_string<char,struct std::char_traits<char>,class std::allocator<char> > const &)	Value.cpp	0x1401fb630
                             func@0x180045990	0.694823	0.558301	4.568721		0.129584	0.100578	0.029006	0.0	MSVCP140.dll	func@0x180045990	[Unknown]	0x180045990
                             std::basic_stringstream<char,std::char_traits<char>,std::allocator<char> >::{ctor}	0.220628	0.228403	0.0		0.041147	0.041147	0.0	0.0	CpuHotPaths.exe	std::basic_stringstream<char,std::char_traits<char>,std::allocator<char> >::{ctor}	sstream	0x1401fb66b
                             std::locale::{dtor}	0.074811	0.077448	0.0		0.013952	0.013952	0.0	0.0	CpuHotPaths.exe	std::locale::{dtor}	xlocale	0x1401fb70c
                           MaterialX_v1_39_6::TypedValue<class MaterialX_v1_39_6::Color3>::createFromString	0.889741	0.921097	0.0		0.0	0.0	0.0	0.0	CpuHotPaths.exe	MaterialX_v1_39_6::TypedValue<class MaterialX_v1_39_6::Color3>::createFromString(class std::basic_string<char,struct std::char_traits<char>,class std::allocator<char> > const &)	Value.cpp	0x140201d00
                            MaterialX_v1_39_6::fromValueString	0.808979	0.837489	0.0		0.0	0.0	0.0	0.0	CpuHotPaths.exe	MaterialX_v1_39_6::fromValueString	Value.cpp	0x140201d2a
                             MaterialX_v1_39_6::fromValueString<float>	0.586828	0.607509	0.0		0.0	0.0	0.0	0.0	CpuHotPaths.exe	MaterialX_v1_39_6::fromValueString<float>(class std::basic_string<char,struct std::char_traits<char>,class std::allocator<char> > const &)	Value.cpp	0x1401fb630
                              func@0x180045990	0.586828	0.607509	0.0		0.109443	0.109443	0.0	0.0	MSVCP140.dll	func@0x180045990	[Unknown]	0x180045990
                             MaterialX_v1_39_6::splitString	0.222150	0.229979	0.0		0.0	0.0	0.0	0.0	CpuHotPaths.exe	MaterialX_v1_39_6::splitString(class std::basic_string<char,struct std::char_traits<char>,class std::allocator<char> > const &,class std::basic_string<char,struct std::char_traits<char>,class std::allocator<char> > const &)	Util.cpp	0x14017fd80
                              std::basic_string<char,std::char_traits<char>,std::allocator<char> >::substr	0.076975	0.079688	0.0		0.014356	0.014356	0.0	0.0	CpuHotPaths.exe	std::basic_string<char,std::char_traits<char>,std::allocator<char> >::substr	xstring	0x14017fe09
                              std::basic_string<char,struct std::char_traits<char>,class std::allocator<char> >::find_first_of	0.074057	0.076667	0.0		0.013812	0.013812	0.0	0.0	CpuHotPaths.exe	std::basic_string<char,struct std::char_traits<char>,class std::allocator<char> >::find_first_of(class std::basic_string<char,struct std::char_traits<char>,class std::allocator<char> > const &,unsigned __int64)	xstring	0x14017ec30
                              std::vector<std::basic_string<char,std::char_traits<char>,std::allocator<char> >,std::allocator<std::basic_string<char,std::char_traits<char>,std::allocator<char> > > >::push_back	0.071119	0.073625	0.0		0.013264	0.013264	0.0	0.0	CpuHotPaths.exe	std::vector<std::basic_string<char,std::char_traits<char>,std::allocator<char> >,std::allocator<std::basic_string<char,std::char_traits<char>,std::allocator<char> > > >::push_back	vector	0x14017fe59
                            MaterialX_v1_39_6::Value::createValue<class MaterialX_v1_39_6::Color3>	0.080762	0.083608	0.0		0.0	0.0	0.0	0.0	CpuHotPaths.exe	MaterialX_v1_39_6::Value::createValue<class MaterialX_v1_39_6::Color3>(class MaterialX_v1_39_6::Color3 const &)	Value.h	0x1401fae50
                             std::make_shared	0.080762	0.083608	0.0		0.0	0.0	0.0	0.0	CpuHotPaths.exe	std::make_shared	memory	0x1401fae60
                              operator new	0.080762	0.083608	0.0		0.0	0.0	0.0	0.0	CpuHotPaths.exe	operator new(unsigned __int64)	new_scalar.cpp	0x140234c58
                               malloc_base	0.080762	0.083608	0.0		0.015062	0.015062	0.0	0.0	ucrtbase.dll	malloc_base	[Unknown]	0x1800050a0
                           MaterialX_v1_39_6::TypedValue<class MaterialX_v1_39_6::Vector2>::createFromString	0.292744	0.303061	0.0		0.0	0.0	0.0	0.0	CpuHotPaths.exe	MaterialX_v1_39_6::TypedValue<class MaterialX_v1_39_6::Vector2>::createFromString(class std::basic_string<char,struct std::char_traits<char>,class std::allocator<char> > const &)	Value.cpp	0x1402024c0
                            MaterialX_v1_39_6::fromValueString	0.292744	0.303061	0.0		0.0	0.0	0.0	0.0	CpuHotPaths.exe	MaterialX_v1_39_6::fromValueString	Value.cpp	0x1402024ea
                             MaterialX_v1_39_6::fromValueString<float>	0.216411	0.224038	0.0		0.0	0.0	0.0	0.0	CpuHotPaths.exe	MaterialX_v1_39_6::fromValueString<float>(class std::basic_string<char,struct std::char_traits<char>,class std::allocator<char> > const &)	Value.cpp	0x1401fb630
                              std::basic_stringstream<char,std::char_traits<char>,std::allocator<char> >::{ctor}	0.074569	0.077197	0.0		0.013907	0.013907	0.0	0.0	CpuHotPaths.exe	std::basic_stringstream<char,std::char_traits<char>,std::allocator<char> >::{ctor}	sstream	0x1401fb66b
                              std::basic_stringstream<char,std::char_traits<char>,std::allocator<char> >::{dtor}	0.073796	0.076397	0.0		0.013763	0.013763	0.0	0.0	CpuHotPaths.exe	std::basic_stringstream<char,std::char_traits<char>,std::allocator<char> >::{dtor}	sstream	0x1401fb755
                              func@0x180045990	0.068046	0.070444	0.0		0.012690	0.012690	0.0	0.0	MSVCP140.dll	func@0x180045990	[Unknown]	0x180045990
                             std::vector<std::basic_string<char,std::char_traits<char>,std::allocator<char> >,std::allocator<std::basic_string<char,std::char_traits<char>,std::allocator<char> > > >::{dtor}	0.076333	0.079023	0.0		0.014236	0.014236	0.0	0.0	CpuHotPaths.exe	std::vector<std::basic_string<char,std::char_traits<char>,std::allocator<char> >,std::allocator<std::basic_string<char,std::char_traits<char>,std::allocator<char> > > >::{dtor}	vector	0x140202545
                           MaterialX_v1_39_6::TypedValue<class MaterialX_v1_39_6::Vector3>::createFromString	0.226825	0.234818	0.0		0.0	0.0	0.0	0.0	CpuHotPaths.exe	MaterialX_v1_39_6::TypedValue<class MaterialX_v1_39_6::Vector3>::createFromString(class std::basic_string<char,struct std::char_traits<char>,class std::allocator<char> > const &)	Value.cpp	0x140202690
                            MaterialX_v1_39_6::fromValueString	0.226825	0.234818	0.0		0.0	0.0	0.0	0.0	CpuHotPaths.exe	MaterialX_v1_39_6::fromValueString	Value.cpp	0x1402026ba
                             MaterialX_v1_39_6::splitString	0.150982	0.156303	0.0		0.013768	0.013768	0.0	0.0	CpuHotPaths.exe	MaterialX_v1_39_6::splitString(class std::basic_string<char,struct std::char_traits<char>,class std::allocator<char> > const &,class std::basic_string<char,struct std::char_traits<char>,class std::allocator<char> > const &)	Util.cpp	0x14017fd80
                              std::vector<std::basic_string<char,std::char_traits<char>,std::allocator<char> >,std::allocator<std::basic_string<char,std::char_traits<char>,std::allocator<char> > > >::push_back	0.077161	0.079880	0.0		0.014390	0.014390	0.0	0.0	CpuHotPaths.exe	std::vector<std::basic_string<char,std::char_traits<char>,std::allocator<char> >,std::allocator<std::basic_string<char,std::char_traits<char>,std::allocator<char> > > >::push_back	vector	0x14017fe59
                             std::vector<std::basic_string<char,std::char_traits<char>,std::allocator<char> >,std::allocator<std::basic_string<char,std::char_traits<char>,std::allocator<char> > > >::{dtor}	0.075843	0.078515	0.0		0.014145	0.014145	0.0	0.0	CpuHotPaths.exe	std::vector<std::basic_string<char,std::char_traits<char>,std::allocator<char> >,std::allocator<std::basic_string<char,std::char_traits<char>,std::allocator<char> > > >::{dtor}	vector	0x140202719
                          MaterialX_v1_39_6::Document::getTypeDef	0.147291	0.152481	0.0		0.0	0.0	0.0	0.0	CpuHotPaths.exe	MaterialX_v1_39_6::Document::getTypeDef	Document.h	0x14015d278
                           MaterialX_v1_39_6::Element::getChildOfType<class MaterialX_v1_39_6::TypeDef>	0.147291	0.152481	0.0		0.0	0.0	0.0	0.0	CpuHotPaths.exe	MaterialX_v1_39_6::Element::getChildOfType<class MaterialX_v1_39_6::TypeDef>(class std::basic_string<char,struct std::char_traits<char>,class std::allocator<char> > const &)	Element.cpp	0x14019b220
                            MaterialX_v1_39_6::Element::asA<class MaterialX_v1_39_6::Document>	0.074737	0.077370	0.0		0.0	0.0	0.0	0.0	CpuHotPaths.exe	MaterialX_v1_39_6::Element::asA<class MaterialX_v1_39_6::Document>(void)	Element.cpp	0x1400ca410
                             std::dynamic_pointer_cast	0.074737	0.077370	0.0		0.013938	0.013938	0.0	0.0	CpuHotPaths.exe	std::dynamic_pointer_cast	memory	0x1400ca458
                            MaterialX_v1_39_6::Element::asA<class MaterialX_v1_39_6::TypeDef>	0.072554	0.075111	0.0		0.0	0.0	0.0	0.0	CpuHotPaths.exe	MaterialX_v1_39_6::Element::asA<class MaterialX_v1_39_6::TypeDef>(void)	Element.cpp	0x1401924f0
                             MaterialX_v1_39_6::Element::getSelf	0.072554	0.075111	0.0		0.0	0.0	0.0	0.0	CpuHotPaths.exe	MaterialX_v1_39_6::Element::getSelf	Element.h	0x140192507
                              std::enable_shared_from_this<MaterialX_v1_39_6::Element>::shared_from_this	0.072554	0.075111	0.0		0.013531	0.013531	0.0	0.0	CpuHotPaths.exe	std::enable_shared_from_this<MaterialX_v1_39_6::Element>::shared_from_this	memory	0x140192507
                         MaterialX_v1_39_6::InterfaceElement::getActiveValueElements	0.915171	0.947423	0.0		0.014174	0.014174	0.0	0.0	CpuHotPaths.exe	MaterialX_v1_39_6::InterfaceElement::getActiveValueElements(void)	Interface.cpp	0x1401c8a10
                          MaterialX_v1_39_6::Element::getChildrenOfType<class MaterialX_v1_39_6::ValueElement>	0.226637	0.234624	0.0		0.0	0.0	0.0	0.0	CpuHotPaths.exe	MaterialX_v1_39_6::Element::getChildrenOfType<class MaterialX_v1_39_6::ValueElement>(class std::basic_string<char,struct std::char_traits<char>,class std::allocator<char> > const &)	Element.cpp	0x1401a6530
                           MaterialX_v1_39_6::Element::asA<class MaterialX_v1_39_6::Document>	0.079362	0.082159	0.0		0.0	0.0	0.0	0.0	CpuHotPaths.exe	MaterialX_v1_39_6::Element::asA<class MaterialX_v1_39_6::Document>(void)	Element.cpp	0x1400ca410
                            std::shared_ptr<MaterialX_v1_39_6::Element const >::{dtor}	0.079362	0.082159	0.0		0.014801	0.014801	0.0	0.0	CpuHotPaths.exe	std::shared_ptr<MaterialX_v1_39_6::Element const >::{dtor}	memory	0x1400ca499
                           MaterialX_v1_39_6::Element::asA<class MaterialX_v1_39_6::ValueElement>	0.074233	0.076849	0.0		0.0	0.0	0.0	0.0	CpuHotPaths.exe	MaterialX_v1_39_6::Element::asA<class MaterialX_v1_39_6::ValueElement>(void)	Element.cpp	0x140192f90
                            std::dynamic_pointer_cast	0.074233	0.076849	0.0		0.013844	0.013844	0.0	0.0	CpuHotPaths.exe	std::dynamic_pointer_cast	memory	0x140192fd8
                           std::shared_ptr<MaterialX_v1_39_6::Element>::{ctor}	0.073042	0.075617	0.0		0.013622	0.013622	0.0	0.0	CpuHotPaths.exe	std::shared_ptr<MaterialX_v1_39_6::Element>::{ctor}	memory	0x1401a6745
                          MaterialX_v1_39_6::InheritanceIterator::{dtor}	0.155357	0.160832	0.0		0.0	0.0	0.0	0.0	CpuHotPaths.exe	MaterialX_v1_39_6::InheritanceIterator::{dtor}	Traversal.h	0x1401c8ddb
                           std::_Tree<std::_Tset_traits<std::shared_ptr<MaterialX_v1_39_6::Element const >,std::less<std::shared_ptr<MaterialX_v1_39_6::Element const > >,std::allocator<std::shared_ptr<MaterialX_v1_39_6::Element const > >,0> >::{dtor}	0.155357	0.160832	0.0		0.028974	0.028974	0.0	0.0	CpuHotPaths.exe	std::_Tree<std::_Tset_traits<std::shared_ptr<MaterialX_v1_39_6::Element const >,std::less<std::shared_ptr<MaterialX_v1_39_6::Element const > >,std::allocator<std::shared_ptr<MaterialX_v1_39_6::Element const > >,0> >::{dtor}	xtree	0x1401c8ddb
                          std::_Tree<std::_Tset_traits<std::basic_string<char,std::char_traits<char>,std::allocator<char> >,std::less<std::basic_string<char,std::char_traits<char>,std::allocator<char> > >,std::allocator<std::basic_string<char,std::char_traits<char>,std::allocator<char> > >,0> >::insert	0.155272	0.160744	0.0		0.0	0.0	0.0	0.0	CpuHotPaths.exe	std::_Tree<std::_Tset_traits<std::basic_string<char,std::char_traits<char>,std::allocator<char> >,std::less<std::basic_string<char,std::char_traits<char>,std::allocator<char> > >,std::allocator<std::basic_string<char,std::char_traits<char>,std::allocator<char> > >,0> >::insert	xtree	0x1401c8b30
                           operator new	0.155272	0.160744	0.0		0.0	0.0	0.0	0.0	CpuHotPaths.exe	operator new(unsigned __int64)	new_scalar.cpp	0x140234c58
                            malloc_base	0.155272	0.160744	0.0		0.028958	0.028958	0.0	0.0	ucrtbase.dll	malloc_base	[Unknown]	0x1800050a0
                          MaterialX_v1_39_6::Element::traverseInheritance	0.150782	0.156096	0.0		0.0	0.0	0.0	0.0	CpuHotPaths.exe	MaterialX_v1_39_6::Element::traverseInheritance(void)	Element.cpp	0x1400ce740
                           MaterialX_v1_39_6::Element::getSelf	0.078518	0.081285	0.0		0.0	0.0	0.0	0.0	CpuHotPaths.exe	MaterialX_v1_39_6::Element::getSelf	Element.h	0x1400ce746
                            std::enable_shared_from_this<MaterialX_v1_39_6::Element>::shared_from_this	0.078518	0.081285	0.0		0.014644	0.014644	0.0	0.0	CpuHotPaths.exe	std::enable_shared_from_this<MaterialX_v1_39_6::Element>::shared_from_this	memory	0x1400ce746
                           MaterialX_v1_39_6::InheritanceIterator::InheritanceIterator	0.072264	0.074811	0.0		0.0	0.0	0.0	0.0	CpuHotPaths.exe	MaterialX_v1_39_6::InheritanceIterator::InheritanceIterator(class std::shared_ptr<class MaterialX_v1_39_6::Element const >)	Traversal.h	0x1401b3840
                            std::set<std::shared_ptr<MaterialX_v1_39_6::Element const >,std::less<std::shared_ptr<MaterialX_v1_39_6::Element const > >,std::allocator<std::shared_ptr<MaterialX_v1_39_6::Element const > > >::{ctor}	0.072264	0.074811	0.0		0.0	0.0	0.0	0.0	CpuHotPaths.exe	std::set<std::shared_ptr<MaterialX_v1_39_6::Element const >,std::less<std::shared_ptr<MaterialX_v1_39_6::Element const > >,std::allocator<std::shared_ptr<MaterialX_v1_39_6::Element const > > >::{ctor}	set	0x1401b388b
                             operator new	0.072264	0.074811	0.0		0.0	0.0	0.0	0.0	CpuHotPaths.exe	operator new(unsigned __int64)	new_scalar.cpp	0x140234c58
                              malloc_base	0.072264	0.074811	0.0		0.013477	0.013477	0.0	0.0	ucrtbase.dll	malloc_base	[Unknown]	0x1800050a0
                          MaterialX_v1_39_6::InheritanceIterator::InheritanceIterator	0.076911	0.079621	0.0		0.0	0.0	0.0	0.0	CpuHotPaths.exe	MaterialX_v1_39_6::InheritanceIterator::InheritanceIterator(class MaterialX_v1_39_6::InheritanceIterator const &)	[Unknown]	0x1400f58a0
                           std::set<std::shared_ptr<MaterialX_v1_39_6::Element const >,std::less<std::shared_ptr<MaterialX_v1_39_6::Element const > >,std::allocator<std::shared_ptr<MaterialX_v1_39_6::Element const > > >::{ctor}	0.076911	0.079621	0.0		0.0	0.0	0.0	0.0	CpuHotPaths.exe	std::set<std::shared_ptr<MaterialX_v1_39_6::Element const >,std::less<std::shared_ptr<MaterialX_v1_39_6::Element const > >,std::allocator<std::shared_ptr<MaterialX_v1_39_6::Element const > > >::{ctor}	set	0x1400f58e2
                            operator new	0.076911	0.079621	0.0		0.0	0.0	0.0	0.0	CpuHotPaths.exe	operator new(unsigned __int64)	new_scalar.cpp	0x140234c58
                             malloc_base	0.076911	0.079621	0.0		0.014344	0.014344	0.0	0.0	ucrtbase.dll	malloc_base	[Unknown]	0x1800050a0
                          MaterialX_v1_39_6::InheritanceIterator::operator++	0.074213	0.076828	0.0		0.0	0.0	0.0	0.0	CpuHotPaths.exe	MaterialX_v1_39_6::InheritanceIterator::operator++(void)	Traversal.cpp	0x140204be0
                           MaterialX_v1_39_6::Element::getInheritsFrom	0.074213	0.076828	0.0		0.0	0.0	0.0	0.0	CpuHotPaths.exe	MaterialX_v1_39_6::Element::getInheritsFrom(void)	Element.h	0x1400e50d0
                            MaterialX_v1_39_6::Element::hasInheritString	0.074213	0.076828	0.0		0.0	0.0	0.0	0.0	CpuHotPaths.exe	MaterialX_v1_39_6::Element::hasInheritString	Element.h	0x1400e50df
                             MaterialX_v1_39_6::Element::hasAttribute	0.074213	0.076828	0.0		0.0	0.0	0.0	0.0	CpuHotPaths.exe	MaterialX_v1_39_6::Element::hasAttribute	Element.h	0x1400e50df
                              std::_Hash<std::_Umap_traits<std::basic_string<char,std::char_traits<char>,std::allocator<char> >,std::basic_string<char,std::char_traits<char>,std::allocator<char> >,std::_Uhash_compare<std::basic_string<char,std::char_traits<char>,std::allocator<char> >,std::hash<std::basic_string<char,std::char_traits<char>,std::allocator<char> > >,std::equal_to<std::basic_string<char,std::char_traits<char>,std::allocator<char> > > >,std::allocator<std::pair<std::basic_string<char,std::char_traits<char>,std::allocator<char> > const ,std::basic_string<char,std::char_traits<char>,std::allocator<char> > > >,0> >::count	0.074213	0.076828	0.0		0.013841	0.013841	0.0	0.0	CpuHotPaths.exe	std::_Hash<std::_Umap_traits<std::basic_string<char,std::char_traits<char>,std::allocator<char> >,std::basic_string<char,std::char_traits<char>,std::allocator<char> >,std::_Uhash_compare<std::basic_string<char,std::char_traits<char>,std::allocator<char> >,std::hash<std::basic_string<char,std::char_traits<char>,std::allocator<char> > >,std::equal_to<std::basic_string<char,std::char_traits<char>,std::allocator<char> > > >,std::allocator<std::pair<std::basic_string<char,std::char_traits<char>,std::allocator<char> > const ,std::basic_string<char,std::char_traits<char>,std::allocator<char> > > >,0> >::count	xhash	0x1400e50df
                         std::make_shared<MaterialX_v1_39_6::ShaderNode,MaterialX_v1_39_6::ShaderGraph const * &,std::basic_string<char,std::char_traits<char>,std::allocator<char> > const &>	0.377201	0.390494	0.0		0.0	0.0	0.0	0.0	CpuHotPaths.exe	std::make_shared<MaterialX_v1_39_6::ShaderNode,MaterialX_v1_39_6::ShaderGraph const * &,std::basic_string<char,std::char_traits<char>,std::allocator<char> > const &>(const class MaterialX_v1_39_6::ShaderGraph * & const, const class std::basic_string<char,std::char_traits<char>,std::allocator<char> > & const)	memory	0x14013e670
                          MaterialX_v1_39_6::ShaderNode::ShaderNode	0.223600	0.231480	0.0		0.0	0.0	0.0	0.0	CpuHotPaths.exe	MaterialX_v1_39_6::ShaderNode::ShaderNode(class MaterialX_v1_39_6::ShaderGraph const *,class std::basic_string<char,struct std::char_traits<char>,class std::allocator<char> > const &)	ShaderNode.cpp	0x14013e9c0
                           std::unordered_map<std::basic_string<char,std::char_traits<char>,std::allocator<char> >,std::shared_ptr<MaterialX_v1_39_6::ShaderInput>,std::hash<std::basic_string<char,std::char_traits<char>,std::allocator<char> > >,std::equal_to<std::basic_string<char,std::char_traits<char>,std::allocator<char> > >,std::allocator<std::pair<std::basic_string<char,std::char_traits<char>,std::allocator<char> > const ,std::shared_ptr<MaterialX_v1_39_6::ShaderInput> > > >::{ctor}	0.159201	0.164812	0.0		0.0	0.0	0.0	0.0	CpuHotPaths.exe	std::unordered_map<std::basic_string<char,std::char_traits<char>,std::allocator<char> >,std::shared_ptr<MaterialX_v1_39_6::ShaderInput>,std::hash<std::basic_string<char,std::char_traits<char>,std::allocator<char> > >,std::equal_to<std::basic_string<char,std::char_traits<char>,std::allocator<char> > >,std::allocator<std::pair<std::basic_string<char,std::char_traits<char>,std::allocator<char> > const ,std::shared_ptr<MaterialX_v1_39_6::ShaderInput> > > >::{ctor}	unordered_map	0x14013ea10
                            operator new	0.159201	0.164812	0.0		0.0	0.0	0.0	0.0	CpuHotPaths.exe	operator new(unsigned __int64)	new_scalar.cpp	0x140234c58
                             malloc_base	0.159201	0.164812	0.0		0.029691	0.029691	0.0	0.0	ucrtbase.dll	malloc_base	[Unknown]	0x1800050a0
                           std::unordered_map<std::basic_string<char,std::char_traits<char>,std::allocator<char> >,std::shared_ptr<MaterialX_v1_39_6::ShaderOutput>,std::hash<std::basic_string<char,std::char_traits<char>,std::allocator<char> > >,std::equal_to<std::basic_string<char,std::char_traits<char>,std::allocator<char> > >,std::allocator<std::pair<std::basic_string<char,std::char_traits<char>,std::allocator<char> > const ,std::shared_ptr<MaterialX_v1_39_6::ShaderOutput> > > >::{ctor}	0.064398	0.066668	0.0		0.0	0.0	0.0	0.0	CpuHotPaths.exe	std::unordered_map<std::basic_string<char,std::char_traits<char>,std::allocator<char> >,std::shared_ptr<MaterialX_v1_39_6::ShaderOutput>,std::hash<std::basic_string<char,std::char_traits<char>,std::allocator<char> > >,std::equal_to<std::basic_string<char,std::char_traits<char>,std::allocator<char> > >,std::allocator<std::pair<std::basic_string<char,std::char_traits<char>,std::allocator<char> > const ,std::shared_ptr<MaterialX_v1_39_6::ShaderOutput> > > >::{ctor}	unordered_map	0x14013ea80
                            operator new	0.064398	0.066668	0.0		0.0	0.0	0.0	0.0	CpuHotPaths.exe	operator new(unsigned __int64)	new_scalar.cpp	0x140234c58
                             malloc_base	0.064398	0.066668	0.0		0.012010	0.012010	0.0	0.0	ucrtbase.dll	malloc_base	[Unknown]	0x1800050a0
                          operator new	0.153601	0.159014	0.0		0.0	0.0	0.0	0.0	CpuHotPaths.exe	operator new(unsigned __int64)	new_scalar.cpp	0x140234c58
                           malloc_base	0.153601	0.159014	0.0		0.028646	0.028646	0.0	0.0	ucrtbase.dll	malloc_base	[Unknown]	0x1800050a0
                         MaterialX_v1_39_6::ShaderNode::addInput	0.301807	0.312443	0.0		0.0	0.0	0.0	0.0	CpuHotPaths.exe	MaterialX_v1_39_6::ShaderNode::addInput(class std::basic_string<char,struct std::char_traits<char>,class std::allocator<char> > const &,class MaterialX_v1_39_6::TypeDesc)	ShaderNode.cpp	0x140140990
                          std::make_shared<MaterialX_v1_39_6::ShaderInput,MaterialX_v1_39_6::ShaderNode *,MaterialX_v1_39_6::TypeDesc &,std::basic_string<char,std::char_traits<char>,std::allocator<char> > const &>	0.151038	0.156361	0.0		0.0	0.0	0.0	0.0	CpuHotPaths.exe	std::make_shared<MaterialX_v1_39_6::ShaderInput,MaterialX_v1_39_6::ShaderNode *,MaterialX_v1_39_6::TypeDesc &,std::basic_string<char,std::char_traits<char>,std::allocator<char> > const &>(class MaterialX_v1_39_6::ShaderNode * *, class MaterialX_v1_39_6::TypeDesc & const, const class std::basic_string<char,std::char_traits<char>,std::allocator<char> > & const)	memory	0x14013e4a0
                           operator new	0.151038	0.156361	0.0		0.0	0.0	0.0	0.0	CpuHotPaths.exe	operator new(unsigned __int64)	new_scalar.cpp	0x140234c58
                            malloc_base	0.151038	0.156361	0.0		0.028168	0.028168	0.0	0.0	ucrtbase.dll	malloc_base	[Unknown]	0x1800050a0
                          MaterialX_v1_39_6::ShaderNode::getInput	0.076463	0.079158	0.0		0.0	0.0	0.0	0.0	CpuHotPaths.exe	MaterialX_v1_39_6::ShaderNode::getInput(class std::basic_string<char,struct std::char_traits<char>,class std::allocator<char> > const &)	ShaderNode.cpp	0x140143520
                           std::_Hash<std::_Umap_traits<std::basic_string<char,std::char_traits<char>,std::allocator<char> >,std::shared_ptr<MaterialX_v1_39_6::ShaderInput>,std::_Uhash_compare<std::basic_string<char,std::char_traits<char>,std::allocator<char> >,std::hash<std::basic_string<char,std::char_traits<char>,std::allocator<char> > >,std::equal_to<std::basic_string<char,std::char_traits<char>,std::allocator<char> > > >,std::allocator<std::pair<std::basic_string<char,std::char_traits<char>,std::allocator<char> > const ,std::shared_ptr<MaterialX_v1_39_6::ShaderInput> > >,0> >::find	0.076463	0.079158	0.0		0.014260	0.014260	0.0	0.0	CpuHotPaths.exe	std::_Hash<std::_Umap_traits<std::basic_string<char,std::char_traits<char>,std::allocator<char> >,std::shared_ptr<MaterialX_v1_39_6::ShaderInput>,std::_Uhash_compare<std::basic_string<char,std::char_traits<char>,std::allocator<char> >,std::hash<std::basic_string<char,std::char_traits<char>,std::allocator<char> > >,std::equal_to<std::basic_string<char,std::char_traits<char>,std::allocator<char> > > >,std::allocator<std::pair<std::basic_string<char,std::char_traits<char>,std::allocator<char> > const ,std::shared_ptr<MaterialX_v1_39_6::ShaderInput> > >,0> >::find	xhash	0x14014352a
                          std::vector<MaterialX_v1_39_6::ShaderInput *,std::allocator<MaterialX_v1_39_6::ShaderInput *> >::push_back	0.074306	0.076925	0.0		0.0	0.0	0.0	0.0	CpuHotPaths.exe	std::vector<MaterialX_v1_39_6::ShaderInput *,std::allocator<MaterialX_v1_39_6::ShaderInput *> >::push_back	vector	0x140140a64
                           operator new	0.074306	0.076925	0.0		0.0	0.0	0.0	0.0	CpuHotPaths.exe	operator new(unsigned __int64)	new_scalar.cpp	0x140234c58
                            malloc_base	0.074306	0.076925	0.0		0.013858	0.013858	0.0	0.0	ucrtbase.dll	malloc_base	[Unknown]	0x1800050a0
                         MaterialX_v1_39_6::Element::getAttribute	0.151268	0.156599	0.0		0.0	0.0	0.0	0.0	CpuHotPaths.exe	MaterialX_v1_39_6::Element::getAttribute(class std::basic_string<char,struct std::char_traits<char>,class std::allocator<char> > const &)	Element.h	0x1400b15f0
                          std::_Hash<std::_Umap_traits<std::basic_string<char,std::char_traits<char>,std::allocator<char> >,std::basic_string<char,std::char_traits<char>,std::allocator<char> >,std::_Uhash_compare<std::basic_string<char,std::char_traits<char>,std::allocator<char> >,std::hash<std::basic_string<char,std::char_traits<char>,std::allocator<char> > >,std::equal_to<std::basic_string<char,std::char_traits<char>,std::allocator<char> > > >,std::allocator<std::pair<std::basic_string<char,std::char_traits<char>,std::allocator<char> > const ,std::basic_string<char,std::char_traits<char>,std::allocator<char> > > >,0> >::find	0.151268	0.156599	0.0		0.028211	0.028211	0.0	0.0	CpuHotPaths.exe	std::_Hash<std::_Umap_traits<std::basic_string<char,std::char_traits<char>,std::allocator<char> >,std::basic_string<char,std::char_traits<char>,std::allocator<char> >,std::_Uhash_compare<std::basic_string<char,std::char_traits<char>,std::allocator<char> >,std::hash<std::basic_string<char,std::char_traits<char>,std::allocator<char> > >,std::equal_to<std::basic_string<char,std::char_traits<char>,std::allocator<char> > > >,std::allocator<std::pair<std::basic_string<char,std::char_traits<char>,std::allocator<char> > const ,std::basic_string<char,std::char_traits<char>,std::allocator<char> > > >,0> >::find	xhash	0x1400b15fa
                         MaterialX_v1_39_6::ValueElement::getIsUniform	0.147007	0.152188	0.0		0.0	0.0	0.0	0.0	CpuHotPaths.exe	MaterialX_v1_39_6::ValueElement::getIsUniform	Element.h	0x140141802
                          MaterialX_v1_39_6::Element::getTypedAttribute<bool>	0.147007	0.152188	0.0		0.0	0.0	0.0	0.0	CpuHotPaths.exe	MaterialX_v1_39_6::Element::getTypedAttribute<bool>(class std::basic_string<char,struct std::char_traits<char>,class std::allocator<char> > const &)	Element.h	0x14013e270
                           MaterialX_v1_39_6::Element::hasAttribute	0.147007	0.152188	0.0		0.0	0.0	0.0	0.0	CpuHotPaths.exe	MaterialX_v1_39_6::Element::hasAttribute(class std::basic_string<char,struct std::char_traits<char>,class std::allocator<char> > const &)	Element.h	0x140143b30
                            std::_Hash<std::_Umap_traits<std::basic_string<char,std::char_traits<char>,std::allocator<char> >,std::basic_string<char,std::char_traits<char>,std::allocator<char> >,std::_Uhash_compare<std::basic_string<char,std::char_traits<char>,std::allocator<char> >,std::hash<std::basic_string<char,std::char_traits<char>,std::allocator<char> > >,std::equal_to<std::basic_string<char,std::char_traits<char>,std::allocator<char> > > >,std::allocator<std::pair<std::basic_string<char,std::char_traits<char>,std::allocator<char> > const ,std::basic_string<char,std::char_traits<char>,std::allocator<char> > > >,0> >::count	0.147007	0.152188	0.0		0.027417	0.027417	0.0	0.0	CpuHotPaths.exe	std::_Hash<std::_Umap_traits<std::basic_string<char,std::char_traits<char>,std::allocator<char> >,std::basic_string<char,std::char_traits<char>,std::allocator<char> >,std::_Uhash_compare<std::basic_string<char,std::char_traits<char>,std::allocator<char> >,std::hash<std::basic_string<char,std::char_traits<char>,std::allocator<char> > >,std::equal_to<std::basic_string<char,std::char_traits<char>,std::allocator<char> > > >,std::allocator<std::pair<std::basic_string<char,std::char_traits<char>,std::allocator<char> > const ,std::basic_string<char,std::char_traits<char>,std::allocator<char> > > >,0> >::count	xhash	0x140143b34
                         MaterialX_v1_39_6::GenContext::getTypeDesc	0.146513	0.151677	0.0		0.0	0.0	0.0	0.0	CpuHotPaths.exe	MaterialX_v1_39_6::GenContext::getTypeDesc	GenContext.h	0x140141500
                          std::shared_ptr<MaterialX_v1_39_6::TypeSystem>::{dtor}	0.146513	0.151677	0.0		0.027325	0.027325	0.0	0.0	CpuHotPaths.exe	std::shared_ptr<MaterialX_v1_39_6::TypeSystem>::{dtor}	memory	0x140141535
                         MaterialX_v1_39_6::ValueElement::getResolvedValueString	0.078861	0.081640	0.0		0.0	0.0	0.0	0.0	CpuHotPaths.exe	MaterialX_v1_39_6::ValueElement::getResolvedValueString(class std::shared_ptr<class MaterialX_v1_39_6::StringResolver>)	Element.cpp	0x14015ea30
                          std::basic_string<char,struct std::char_traits<char>,class std::allocator<char> >::basic_string<char,struct std::char_traits<char>,class std::allocator<char> >	0.078861	0.081640	0.0		0.0	0.0	0.0	0.0	CpuHotPaths.exe	std::basic_string<char,struct std::char_traits<char>,class std::allocator<char> >::basic_string<char,struct std::char_traits<char>,class std::allocator<char> >(class std::basic_string<char,struct std::char_traits<char>,class std::allocator<char> > const &)	xstring	0x1400aa8e0
                           operator new	0.078861	0.081640	0.0		0.0	0.0	0.0	0.0	CpuHotPaths.exe	operator new(unsigned __int64)	new_scalar.cpp	0x140234c58
                            malloc_base	0.078861	0.081640	0.0		0.014707	0.014707	0.0	0.0	ucrtbase.dll	malloc_base	[Unknown]	0x1800050a0
                         std::operator==	0.077618	0.080353	0.0		0.014476	0.014476	0.0	0.0	CpuHotPaths.exe	std::operator==	xstring	0x140141a7f
                         MaterialX_v1_39_6::Element::isA	0.077079	0.079795	0.0		0.0	0.0	0.0	0.0	CpuHotPaths.exe	MaterialX_v1_39_6::Element::isA	Element.h	0x14014160c
                          std::shared_ptr<MaterialX_v1_39_6::Input const >::{dtor}	0.077079	0.079795	0.0		0.014375	0.014375	0.0	0.0	CpuHotPaths.exe	std::shared_ptr<MaterialX_v1_39_6::Input const >::{dtor}	memory	0x14014161b
                         MaterialX_v1_39_6::GlslSyntax::remapEnumeration	0.076458	0.079153	0.0		0.0	0.0	0.0	0.0	CpuHotPaths.exe	MaterialX_v1_39_6::GlslSyntax::remapEnumeration(class std::basic_string<char,struct std::char_traits<char>,class std::allocator<char> > const &,class MaterialX_v1_39_6::TypeDesc,class std::basic_string<char,struct std::char_traits<char>,class std::allocator<char> > const &,struct std::pair<class MaterialX_v1_39_6::TypeDesc,class std::shared_ptr<class MaterialX_v1_39_6::Value> > &)	GlslSyntax.cpp	0x1400ca070
                          MaterialX_v1_39_6::splitString	0.076458	0.079153	0.0		0.0	0.0	0.0	0.0	CpuHotPaths.exe	MaterialX_v1_39_6::splitString(class std::basic_string<char,struct std::char_traits<char>,class std::allocator<char> > const &,class std::basic_string<char,struct std::char_traits<char>,class std::allocator<char> > const &)	Util.cpp	0x14017fd80
                           std::vector<std::basic_string<char,std::char_traits<char>,std::allocator<char> >,std::allocator<std::basic_string<char,std::char_traits<char>,std::allocator<char> > > >::push_back	0.076458	0.079153	0.0		0.014259	0.014259	0.0	0.0	CpuHotPaths.exe	std::vector<std::basic_string<char,std::char_traits<char>,std::allocator<char> >,std::allocator<std::basic_string<char,std::char_traits<char>,std::allocator<char> > > >::push_back	vector	0x14017fe59
                         MaterialX_v1_39_6::ShaderPort::setValue	0.075655	0.078321	0.0		0.0	0.0	0.0	0.0	CpuHotPaths.exe	MaterialX_v1_39_6::ShaderPort::setValue	ShaderNode.h	0x1401417e7
                          std::shared_ptr<class MaterialX_v1_39_6::Value>::operator=	0.075655	0.078321	0.0		0.014110	0.014110	0.0	0.0	CpuHotPaths.exe	std::shared_ptr<class MaterialX_v1_39_6::Value>::operator=(class std::shared_ptr<class MaterialX_v1_39_6::Value> const &)	memory	0x14013faf0
                         MaterialX_v1_39_6::ShaderNode::addOutput	0.074594	0.077223	0.0		0.0	0.0	0.0	0.0	CpuHotPaths.exe	MaterialX_v1_39_6::ShaderNode::addOutput(class std::basic_string<char,struct std::char_traits<char>,class std::allocator<char> > const &,class MaterialX_v1_39_6::TypeDesc)	ShaderNode.cpp	0x140140be0
                          std::make_shared<MaterialX_v1_39_6::ShaderOutput,MaterialX_v1_39_6::ShaderNode *,MaterialX_v1_39_6::TypeDesc &,std::basic_string<char,std::char_traits<char>,std::allocator<char> > const &>	0.074594	0.077223	0.0		0.0	0.0	0.0	0.0	CpuHotPaths.exe	std::make_shared<MaterialX_v1_39_6::ShaderOutput,MaterialX_v1_39_6::ShaderNode *,MaterialX_v1_39_6::TypeDesc &,std::basic_string<char,std::char_traits<char>,std::allocator<char> > const &>(class MaterialX_v1_39_6::ShaderNode * *, class MaterialX_v1_39_6::TypeDesc & const, const class std::basic_string<char,std::char_traits<char>,std::allocator<char> > & const)	memory	0x14013e730
                           operator new	0.074594	0.077223	0.0		0.0	0.0	0.0	0.0	CpuHotPaths.exe	operator new(unsigned __int64)	new_scalar.cpp	0x140234c58
                            malloc_base	0.074594	0.077223	0.0		0.013912	0.013912	0.0	0.0	ucrtbase.dll	malloc_base	[Unknown]	0x1800050a0
                         MaterialX_v1_39_6::NodeDef::getNodeGroup	0.074017	0.076626	0.0		0.0	0.0	0.0	0.0	CpuHotPaths.exe	MaterialX_v1_39_6::NodeDef::getNodeGroup	Definition.h	0x140141a36
                          MaterialX_v1_39_6::Element::getAttribute	0.074017	0.076626	0.0		0.0	0.0	0.0	0.0	CpuHotPaths.exe	MaterialX_v1_39_6::Element::getAttribute(class std::basic_string<char,struct std::char_traits<char>,class std::allocator<char> > const &)	Element.h	0x1400b15f0
                           std::_Hash<std::_Umap_traits<std::basic_string<char,std::char_traits<char>,std::allocator<char> >,std::basic_string<char,std::char_traits<char>,std::allocator<char> >,std::_Uhash_compare<std::basic_string<char,std::char_traits<char>,std::allocator<char> >,std::hash<std::basic_string<char,std::char_traits<char>,std::allocator<char> > >,std::equal_to<std::basic_string<char,std::char_traits<char>,std::allocator<char> > > >,std::allocator<std::pair<std::basic_string<char,std::char_traits<char>,std::allocator<char> > const ,std::basic_string<char,std::char_traits<char>,std::allocator<char> > > >,0> >::find	0.074017	0.076626	0.0		0.013804	0.013804	0.0	0.0	CpuHotPaths.exe	std::_Hash<std::_Umap_traits<std::basic_string<char,std::char_traits<char>,std::allocator<char> >,std::basic_string<char,std::char_traits<char>,std::allocator<char> >,std::_Uhash_compare<std::basic_string<char,std::char_traits<char>,std::allocator<char> >,std::hash<std::basic_string<char,std::char_traits<char>,std::allocator<char> > >,std::equal_to<std::basic_string<char,std::char_traits<char>,std::allocator<char> > > >,std::allocator<std::pair<std::basic_string<char,std::char_traits<char>,std::allocator<char> > const ,std::basic_string<char,std::char_traits<char>,std::allocator<char> > > >,0> >::find	xhash	0x1400b15fa
                         std::operator==	0.072820	0.075387	0.0		0.013581	0.013581	0.0	0.0	CpuHotPaths.exe	std::operator==	xstring	0x140141e41
                        std::unordered_map<std::basic_string<char,std::char_traits<char>,std::allocator<char> >,std::shared_ptr<MaterialX_v1_39_6::ShaderNode>,std::hash<std::basic_string<char,std::char_traits<char>,std::allocator<char> > >,std::equal_to<std::basic_string<char,std::char_traits<char>,std::allocator<char> > >,std::allocator<std::pair<std::basic_string<char,std::char_traits<char>,std::allocator<char> > const ,std::shared_ptr<MaterialX_v1_39_6::ShaderNode> > > >::operator[]	0.146115	0.151265	0.0		0.013153	0.013153	0.0	0.0	CpuHotPaths.exe	std::unordered_map<std::basic_string<char,std::char_traits<char>,std::allocator<char> >,std::shared_ptr<MaterialX_v1_39_6::ShaderNode>,std::hash<std::basic_string<char,std::char_traits<char>,std::allocator<char> > >,std::equal_to<std::basic_string<char,std::char_traits<char>,std::allocator<char> > >,std::allocator<std::pair<std::basic_string<char,std::char_traits<char>,std::allocator<char> > const ,std::shared_ptr<MaterialX_v1_39_6::ShaderNode> > > >::operator[]	unordered_map	0x140162b92
                         operator new	0.075587	0.078251	0.0		0.0	0.0	0.0	0.0	CpuHotPaths.exe	operator new(unsigned __int64)	new_scalar.cpp	0x140234c58
                          malloc_base	0.075587	0.078251	0.0		0.014097	0.014097	0.0	0.0	ucrtbase.dll	malloc_base	[Unknown]	0x1800050a0
                       MaterialX_v1_39_6::ShaderNode::initialize	4.507842	4.585218	2.312268		0.014605	0.014605	0.0	0.0	CpuHotPaths.exe	MaterialX_v1_39_6::ShaderNode::initialize(class MaterialX_v1_39_6::Node const &,class MaterialX_v1_39_6::NodeDef const &,class MaterialX_v1_39_6::GenContext &)	ShaderNode.cpp	0x140143bd0
                        MaterialX_v1_39_6::InterfaceElement::getActiveValueElement	0.769204	0.796312	0.0		0.014379	0.014379	0.0	0.0	CpuHotPaths.exe	MaterialX_v1_39_6::InterfaceElement::getActiveValueElement(class std::basic_string<char,struct std::char_traits<char>,class std::allocator<char> > const &)	Interface.cpp	0x1401adb20
                         MaterialX_v1_39_6::InheritanceIterator::InheritanceIterator	0.386429	0.400047	0.0		0.0	0.0	0.0	0.0	CpuHotPaths.exe	MaterialX_v1_39_6::InheritanceIterator::InheritanceIterator(class MaterialX_v1_39_6::InheritanceIterator const &)	[Unknown]	0x1400f58a0
                          std::set<std::shared_ptr<MaterialX_v1_39_6::Element const >,std::less<std::shared_ptr<MaterialX_v1_39_6::Element const > >,std::allocator<std::shared_ptr<MaterialX_v1_39_6::Element const > > >::{ctor}	0.386429	0.400047	0.0		0.0	0.0	0.0	0.0	CpuHotPaths.exe	std::set<std::shared_ptr<MaterialX_v1_39_6::Element const >,std::less<std::shared_ptr<MaterialX_v1_39_6::Element const > >,std::allocator<std::shared_ptr<MaterialX_v1_39_6::Element const > > >::{ctor}	set	0x1400f58e2
                           operator new	0.386429	0.400047	0.0		0.0	0.0	0.0	0.0	CpuHotPaths.exe	operator new(unsigned __int64)	new_scalar.cpp	0x140234c58
                            malloc_base	0.386429	0.400047	0.0		0.072069	0.072069	0.0	0.0	ucrtbase.dll	malloc_base	[Unknown]	0x1800050a0
                         MaterialX_v1_39_6::Element::traverseInheritance	0.157378	0.162924	0.0		0.0	0.0	0.0	0.0	CpuHotPaths.exe	MaterialX_v1_39_6::Element::traverseInheritance(void)	Element.cpp	0x1400ce740
                          MaterialX_v1_39_6::InheritanceIterator::InheritanceIterator	0.157378	0.162924	0.0		0.0	0.0	0.0	0.0	CpuHotPaths.exe	MaterialX_v1_39_6::InheritanceIterator::InheritanceIterator(class std::shared_ptr<class MaterialX_v1_39_6::Element const >)	Traversal.h	0x1401b3840
                           std::set<std::shared_ptr<MaterialX_v1_39_6::Element const >,std::less<std::shared_ptr<MaterialX_v1_39_6::Element const > >,std::allocator<std::shared_ptr<MaterialX_v1_39_6::Element const > > >::{ctor}	0.079244	0.082037	0.0		0.0	0.0	0.0	0.0	CpuHotPaths.exe	std::set<std::shared_ptr<MaterialX_v1_39_6::Element const >,std::less<std::shared_ptr<MaterialX_v1_39_6::Element const > >,std::allocator<std::shared_ptr<MaterialX_v1_39_6::Element const > > >::{ctor}	set	0x1401b388b
                            operator new	0.079244	0.082037	0.0		0.0	0.0	0.0	0.0	CpuHotPaths.exe	operator new(unsigned __int64)	new_scalar.cpp	0x140234c58
                             malloc_base	0.079244	0.082037	0.0		0.014779	0.014779	0.0	0.0	ucrtbase.dll	malloc_base	[Unknown]	0x1800050a0
                           std::_Tree<std::_Tset_traits<std::shared_ptr<MaterialX_v1_39_6::Element const >,std::less<std::shared_ptr<MaterialX_v1_39_6::Element const > >,std::allocator<std::shared_ptr<MaterialX_v1_39_6::Element const > >,0> >::insert	0.078134	0.080888	0.0		0.0	0.0	0.0	0.0	CpuHotPaths.exe	std::_Tree<std::_Tset_traits<std::shared_ptr<MaterialX_v1_39_6::Element const >,std::less<std::shared_ptr<MaterialX_v1_39_6::Element const > >,std::allocator<std::shared_ptr<MaterialX_v1_39_6::Element const > >,0> >::insert	xtree	0x1401b38b4
                            operator new	0.078134	0.080888	0.0		0.0	0.0	0.0	0.0	CpuHotPaths.exe	operator new(unsigned __int64)	new_scalar.cpp	0x140234c58
                             malloc_base	0.078134	0.080888	0.0		0.014572	0.014572	0.0	0.0	ucrtbase.dll	malloc_base	[Unknown]	0x1800050a0
                         MaterialX_v1_39_6::Element::getChildOfType<class MaterialX_v1_39_6::ValueElement>	0.075629	0.078294	0.0		0.0	0.0	0.0	0.0	CpuHotPaths.exe	MaterialX_v1_39_6::Element::getChildOfType<class MaterialX_v1_39_6::ValueElement>(class std::basic_string<char,struct std::char_traits<char>,class std::allocator<char> > const &)	Element.cpp	0x14019c4e0
                          MaterialX_v1_39_6::Element::asA<class MaterialX_v1_39_6::Document>	0.075629	0.078294	0.0		0.0	0.0	0.0	0.0	CpuHotPaths.exe	MaterialX_v1_39_6::Element::asA<class MaterialX_v1_39_6::Document>(void)	Element.cpp	0x1400ca410
                           std::dynamic_pointer_cast	0.075629	0.078294	0.0		0.014105	0.014105	0.0	0.0	CpuHotPaths.exe	std::dynamic_pointer_cast	memory	0x1400ca458
                         MaterialX_v1_39_6::InheritanceIterator::{dtor}	0.072667	0.075228	0.0		0.0	0.0	0.0	0.0	CpuHotPaths.exe	MaterialX_v1_39_6::InheritanceIterator::{dtor}	Traversal.h	0x1401addad
                          std::_Tree<std::_Tset_traits<std::shared_ptr<MaterialX_v1_39_6::Element const >,std::less<std::shared_ptr<MaterialX_v1_39_6::Element const > >,std::allocator<std::shared_ptr<MaterialX_v1_39_6::Element const > >,0> >::{dtor}	0.072667	0.075228	0.0		0.013552	0.013552	0.0	0.0	CpuHotPaths.exe	std::_Tree<std::_Tset_traits<std::shared_ptr<MaterialX_v1_39_6::Element const >,std::less<std::shared_ptr<MaterialX_v1_39_6::Element const > >,std::allocator<std::shared_ptr<MaterialX_v1_39_6::Element const > >,0> >::{dtor}	xtree	0x1401addad
                        MaterialX_v1_39_6::TypedValue<float>::getValueString	0.686797	0.629512	2.312268		0.0	0.0	0.0	0.0	CpuHotPaths.exe	MaterialX_v1_39_6::TypedValue<float>::getValueString(void)	Value.cpp	0x1401f6810
                         MaterialX_v1_39_6::toValueString<float>	0.686797	0.629512	2.312268		0.014632	0.014632	0.0	0.0	CpuHotPaths.exe	MaterialX_v1_39_6::toValueString<float>(float const &)	Value.cpp	0x1401fe7e0
                          std::basic_ostream<char,struct std::char_traits<char> >::operator<<	0.608340	0.548291	2.312268		0.113455	0.098775	0.014680	0.0	MSVCP140.dll	std::basic_ostream<char,struct std::char_traits<char> >::operator<<(float)	[Unknown]	0x18004fa10
                        MaterialX_v1_39_6::InterfaceElement::getActiveValueElements	0.534051	0.552872	0.0		0.0	0.0	0.0	0.0	CpuHotPaths.exe	MaterialX_v1_39_6::InterfaceElement::getActiveValueElements(void)	Interface.cpp	0x1401c8a10
                         std::vector<std::shared_ptr<MaterialX_v1_39_6::ValueElement>,std::allocator<std::shared_ptr<MaterialX_v1_39_6::ValueElement> > >::push_back	0.226591	0.234577	0.0		0.0	0.0	0.0	0.0	CpuHotPaths.exe	std::vector<std::shared_ptr<MaterialX_v1_39_6::ValueElement>,std::allocator<std::shared_ptr<MaterialX_v1_39_6::ValueElement> > >::push_back	vector	0x1401c8c6c
                          operator new	0.226591	0.234577	0.0		0.0	0.0	0.0	0.0	CpuHotPaths.exe	operator new(unsigned __int64)	new_scalar.cpp	0x140234c58
                           malloc_base	0.154923	0.160383	0.0		0.028893	0.028893	0.0	0.0	ucrtbase.dll	malloc_base	[Unknown]	0x1800050a0
                           [Import thunk malloc]	0.071668	0.074194	0.0		0.013366	0.013366	0.0	0.0	CpuHotPaths.exe	[Import thunk malloc]	[Unknown]	0x140236896
                         MaterialX_v1_39_6::Element::getChildrenOfType<class MaterialX_v1_39_6::ValueElement>	0.226282	0.234257	0.0		0.028545	0.028545	0.0	0.0	CpuHotPaths.exe	MaterialX_v1_39_6::Element::getChildrenOfType<class MaterialX_v1_39_6::ValueElement>(class std::basic_string<char,struct std::char_traits<char>,class std::allocator<char> > const &)	Element.cpp	0x1401a6530
                          std::shared_ptr<MaterialX_v1_39_6::Element>::{ctor}	0.073225	0.075805	0.0		0.013656	0.013656	0.0	0.0	CpuHotPaths.exe	std::shared_ptr<MaterialX_v1_39_6::Element>::{ctor}	memory	0x1401a6745
                         MaterialX_v1_39_6::InheritanceIterator::InheritanceIterator	0.081177	0.084038	0.0		0.0	0.0	0.0	0.0	CpuHotPaths.exe	MaterialX_v1_39_6::InheritanceIterator::InheritanceIterator(class MaterialX_v1_39_6::InheritanceIterator const &)	[Unknown]	0x1400f58a0
                          std::set<std::shared_ptr<MaterialX_v1_39_6::Element const >,std::less<std::shared_ptr<MaterialX_v1_39_6::Element const > >,std::allocator<std::shared_ptr<MaterialX_v1_39_6::Element const > > >::{ctor}	0.081177	0.084038	0.0		0.0	0.0	0.0	0.0	CpuHotPaths.exe	std::set<std::shared_ptr<MaterialX_v1_39_6::Element const >,std::less<std::shared_ptr<MaterialX_v1_39_6::Element const > >,std::allocator<std::shared_ptr<MaterialX_v1_39_6::Element const > > >::{ctor}	set	0x1400f58e2
                           operator new	0.081177	0.084038	0.0		0.0	0.0	0.0	0.0	CpuHotPaths.exe	operator new(unsigned __int64)	new_scalar.cpp	0x140234c58
                            malloc_base	0.081177	0.084038	0.0		0.015139	0.015139	0.0	0.0	ucrtbase.dll	malloc_base	[Unknown]	0x1800050a0
                        MaterialX_v1_39_6::Element::getNamePath	0.531586	0.550320	0.0		0.013195	0.013195	0.0	0.0	CpuHotPaths.exe	MaterialX_v1_39_6::Element::getNamePath(class std::shared_ptr<class MaterialX_v1_39_6::Element const >)	Element.cpp	0x1401a41f0
                         std::shared_ptr<MaterialX_v1_39_6::Element const >::{dtor}	0.079728	0.082538	0.0		0.014869	0.014869	0.0	0.0	CpuHotPaths.exe	std::shared_ptr<MaterialX_v1_39_6::Element const >::{dtor}	memory	0x1401a4735
                         MaterialX_v1_39_6::Element::getDocument	0.077325	0.080050	0.0		0.0	0.0	0.0	0.0	CpuHotPaths.exe	MaterialX_v1_39_6::Element::getDocument	Element.cpp	0x1401a4249
                          MaterialX_v1_39_6::Element::getRoot	0.077325	0.080050	0.0		0.014421	0.014421	0.0	0.0	CpuHotPaths.exe	MaterialX_v1_39_6::Element::getRoot(void)	Element.cpp	0x1400e3ed0
                         std::operator+	0.076876	0.079585	0.0		0.0	0.0	0.0	0.0	CpuHotPaths.exe	std::operator+	xstring	0x1401a4487
                          operator new	0.076876	0.079585	0.0		0.0	0.0	0.0	0.0	CpuHotPaths.exe	operator new(unsigned __int64)	new_scalar.cpp	0x140234c58
                           malloc_base	0.076876	0.079585	0.0		0.014337	0.014337	0.0	0.0	ucrtbase.dll	malloc_base	[Unknown]	0x1800050a0
                         std::basic_string<char,std::char_traits<char>,std::allocator<char> >::operator=	0.076485	0.079181	0.0		0.014264	0.014264	0.0	0.0	CpuHotPaths.exe	std::basic_string<char,std::char_traits<char>,std::allocator<char> >::operator=	xstring	0x1401a4539
                         std::operator+	0.075717	0.078386	0.0		0.0	0.0	0.0	0.0	CpuHotPaths.exe	std::operator+	xstring	0x1401a44e7
                          [Import thunk memmove]	0.075717	0.078386	0.0		0.014121	0.014121	0.0	0.0	CpuHotPaths.exe	[Import thunk memmove]	[Unknown]	0x1402367ca
                         std::basic_string<char,std::char_traits<char>,std::allocator<char> >::{dtor}	0.074702	0.077334	0.0		0.013932	0.013932	0.0	0.0	CpuHotPaths.exe	std::basic_string<char,std::char_traits<char>,std::allocator<char> >::{dtor}	xstring	0x1401a4570
                        MaterialX_v1_39_6::ValueElement::getResolvedValue	0.529869	0.548542	0.0		0.0	0.0	0.0	0.0	CpuHotPaths.exe	MaterialX_v1_39_6::ValueElement::getResolvedValue(class std::shared_ptr<class MaterialX_v1_39_6::StringResolver>)	Element.cpp	0x14015d180
                         MaterialX_v1_39_6::Value::createValueFromStrings	0.529869	0.548542	0.0		0.0	0.0	0.0	0.0	CpuHotPaths.exe	MaterialX_v1_39_6::Value::createValueFromStrings(class std::basic_string<char,struct std::char_traits<char>,class std::allocator<char> > const &,class std::basic_string<char,struct std::char_traits<char>,class std::allocator<char> > const &,class std::shared_ptr<class MaterialX_v1_39_6::TypeDef const >)	Value.cpp	0x140202b00
                          MaterialX_v1_39_6::TypedValue<class MaterialX_v1_39_6::Vector3>::createFromString	0.231450	0.239607	0.0		0.0	0.0	0.0	0.0	CpuHotPaths.exe	MaterialX_v1_39_6::TypedValue<class MaterialX_v1_39_6::Vector3>::createFromString(class std::basic_string<char,struct std::char_traits<char>,class std::allocator<char> > const &)	Value.cpp	0x140202690
                           MaterialX_v1_39_6::fromValueString	0.231450	0.239607	0.0		0.0	0.0	0.0	0.0	CpuHotPaths.exe	MaterialX_v1_39_6::fromValueString	Value.cpp	0x1402026ba
                            MaterialX_v1_39_6::fromValueString<float>	0.231450	0.239607	0.0		0.0	0.0	0.0	0.0	CpuHotPaths.exe	MaterialX_v1_39_6::fromValueString<float>(class std::basic_string<char,struct std::char_traits<char>,class std::allocator<char> > const &)	Value.cpp	0x1401fb630
                             func@0x180045990	0.154010	0.159438	0.0		0.028723	0.028723	0.0	0.0	MSVCP140.dll	func@0x180045990	[Unknown]	0x180045990
                             std::basic_stringstream<char,std::char_traits<char>,std::allocator<char> >::{ctor}	0.077440	0.080169	0.0		0.014442	0.014442	0.0	0.0	CpuHotPaths.exe	std::basic_stringstream<char,std::char_traits<char>,std::allocator<char> >::{ctor}	sstream	0x1401fb66b
                          MaterialX_v1_39_6::TypedValue<float>::createFromString	0.149183	0.154440	0.0		0.0	0.0	0.0	0.0	CpuHotPaths.exe	MaterialX_v1_39_6::TypedValue<float>::createFromString(class std::basic_string<char,struct std::char_traits<char>,class std::allocator<char> > const &)	Value.cpp	0x140201540
                           MaterialX_v1_39_6::fromValueString<float>	0.149183	0.154440	0.0		0.0	0.0	0.0	0.0	CpuHotPaths.exe	MaterialX_v1_39_6::fromValueString<float>(class std::basic_string<char,struct std::char_traits<char>,class std::allocator<char> > const &)	Value.cpp	0x1401fb630
                            std::basic_stringstream<char,std::char_traits<char>,std::allocator<char> >::{dtor}	0.075717	0.078385	0.0		0.014121	0.014121	0.0	0.0	CpuHotPaths.exe	std::basic_stringstream<char,std::char_traits<char>,std::allocator<char> >::{dtor}	sstream	0x1401fb755
                            func@0x180045990	0.073466	0.076055	0.0		0.013701	0.013701	0.0	0.0	MSVCP140.dll	func@0x180045990	[Unknown]	0x180045990
                          MaterialX_v1_39_6::TypedValue<class MaterialX_v1_39_6::Color3>::createFromString	0.075479	0.078139	0.0		0.0	0.0	0.0	0.0	CpuHotPaths.exe	MaterialX_v1_39_6::TypedValue<class MaterialX_v1_39_6::Color3>::createFromString(class std::basic_string<char,struct std::char_traits<char>,class std::allocator<char> > const &)	Value.cpp	0x140201d00
                           MaterialX_v1_39_6::fromValueString	0.075479	0.078139	0.0		0.0	0.0	0.0	0.0	CpuHotPaths.exe	MaterialX_v1_39_6::fromValueString	Value.cpp	0x140201d2a
                            MaterialX_v1_39_6::fromValueString<float>	0.075479	0.078139	0.0		0.0	0.0	0.0	0.0	CpuHotPaths.exe	MaterialX_v1_39_6::fromValueString<float>(class std::basic_string<char,struct std::char_traits<char>,class std::allocator<char> > const &)	Value.cpp	0x1401fb630
                             func@0x180045990	0.075479	0.078139	0.0		0.014077	0.014077	0.0	0.0	MSVCP140.dll	func@0x180045990	[Unknown]	0x180045990
                          MaterialX_v1_39_6::TypedValue<class std::basic_string<char,struct std::char_traits<char>,class std::allocator<char> > >::createFromString	0.073757	0.076356	0.0		0.0	0.0	0.0	0.0	CpuHotPaths.exe	MaterialX_v1_39_6::TypedValue<class std::basic_string<char,struct std::char_traits<char>,class std::allocator<char> > >::createFromString(class std::basic_string<char,struct std::char_traits<char>,class std::allocator<char> > const &)	Value.cpp	0x1402018d0
                           MaterialX_v1_39_6::fromValueString	0.073757	0.076356	0.0		0.0	0.0	0.0	0.0	CpuHotPaths.exe	MaterialX_v1_39_6::fromValueString	Value.cpp	0x1402018f6
                            std::basic_string<char,std::char_traits<char>,std::allocator<char> >::operator=	0.073757	0.076356	0.0		0.013756	0.013756	0.0	0.0	CpuHotPaths.exe	std::basic_string<char,std::char_traits<char>,std::allocator<char> >::operator=	xstring	0x140201915
                        MaterialX_v1_39_6::InterfaceElement::getActiveInputs	0.526449	0.545001	0.0		0.0	0.0	0.0	0.0	CpuHotPaths.exe	MaterialX_v1_39_6::InterfaceElement::getActiveInputs(void)	Interface.cpp	0x1401d0b40
                         MaterialX_v1_39_6::InterfaceElement::getInputs	0.452251	0.468189	0.0		0.0	0.0	0.0	0.0	CpuHotPaths.exe	MaterialX_v1_39_6::InterfaceElement::getInputs	Interface.h	0x1401d0b8e
                          MaterialX_v1_39_6::Element::getChildrenOfType<class MaterialX_v1_39_6::Input>	0.452251	0.468189	0.0		0.027501	0.027501	0.0	0.0	CpuHotPaths.exe	MaterialX_v1_39_6::Element::getChildrenOfType<class MaterialX_v1_39_6::Input>(class std::basic_string<char,struct std::char_traits<char>,class std::allocator<char> > const &)	Element.cpp	0x14019ab80
                           std::vector<std::shared_ptr<MaterialX_v1_39_6::Input>,std::allocator<std::shared_ptr<MaterialX_v1_39_6::Input> > >::push_back	0.304794	0.315535	0.0		0.014282	0.014282	0.0	0.0	CpuHotPaths.exe	std::vector<std::shared_ptr<MaterialX_v1_39_6::Input>,std::allocator<std::shared_ptr<MaterialX_v1_39_6::Input> > >::push_back	vector	0x14019ae7b
                            operator new	0.228214	0.236256	0.0		0.0	0.0	0.0	0.0	CpuHotPaths.exe	operator new(unsigned __int64)	new_scalar.cpp	0x140234c58
                             malloc_base	0.228214	0.236256	0.0		0.042562	0.042562	0.0	0.0	ucrtbase.dll	malloc_base	[Unknown]	0x1800050a0
                         MaterialX_v1_39_6::Element::isA<class MaterialX_v1_39_6::Document>	0.074198	0.076813	0.0		0.0	0.0	0.0	0.0	CpuHotPaths.exe	MaterialX_v1_39_6::Element::isA<class MaterialX_v1_39_6::Document>(class std::basic_string<char,struct std::char_traits<char>,class std::allocator<char> > const &)	Element.h	0x1401cca80
                          MaterialX_v1_39_6::Element::asA<class MaterialX_v1_39_6::Document>	0.074198	0.076813	0.0		0.0	0.0	0.0	0.0	CpuHotPaths.exe	MaterialX_v1_39_6::Element::asA<class MaterialX_v1_39_6::Document>(void)	Element.cpp	0x1400ca410
                           MaterialX_v1_39_6::Element::getSelf	0.074198	0.076813	0.0		0.0	0.0	0.0	0.0	CpuHotPaths.exe	MaterialX_v1_39_6::Element::getSelf	Element.h	0x1400ca427
                            std::enable_shared_from_this<MaterialX_v1_39_6::Element>::shared_from_this	0.074198	0.076813	0.0		0.013838	0.013838	0.0	0.0	CpuHotPaths.exe	std::enable_shared_from_this<MaterialX_v1_39_6::Element>::shared_from_this	memory	0x1400ca427
                        MaterialX_v1_39_6::ShaderNode::getInput	0.159222	0.164833	0.0		0.0	0.0	0.0	0.0	CpuHotPaths.exe	MaterialX_v1_39_6::ShaderNode::getInput	ShaderNode.cpp	0x1401445e9
                         std::_Hash<std::_Umap_traits<std::basic_string<char,std::char_traits<char>,std::allocator<char> >,std::shared_ptr<MaterialX_v1_39_6::ShaderInput>,std::_Uhash_compare<std::basic_string<char,std::char_traits<char>,std::allocator<char> >,std::hash<std::basic_string<char,std::char_traits<char>,std::allocator<char> > >,std::equal_to<std::basic_string<char,std::char_traits<char>,std::allocator<char> > > >,std::allocator<std::pair<std::basic_string<char,std::char_traits<char>,std::allocator<char> > const ,std::shared_ptr<MaterialX_v1_39_6::ShaderInput> > >,0> >::find	0.159222	0.164833	0.0		0.029695	0.029695	0.0	0.0	CpuHotPaths.exe	std::_Hash<std::_Umap_traits<std::basic_string<char,std::char_traits<char>,std::allocator<char> >,std::shared_ptr<MaterialX_v1_39_6::ShaderInput>,std::_Uhash_compare<std::basic_string<char,std::char_traits<char>,std::allocator<char> >,std::hash<std::basic_string<char,std::char_traits<char>,std::allocator<char> > >,std::equal_to<std::basic_string<char,std::char_traits<char>,std::allocator<char> > > >,std::allocator<std::pair<std::basic_string<char,std::char_traits<char>,std::allocator<char> > const ,std::shared_ptr<MaterialX_v1_39_6::ShaderInput> > >,0> >::find	xhash	0x1401445e9
                        MaterialX_v1_39_6::ShaderPort::setPath	0.158629	0.164219	0.0		0.0	0.0	0.0	0.0	CpuHotPaths.exe	MaterialX_v1_39_6::ShaderPort::setPath	ShaderNode.h	0x140144497
                         std::basic_string<char,std::char_traits<char>,std::allocator<char> >::operator=	0.158629	0.164219	0.0		0.014818	0.014818	0.0	0.0	CpuHotPaths.exe	std::basic_string<char,std::char_traits<char>,std::allocator<char> >::operator=	xstring	0x14014449b
                          operator new	0.079177	0.081967	0.0		0.0	0.0	0.0	0.0	CpuHotPaths.exe	operator new(unsigned __int64)	new_scalar.cpp	0x140234c58
                           malloc_base	0.079177	0.081967	0.0		0.014766	0.014766	0.0	0.0	ucrtbase.dll	malloc_base	[Unknown]	0x1800050a0
                        MaterialX_v1_39_6::Input::getInterfaceInput	0.153049	0.158442	0.0		0.0	0.0	0.0	0.0	CpuHotPaths.exe	MaterialX_v1_39_6::Input::getInterfaceInput(void)	Interface.cpp	0x1400fa4a0
                         MaterialX_v1_39_6::InterfaceElement::getInput	0.153049	0.158442	0.0		0.0	0.0	0.0	0.0	CpuHotPaths.exe	MaterialX_v1_39_6::InterfaceElement::getInput	Interface.h	0x1400fa4e9
                          MaterialX_v1_39_6::Element::getChildOfType<class MaterialX_v1_39_6::Input>	0.153049	0.158442	0.0		0.0	0.0	0.0	0.0	CpuHotPaths.exe	MaterialX_v1_39_6::Element::getChildOfType<class MaterialX_v1_39_6::Input>(class std::basic_string<char,struct std::char_traits<char>,class std::allocator<char> > const &)	Element.cpp	0x140127ca0
                           MaterialX_v1_39_6::Element::getChild	0.080555	0.083394	0.0		0.0	0.0	0.0	0.0	CpuHotPaths.exe	MaterialX_v1_39_6::Element::getChild(class std::basic_string<char,struct std::char_traits<char>,class std::allocator<char> > const &)	Element.cpp	0x1400ef910
                            std::_Hash<std::_Umap_traits<std::basic_string<char,std::char_traits<char>,std::allocator<char> >,std::shared_ptr<MaterialX_v1_39_6::Element>,std::_Uhash_compare<std::basic_string<char,std::char_traits<char>,std::allocator<char> >,std::hash<std::basic_string<char,std::char_traits<char>,std::allocator<char> > >,std::equal_to<std::basic_string<char,std::char_traits<char>,std::allocator<char> > > >,std::allocator<std::pair<std::basic_string<char,std::char_traits<char>,std::allocator<char> > const ,std::shared_ptr<MaterialX_v1_39_6::Element> > >,0> >::find	0.080555	0.083394	0.0		0.015023	0.015023	0.0	0.0	CpuHotPaths.exe	std::_Hash<std::_Umap_traits<std::basic_string<char,std::char_traits<char>,std::allocator<char> >,std::shared_ptr<MaterialX_v1_39_6::Element>,std::_Uhash_compare<std::basic_string<char,std::char_traits<char>,std::allocator<char> >,std::hash<std::basic_string<char,std::char_traits<char>,std::allocator<char> > >,std::equal_to<std::basic_string<char,std::char_traits<char>,std::allocator<char> > > >,std::allocator<std::pair<std::basic_string<char,std::char_traits<char>,std::allocator<char> > const ,std::shared_ptr<MaterialX_v1_39_6::Element> > >,0> >::find	xhash	0x1400ef936
                           MaterialX_v1_39_6::Element::asA<class MaterialX_v1_39_6::Document>	0.072494	0.075049	0.0		0.0	0.0	0.0	0.0	CpuHotPaths.exe	MaterialX_v1_39_6::Element::asA<class MaterialX_v1_39_6::Document>(void)	Element.cpp	0x1400ca410
                            MaterialX_v1_39_6::Element::getSelf	0.072494	0.075049	0.0		0.0	0.0	0.0	0.0	CpuHotPaths.exe	MaterialX_v1_39_6::Element::getSelf	Element.h	0x1400ca427
                             std::enable_shared_from_this<MaterialX_v1_39_6::Element>::shared_from_this	0.072494	0.075049	0.0		0.013520	0.013520	0.0	0.0	CpuHotPaths.exe	std::enable_shared_from_this<MaterialX_v1_39_6::Element>::shared_from_this	memory	0x1400ca427
                        std::operator+	0.148715	0.153956	0.0		0.027735	0.027735	0.0	0.0	CpuHotPaths.exe	std::operator+	xstring	0x1401446e2
                        std::shared_ptr<MaterialX_v1_39_6::Input>::{dtor}	0.079585	0.082390	0.0		0.014843	0.014843	0.0	0.0	CpuHotPaths.exe	std::shared_ptr<MaterialX_v1_39_6::Input>::{dtor}	memory	0x1401444cb
                        MaterialX_v1_39_6::TypedValue<class MaterialX_v1_39_6::Color3>::getValueString	0.076395	0.079087	0.0		0.0	0.0	0.0	0.0	CpuHotPaths.exe	MaterialX_v1_39_6::TypedValue<class MaterialX_v1_39_6::Color3>::getValueString(void)	Value.cpp	0x1401f6880
                         MaterialX_v1_39_6::toValueString	0.076395	0.079087	0.0		0.0	0.0	0.0	0.0	CpuHotPaths.exe	MaterialX_v1_39_6::toValueString	Value.cpp	0x1401f68b2
                          MaterialX_v1_39_6::toValueString<float>	0.076395	0.079087	0.0		0.0	0.0	0.0	0.0	CpuHotPaths.exe	MaterialX_v1_39_6::toValueString<float>(float const &)	Value.cpp	0x1401fe7e0
                           std::basic_ostream<char,struct std::char_traits<char> >::operator<<	0.076395	0.079087	0.0		0.014248	0.014248	0.0	0.0	MSVCP140.dll	std::basic_ostream<char,struct std::char_traits<char> >::operator<<(float)	[Unknown]	0x18004fa10
                        MaterialX_v1_39_6::ShaderNode::getInput	0.075979	0.078657	0.0		0.0	0.0	0.0	0.0	CpuHotPaths.exe	MaterialX_v1_39_6::ShaderNode::getInput(class std::basic_string<char,struct std::char_traits<char>,class std::allocator<char> > const &)	ShaderNode.cpp	0x140143520
                         std::_Hash<std::_Umap_traits<std::basic_string<char,std::char_traits<char>,std::allocator<char> >,std::shared_ptr<MaterialX_v1_39_6::ShaderInput>,std::_Uhash_compare<std::basic_string<char,std::char_traits<char>,std::allocator<char> >,std::hash<std::basic_string<char,std::char_traits<char>,std::allocator<char> > >,std::equal_to<std::basic_string<char,std::char_traits<char>,std::allocator<char> > > >,std::allocator<std::pair<std::basic_string<char,std::char_traits<char>,std::allocator<char> > const ,std::shared_ptr<MaterialX_v1_39_6::ShaderInput> > >,0> >::find	0.075979	0.078657	0.0		0.014170	0.014170	0.0	0.0	CpuHotPaths.exe	std::_Hash<std::_Umap_traits<std::basic_string<char,std::char_traits<char>,std::allocator<char> >,std::shared_ptr<MaterialX_v1_39_6::ShaderInput>,std::_Uhash_compare<std::basic_string<char,std::char_traits<char>,std::allocator<char> >,std::hash<std::basic_string<char,std::char_traits<char>,std::allocator<char> > >,std::equal_to<std::basic_string<char,std::char_traits<char>,std::allocator<char> > > >,std::allocator<std::pair<std::basic_string<char,std::char_traits<char>,std::allocator<char> > const ,std::shared_ptr<MaterialX_v1_39_6::ShaderInput> > >,0> >::find	xhash	0x14014352a
                       MaterialX_v1_39_6::Node::getNodeDef	2.978176	3.083132	0.0		0.0	0.0	0.0	0.0	CpuHotPaths.exe	MaterialX_v1_39_6::Node::getNodeDef(class std::basic_string<char,struct std::char_traits<char>,class std::allocator<char> > const &,bool)	Node.cpp	0x1401c5130
                        MaterialX_v1_39_6::NodeDef::getType	1.380910	1.429575	0.0		0.0	0.0	0.0	0.0	CpuHotPaths.exe	MaterialX_v1_39_6::NodeDef::getType(void)	Definition.cpp	0x1400e75f0
                         MaterialX_v1_39_6::InterfaceElement::getActiveOutputs	0.773626	0.800890	0.0		0.0	0.0	0.0	0.0	CpuHotPaths.exe	MaterialX_v1_39_6::InterfaceElement::getActiveOutputs(void)	Interface.cpp	0x1401d17b0
                          MaterialX_v1_39_6::InterfaceElement::getOutputs	0.695263	0.719765	0.0		0.0	0.0	0.0	0.0	CpuHotPaths.exe	MaterialX_v1_39_6::InterfaceElement::getOutputs	Interface.h	0x1401d17fe
                           MaterialX_v1_39_6::Element::getChildrenOfType<class MaterialX_v1_39_6::Output>	0.695263	0.719765	0.0		0.0	0.0	0.0	0.0	CpuHotPaths.exe	MaterialX_v1_39_6::Element::getChildrenOfType<class MaterialX_v1_39_6::Output>(class std::basic_string<char,struct std::char_traits<char>,class std::allocator<char> > const &)	Element.cpp	0x14019fb70
                            std::shared_ptr<MaterialX_v1_39_6::Element>::{ctor}	0.388967	0.402674	0.0		0.072542	0.072542	0.0	0.0	CpuHotPaths.exe	std::shared_ptr<MaterialX_v1_39_6::Element>::{ctor}	memory	0x14019fd85
                            std::vector<std::shared_ptr<MaterialX_v1_39_6::Output>,std::allocator<std::shared_ptr<MaterialX_v1_39_6::Output> > >::push_back	0.155925	0.161420	0.0		0.015031	0.015031	0.0	0.0	CpuHotPaths.exe	std::vector<std::shared_ptr<MaterialX_v1_39_6::Output>,std::allocator<std::shared_ptr<MaterialX_v1_39_6::Output> > >::push_back	vector	0x14019fe6b
                             operator new	0.075330	0.077985	0.0		0.0	0.0	0.0	0.0	CpuHotPaths.exe	operator new(unsigned __int64)	new_scalar.cpp	0x140234c58
                              malloc_base	0.075330	0.077985	0.0		0.014049	0.014049	0.0	0.0	ucrtbase.dll	malloc_base	[Unknown]	0x1800050a0
                            MaterialX_v1_39_6::Element::asA<class MaterialX_v1_39_6::Output>	0.076715	0.079419	0.0		0.0	0.0	0.0	0.0	CpuHotPaths.exe	MaterialX_v1_39_6::Element::asA<class MaterialX_v1_39_6::Output>(void)	Element.cpp	0x1401913f0
                             std::shared_ptr<MaterialX_v1_39_6::Element>::{dtor}	0.076715	0.079419	0.0		0.014307	0.014307	0.0	0.0	CpuHotPaths.exe	std::shared_ptr<MaterialX_v1_39_6::Element>::{dtor}	memory	0x140191479
                            std::shared_ptr<MaterialX_v1_39_6::Element>::{dtor}	0.073656	0.076251	0.0		0.013737	0.013737	0.0	0.0	CpuHotPaths.exe	std::shared_ptr<MaterialX_v1_39_6::Element>::{dtor}	memory	0x14019fdf2
                          MaterialX_v1_39_6::Element::isA<class MaterialX_v1_39_6::Document>	0.078364	0.081125	0.0		0.0	0.0	0.0	0.0	CpuHotPaths.exe	MaterialX_v1_39_6::Element::isA<class MaterialX_v1_39_6::Document>(class std::basic_string<char,struct std::char_traits<char>,class std::allocator<char> > const &)	Element.h	0x1401cca80
                           MaterialX_v1_39_6::Element::asA<class MaterialX_v1_39_6::Document>	0.078364	0.081125	0.0		0.0	0.0	0.0	0.0	CpuHotPaths.exe	MaterialX_v1_39_6::Element::asA<class MaterialX_v1_39_6::Document>(void)	Element.cpp	0x1400ca410
                            std::dynamic_pointer_cast	0.078364	0.081125	0.0		0.014615	0.014615	0.0	0.0	CpuHotPaths.exe	std::dynamic_pointer_cast	memory	0x1400ca458
                         MaterialX_v1_39_6::Element::getAttribute	0.531698	0.550436	0.0		0.014184	0.014184	0.0	0.0	CpuHotPaths.exe	MaterialX_v1_39_6::Element::getAttribute(class std::basic_string<char,struct std::char_traits<char>,class std::allocator<char> > const &)	Element.h	0x1400b15f0
                          std::_Hash<std::_Umap_traits<std::basic_string<char,std::char_traits<char>,std::allocator<char> >,std::basic_string<char,std::char_traits<char>,std::allocator<char> >,std::_Uhash_compare<std::basic_string<char,std::char_traits<char>,std::allocator<char> >,std::hash<std::basic_string<char,std::char_traits<char>,std::allocator<char> > >,std::equal_to<std::basic_string<char,std::char_traits<char>,std::allocator<char> > > >,std::allocator<std::pair<std::basic_string<char,std::char_traits<char>,std::allocator<char> > const ,std::basic_string<char,std::char_traits<char>,std::allocator<char> > > >,0> >::find	0.455646	0.471704	0.0		0.084978	0.084978	0.0	0.0	CpuHotPaths.exe	std::_Hash<std::_Umap_traits<std::basic_string<char,std::char_traits<char>,std::allocator<char> >,std::basic_string<char,std::char_traits<char>,std::allocator<char> >,std::_Uhash_compare<std::basic_string<char,std::char_traits<char>,std::allocator<char> >,std::hash<std::basic_string<char,std::char_traits<char>,std::allocator<char> > >,std::equal_to<std::basic_string<char,std::char_traits<char>,std::allocator<char> > > >,std::allocator<std::pair<std::basic_string<char,std::char_traits<char>,std::allocator<char> > const ,std::basic_string<char,std::char_traits<char>,std::allocator<char> > > >,0> >::find	xhash	0x1400b15fa
                         std::vector<std::shared_ptr<MaterialX_v1_39_6::Output>,std::allocator<std::shared_ptr<MaterialX_v1_39_6::Output> > >::{dtor}	0.075585	0.078249	0.0		0.014097	0.014097	0.0	0.0	CpuHotPaths.exe	std::vector<std::shared_ptr<MaterialX_v1_39_6::Output>,std::allocator<std::shared_ptr<MaterialX_v1_39_6::Output> > >::{dtor}	vector	0x1400e7653
                        MaterialX_v1_39_6::InterfaceElement::hasExactInputMatch	1.062670	1.100121	0.0		0.0	0.0	0.0	0.0	CpuHotPaths.exe	MaterialX_v1_39_6::InterfaceElement::hasExactInputMatch(class std::shared_ptr<class MaterialX_v1_39_6::InterfaceElement const >,class std::basic_string<char,struct std::char_traits<char>,class std::allocator<char> > *)	Interface.cpp	0x1401cafc0
                         MaterialX_v1_39_6::InterfaceElement::getActiveInput	0.603012	0.624263	0.0		0.0	0.0	0.0	0.0	CpuHotPaths.exe	MaterialX_v1_39_6::InterfaceElement::getActiveInput(class std::basic_string<char,struct std::char_traits<char>,class std::allocator<char> > const &)	Interface.cpp	0x1401c7e40
                          MaterialX_v1_39_6::InterfaceElement::getInput	0.375927	0.389175	0.0		0.0	0.0	0.0	0.0	CpuHotPaths.exe	MaterialX_v1_39_6::InterfaceElement::getInput	Interface.h	0x1401c7eda
                           MaterialX_v1_39_6::Element::getChildOfType<class MaterialX_v1_39_6::Input>	0.375927	0.389175	0.0		0.013664	0.013664	0.0	0.0	CpuHotPaths.exe	MaterialX_v1_39_6::Element::getChildOfType<class MaterialX_v1_39_6::Input>(class std::basic_string<char,struct std::char_traits<char>,class std::allocator<char> > const &)	Element.cpp	0x140127ca0
                            MaterialX_v1_39_6::Element::getChild	0.229119	0.237193	0.0		0.0	0.0	0.0	0.0	CpuHotPaths.exe	MaterialX_v1_39_6::Element::getChild(class std::basic_string<char,struct std::char_traits<char>,class std::allocator<char> > const &)	Element.cpp	0x1400ef910
                             std::_Hash<std::_Umap_traits<std::basic_string<char,std::char_traits<char>,std::allocator<char> >,std::shared_ptr<MaterialX_v1_39_6::Element>,std::_Uhash_compare<std::basic_string<char,std::char_traits<char>,std::allocator<char> >,std::hash<std::basic_string<char,std::char_traits<char>,std::allocator<char> > >,std::equal_to<std::basic_string<char,std::char_traits<char>,std::allocator<char> > > >,std::allocator<std::pair<std::basic_string<char,std::char_traits<char>,std::allocator<char> > const ,std::shared_ptr<MaterialX_v1_39_6::Element> > >,0> >::find	0.229119	0.237193	0.0		0.042730	0.042730	0.0	0.0	CpuHotPaths.exe	std::_Hash<std::_Umap_traits<std::basic_string<char,std::char_traits<char>,std::allocator<char> >,std::shared_ptr<MaterialX_v1_39_6::Element>,std::_Uhash_compare<std::basic_string<char,std::char_traits<char>,std::allocator<char> >,std::hash<std::basic_string<char,std::char_traits<char>,std::allocator<char> > >,std::equal_to<std::basic_string<char,std::char_traits<char>,std::allocator<char> > > >,std::allocator<std::pair<std::basic_string<char,std::char_traits<char>,std::allocator<char> > const ,std::shared_ptr<MaterialX_v1_39_6::Element> > >,0> >::find	xhash	0x1400ef936
                            MaterialX_v1_39_6::Element::asA<class MaterialX_v1_39_6::Input>	0.073541	0.076133	0.0		0.0	0.0	0.0	0.0	CpuHotPaths.exe	MaterialX_v1_39_6::Element::asA<class MaterialX_v1_39_6::Input>(void)	Element.cpp	0x1400da5f0
                             std::dynamic_pointer_cast	0.073541	0.076133	0.0		0.013715	0.013715	0.0	0.0	CpuHotPaths.exe	std::dynamic_pointer_cast	memory	0x1400da638
                          MaterialX_v1_39_6::InheritanceIterator::InheritanceIterator	0.077419	0.080147	0.0		0.0	0.0	0.0	0.0	CpuHotPaths.exe	MaterialX_v1_39_6::InheritanceIterator::InheritanceIterator(class MaterialX_v1_39_6::InheritanceIterator const &)	[Unknown]	0x1400f58a0
                           std::set<std::shared_ptr<MaterialX_v1_39_6::Element const >,std::less<std::shared_ptr<MaterialX_v1_39_6::Element const > >,std::allocator<std::shared_ptr<MaterialX_v1_39_6::Element const > > >::{ctor}	0.077419	0.080147	0.0		0.0	0.0	0.0	0.0	CpuHotPaths.exe	std::set<std::shared_ptr<MaterialX_v1_39_6::Element const >,std::less<std::shared_ptr<MaterialX_v1_39_6::Element const > >,std::allocator<std::shared_ptr<MaterialX_v1_39_6::Element const > > >::{ctor}	set	0x1400f58e2
                            operator new	0.077419	0.080147	0.0		0.0	0.0	0.0	0.0	CpuHotPaths.exe	operator new(unsigned __int64)	new_scalar.cpp	0x140234c58
                             malloc_base	0.077419	0.080147	0.0		0.014439	0.014439	0.0	0.0	ucrtbase.dll	malloc_base	[Unknown]	0x1800050a0
                          MaterialX_v1_39_6::Element::asA<class MaterialX_v1_39_6::InterfaceElement>	0.076567	0.079266	0.0		0.0	0.0	0.0	0.0	CpuHotPaths.exe	MaterialX_v1_39_6::Element::asA<class MaterialX_v1_39_6::InterfaceElement>(void)	Element.cpp	0x140190220
                           MaterialX_v1_39_6::Element::getSelf	0.076567	0.079266	0.0		0.0	0.0	0.0	0.0	CpuHotPaths.exe	MaterialX_v1_39_6::Element::getSelf	Element.h	0x140190237
                            std::enable_shared_from_this<MaterialX_v1_39_6::Element>::shared_from_this	0.076567	0.079266	0.0		0.014280	0.014280	0.0	0.0	CpuHotPaths.exe	std::enable_shared_from_this<MaterialX_v1_39_6::Element>::shared_from_this	memory	0x140190237
                          MaterialX_v1_39_6::InheritanceIterator::{dtor}	0.073099	0.075675	0.0		0.0	0.0	0.0	0.0	CpuHotPaths.exe	MaterialX_v1_39_6::InheritanceIterator::{dtor}	Traversal.h	0x1401c81cb
                           std::_Tree<std::_Tset_traits<std::shared_ptr<MaterialX_v1_39_6::Element const >,std::less<std::shared_ptr<MaterialX_v1_39_6::Element const > >,std::allocator<std::shared_ptr<MaterialX_v1_39_6::Element const > >,0> >::{dtor}	0.073099	0.075675	0.0		0.013633	0.013633	0.0	0.0	CpuHotPaths.exe	std::_Tree<std::_Tset_traits<std::shared_ptr<MaterialX_v1_39_6::Element const >,std::less<std::shared_ptr<MaterialX_v1_39_6::Element const > >,std::allocator<std::shared_ptr<MaterialX_v1_39_6::Element const > >,0> >::{dtor}	xtree	0x1401c81cb
                         MaterialX_v1_39_6::Element::getAttribute	0.382673	0.396159	0.0		0.0	0.0	0.0	0.0	CpuHotPaths.exe	MaterialX_v1_39_6::Element::getAttribute(class std::basic_string<char,struct std::char_traits<char>,class std::allocator<char> > const &)	Element.h	0x1400b15f0
                          std::_Hash<std::_Umap_traits<std::basic_string<char,std::char_traits<char>,std::allocator<char> >,std::basic_string<char,std::char_traits<char>,std::allocator<char> >,std::_Uhash_compare<std::basic_string<char,std::char_traits<char>,std::allocator<char> >,std::hash<std::basic_string<char,std::char_traits<char>,std::allocator<char> > >,std::equal_to<std::basic_string<char,std::char_traits<char>,std::allocator<char> > > >,std::allocator<std::pair<std::basic_string<char,std::char_traits<char>,std::allocator<char> > const ,std::basic_string<char,std::char_traits<char>,std::allocator<char> > > >,0> >::find	0.382673	0.396159	0.0		0.071368	0.071368	0.0	0.0	CpuHotPaths.exe	std::_Hash<std::_Umap_traits<std::basic_string<char,std::char_traits<char>,std::allocator<char> >,std::basic_string<char,std::char_traits<char>,std::allocator<char> >,std::_Uhash_compare<std::basic_string<char,std::char_traits<char>,std::allocator<char> >,std::hash<std::basic_string<char,std::char_traits<char>,std::allocator<char> > >,std::equal_to<std::basic_string<char,std::char_traits<char>,std::allocator<char> > > >,std::allocator<std::pair<std::basic_string<char,std::char_traits<char>,std::allocator<char> > const ,std::basic_string<char,std::char_traits<char>,std::allocator<char> > > >,0> >::find	xhash	0x1400b15fa
                         std::vector<std::shared_ptr<MaterialX_v1_39_6::Input>,std::allocator<std::shared_ptr<MaterialX_v1_39_6::Input> > >::{dtor}	0.076986	0.079699	0.0		0.014358	0.014358	0.0	0.0	CpuHotPaths.exe	std::vector<std::shared_ptr<MaterialX_v1_39_6::Input>,std::allocator<std::shared_ptr<MaterialX_v1_39_6::Input> > >::{dtor}	vector	0x1401cb130
                        MaterialX_v1_39_6::Document::getMatchingNodeDefs	0.383535	0.397051	0.0		0.0	0.0	0.0	0.0	CpuHotPaths.exe	MaterialX_v1_39_6::Document::getMatchingNodeDefs(class std::basic_string<char,struct std::char_traits<char>,class std::allocator<char> > const &)	Document.cpp	0x1401f11f0
                         MaterialX_v1_39_6::Document::Cache::getMatchingNodeDefs	0.303897	0.314606	0.0		0.0	0.0	0.0	0.0	CpuHotPaths.exe	MaterialX_v1_39_6::Document::Cache::getMatchingNodeDefs(class std::basic_string<char,struct std::char_traits<char>,class std::allocator<char> > const &)	Document.cpp	0x1401f0dc0
                          std::_Hash<std::_Umap_traits<std::basic_string<char,std::char_traits<char>,std::allocator<char> >,std::vector<std::shared_ptr<MaterialX_v1_39_6::NodeDef>,std::allocator<std::shared_ptr<MaterialX_v1_39_6::NodeDef> > >,std::_Uhash_compare<std::basic_string<char,std::char_traits<char>,std::allocator<char> >,std::hash<std::basic_string<char,std::char_traits<char>,std::allocator<char> > >,std::equal_to<std::basic_string<char,std::char_traits<char>,std::allocator<char> > > >,std::allocator<std::pair<std::basic_string<char,std::char_traits<char>,std::allocator<char> > const ,std::vector<std::shared_ptr<MaterialX_v1_39_6::NodeDef>,std::allocator<std::shared_ptr<MaterialX_v1_39_6::NodeDef> > > > >,0> >::find	0.225338	0.233279	0.0		0.042025	0.042025	0.0	0.0	CpuHotPaths.exe	std::_Hash<std::_Umap_traits<std::basic_string<char,std::char_traits<char>,std::allocator<char> >,std::vector<std::shared_ptr<MaterialX_v1_39_6::NodeDef>,std::allocator<std::shared_ptr<MaterialX_v1_39_6::NodeDef> > >,std::_Uhash_compare<std::basic_string<char,std::char_traits<char>,std::allocator<char> >,std::hash<std::basic_string<char,std::char_traits<char>,std::allocator<char> > >,std::equal_to<std::basic_string<char,std::char_traits<char>,std::allocator<char> > > >,std::allocator<std::pair<std::basic_string<char,std::char_traits<char>,std::allocator<char> > const ,std::vector<std::shared_ptr<MaterialX_v1_39_6::NodeDef>,std::allocator<std::shared_ptr<MaterialX_v1_39_6::NodeDef> > > > >,0> >::find	xhash	0x1401f0df7
                          MaterialX_v1_39_6::Document::Cache::refreshWithLock	0.078559	0.081327	0.0		0.0	0.0	0.0	0.0	CpuHotPaths.exe	MaterialX_v1_39_6::Document::Cache::refreshWithLock(void)	Document.cpp	0x1401f3a30
                           std::shared_lock<std::shared_mutex>::{ctor}	0.078559	0.081327	0.0		0.014651	0.014651	0.0	0.0	CpuHotPaths.exe	std::shared_lock<std::shared_mutex>::{ctor}	shared_mutex	0x1401f3a4e
                         std::vector<std::shared_ptr<MaterialX_v1_39_6::NodeDef>,std::allocator<std::shared_ptr<MaterialX_v1_39_6::NodeDef> > >::insert	0.079638	0.082445	0.0		0.014852	0.014852	0.0	0.0	CpuHotPaths.exe	std::vector<std::shared_ptr<MaterialX_v1_39_6::NodeDef>,std::allocator<std::shared_ptr<MaterialX_v1_39_6::NodeDef> > >::insert	vector	0x1401f140b
                        MaterialX_v1_39_6::Element::getQualifiedName	0.151061	0.156385	0.0		0.0	0.0	0.0	0.0	CpuHotPaths.exe	MaterialX_v1_39_6::Element::getQualifiedName(class std::basic_string<char,struct std::char_traits<char>,class std::allocator<char> > const &)	Element.h	0x1401c9520
                         std::shared_ptr<MaterialX_v1_39_6::Element const >::operator=	0.151061	0.156385	0.0		0.028173	0.028173	0.0	0.0	CpuHotPaths.exe	std::shared_ptr<MaterialX_v1_39_6::Element const >::operator=	memory	0x1401c9624
                       MaterialX_v1_39_6::InterfaceElement::getInput	0.385659	0.399250	0.0		0.0	0.0	0.0	0.0	CpuHotPaths.exe	MaterialX_v1_39_6::InterfaceElement::getInput	Interface.h	0x1401631a9
                        MaterialX_v1_39_6::Element::getChildOfType<class MaterialX_v1_39_6::Input>	0.385659	0.399250	0.0		0.0	0.0	0.0	0.0	CpuHotPaths.exe	MaterialX_v1_39_6::Element::getChildOfType<class MaterialX_v1_39_6::Input>(class std::basic_string<char,struct std::char_traits<char>,class std::allocator<char> > const &)	Element.cpp	0x140127ca0
                         MaterialX_v1_39_6::Element::asA<class MaterialX_v1_39_6::Input>	0.156164	0.161668	0.0		0.0	0.0	0.0	0.0	CpuHotPaths.exe	MaterialX_v1_39_6::Element::asA<class MaterialX_v1_39_6::Input>(void)	Element.cpp	0x1400da5f0
                          std::dynamic_pointer_cast	0.079931	0.082748	0.0		0.014907	0.014907	0.0	0.0	CpuHotPaths.exe	std::dynamic_pointer_cast	memory	0x1400da638
                          MaterialX_v1_39_6::Element::getSelf	0.076233	0.078920	0.0		0.0	0.0	0.0	0.0	CpuHotPaths.exe	MaterialX_v1_39_6::Element::getSelf	Element.h	0x1400da607
                           std::enable_shared_from_this<MaterialX_v1_39_6::Element>::shared_from_this	0.076233	0.078920	0.0		0.014217	0.014217	0.0	0.0	CpuHotPaths.exe	std::enable_shared_from_this<MaterialX_v1_39_6::Element>::shared_from_this	memory	0x1400da607
                         MaterialX_v1_39_6::Element::getChild	0.154347	0.159786	0.0		0.0	0.0	0.0	0.0	CpuHotPaths.exe	MaterialX_v1_39_6::Element::getChild(class std::basic_string<char,struct std::char_traits<char>,class std::allocator<char> > const &)	Element.cpp	0x1400ef910
                          std::_Hash<std::_Umap_traits<std::basic_string<char,std::char_traits<char>,std::allocator<char> >,std::shared_ptr<MaterialX_v1_39_6::Element>,std::_Uhash_compare<std::basic_string<char,std::char_traits<char>,std::allocator<char> >,std::hash<std::basic_string<char,std::char_traits<char>,std::allocator<char> > >,std::equal_to<std::basic_string<char,std::char_traits<char>,std::allocator<char> > > >,std::allocator<std::pair<std::basic_string<char,std::char_traits<char>,std::allocator<char> > const ,std::shared_ptr<MaterialX_v1_39_6::Element> > >,0> >::find	0.154347	0.159786	0.0		0.028785	0.028785	0.0	0.0	CpuHotPaths.exe	std::_Hash<std::_Umap_traits<std::basic_string<char,std::char_traits<char>,std::allocator<char> >,std::shared_ptr<MaterialX_v1_39_6::Element>,std::_Uhash_compare<std::basic_string<char,std::char_traits<char>,std::allocator<char> >,std::hash<std::basic_string<char,std::char_traits<char>,std::allocator<char> > >,std::equal_to<std::basic_string<char,std::char_traits<char>,std::allocator<char> > > >,std::allocator<std::pair<std::basic_string<char,std::char_traits<char>,std::allocator<char> > const ,std::shared_ptr<MaterialX_v1_39_6::Element> > >,0> >::find	xhash	0x1400ef936
                         MaterialX_v1_39_6::Element::asA<class MaterialX_v1_39_6::Document>	0.075148	0.077796	0.0		0.0	0.0	0.0	0.0	CpuHotPaths.exe	MaterialX_v1_39_6::Element::asA<class MaterialX_v1_39_6::Document>(void)	Element.cpp	0x1400ca410
                          std::dynamic_pointer_cast	0.075148	0.077796	0.0		0.014015	0.014015	0.0	0.0	CpuHotPaths.exe	std::dynamic_pointer_cast	memory	0x1400ca458
                       MaterialX_v1_39_6::ShaderGraph::applyInputTransforms	0.383389	0.396900	0.0		0.0	0.0	0.0	0.0	CpuHotPaths.exe	MaterialX_v1_39_6::ShaderGraph::applyInputTransforms(class std::shared_ptr<class MaterialX_v1_39_6::Node const >,class MaterialX_v1_39_6::ShaderNode *,class MaterialX_v1_39_6::GenContext &)	ShaderGraph.cpp	0x14015ece0
                        MaterialX_v1_39_6::InterfaceElement::getInputs	0.153905	0.159329	0.0		0.0	0.0	0.0	0.0	CpuHotPaths.exe	MaterialX_v1_39_6::InterfaceElement::getInputs	Interface.h	0x14015ed99
                         MaterialX_v1_39_6::Element::getChildrenOfType<class MaterialX_v1_39_6::Input>	0.153905	0.159329	0.0		0.0	0.0	0.0	0.0	CpuHotPaths.exe	MaterialX_v1_39_6::Element::getChildrenOfType<class MaterialX_v1_39_6::Input>(class std::basic_string<char,struct std::char_traits<char>,class std::allocator<char> > const &)	Element.cpp	0x14019ab80
                          MaterialX_v1_39_6::Element::asA<class MaterialX_v1_39_6::Input>	0.077650	0.080386	0.0		0.0	0.0	0.0	0.0	CpuHotPaths.exe	MaterialX_v1_39_6::Element::asA<class MaterialX_v1_39_6::Input>(void)	Element.cpp	0x1400da5f0
                           MaterialX_v1_39_6::Element::getSelf	0.077650	0.080386	0.0		0.0	0.0	0.0	0.0	CpuHotPaths.exe	MaterialX_v1_39_6::Element::getSelf	Element.h	0x1400da607
                            std::enable_shared_from_this<MaterialX_v1_39_6::Element>::shared_from_this	0.077650	0.080386	0.0		0.014482	0.014482	0.0	0.0	CpuHotPaths.exe	std::enable_shared_from_this<MaterialX_v1_39_6::Element>::shared_from_this	memory	0x1400da607
                          std::shared_ptr<MaterialX_v1_39_6::Element>::{ctor}	0.076255	0.078943	0.0		0.014222	0.014222	0.0	0.0	CpuHotPaths.exe	std::shared_ptr<MaterialX_v1_39_6::Element>::{ctor}	memory	0x14019ad95
                        MaterialX_v1_39_6::Element::getActiveColorSpace	0.150988	0.156309	0.0		0.0	0.0	0.0	0.0	CpuHotPaths.exe	MaterialX_v1_39_6::Element::getActiveColorSpace(void)	Element.h	0x140164270
                         MaterialX_v1_39_6::Element::getSelf	0.075940	0.078616	0.0		0.0	0.0	0.0	0.0	CpuHotPaths.exe	MaterialX_v1_39_6::Element::getSelf	Element.h	0x140164276
                          std::enable_shared_from_this<MaterialX_v1_39_6::Element>::shared_from_this	0.075940	0.078616	0.0		0.014163	0.014163	0.0	0.0	CpuHotPaths.exe	std::enable_shared_from_this<MaterialX_v1_39_6::Element>::shared_from_this	memory	0x140164276
                         MaterialX_v1_39_6::Element::hasColorSpace	0.075048	0.077692	0.0		0.0	0.0	0.0	0.0	CpuHotPaths.exe	MaterialX_v1_39_6::Element::hasColorSpace	Element.h	0x140164300
                          MaterialX_v1_39_6::Element::hasAttribute	0.075048	0.077692	0.0		0.0	0.0	0.0	0.0	CpuHotPaths.exe	MaterialX_v1_39_6::Element::hasAttribute	Element.h	0x140164300
                           std::_Hash<std::_Umap_traits<std::basic_string<char,std::char_traits<char>,std::allocator<char> >,std::basic_string<char,std::char_traits<char>,std::allocator<char> >,std::_Uhash_compare<std::basic_string<char,std::char_traits<char>,std::allocator<char> >,std::hash<std::basic_string<char,std::char_traits<char>,std::allocator<char> > >,std::equal_to<std::basic_string<char,std::char_traits<char>,std::allocator<char> > > >,std::allocator<std::pair<std::basic_string<char,std::char_traits<char>,std::allocator<char> > const ,std::basic_string<char,std::char_traits<char>,std::allocator<char> > > >,0> >::count	0.075048	0.077692	0.0		0.013996	0.013996	0.0	0.0	CpuHotPaths.exe	std::_Hash<std::_Umap_traits<std::basic_string<char,std::char_traits<char>,std::allocator<char> >,std::basic_string<char,std::char_traits<char>,std::allocator<char> >,std::_Uhash_compare<std::basic_string<char,std::char_traits<char>,std::allocator<char> >,std::hash<std::basic_string<char,std::char_traits<char>,std::allocator<char> > >,std::equal_to<std::basic_string<char,std::char_traits<char>,std::allocator<char> > > >,std::allocator<std::pair<std::basic_string<char,std::char_traits<char>,std::allocator<char> > const ,std::basic_string<char,std::char_traits<char>,std::allocator<char> > > >,0> >::count	xhash	0x140164300
                        std::vector<class std::shared_ptr<class MaterialX_v1_39_6::Input>,class std::allocator<class std::shared_ptr<class MaterialX_v1_39_6::Input> > >::~vector<class std::shared_ptr<class MaterialX_v1_39_6::Input>,class std::allocator<class std::shared_ptr<class MaterialX_v1_39_6::Input> > >	0.078495	0.081262	0.0		0.014639	0.014639	0.0	0.0	CpuHotPaths.exe	std::vector<class std::shared_ptr<class MaterialX_v1_39_6::Input>,class std::allocator<class std::shared_ptr<class MaterialX_v1_39_6::Input> > >::~vector<class std::shared_ptr<class MaterialX_v1_39_6::Input>,class std::allocator<class std::shared_ptr<class MaterialX_v1_39_6::Input> > >(void)	vector	0x140124170
                       MaterialX_v1_39_6::Element::getChildrenOfType<class MaterialX_v1_39_6::ValueElement>	0.303574	0.314272	0.0		0.028785	0.028785	0.0	0.0	CpuHotPaths.exe	MaterialX_v1_39_6::Element::getChildrenOfType<class MaterialX_v1_39_6::ValueElement>(class std::basic_string<char,struct std::char_traits<char>,class std::allocator<char> > const &)	Element.cpp	0x1401a6530
                        std::vector<std::shared_ptr<MaterialX_v1_39_6::ValueElement>,std::allocator<std::shared_ptr<MaterialX_v1_39_6::ValueElement> > >::push_back	0.074994	0.077637	0.0		0.013986	0.013986	0.0	0.0	CpuHotPaths.exe	std::vector<std::shared_ptr<MaterialX_v1_39_6::ValueElement>,std::allocator<std::shared_ptr<MaterialX_v1_39_6::ValueElement> > >::push_back	vector	0x1401a682b
                        MaterialX_v1_39_6::Element::asA<class MaterialX_v1_39_6::Document>	0.074236	0.076853	0.0		0.0	0.0	0.0	0.0	CpuHotPaths.exe	MaterialX_v1_39_6::Element::asA<class MaterialX_v1_39_6::Document>(void)	Element.cpp	0x1400ca410
                         std::dynamic_pointer_cast	0.074236	0.076853	0.0		0.013845	0.013845	0.0	0.0	CpuHotPaths.exe	std::dynamic_pointer_cast	memory	0x1400ca458
                       std::shared_ptr<MaterialX_v1_39_6::ValueElement>::{dtor}	0.155938	0.161433	0.0		0.029082	0.029082	0.0	0.0	CpuHotPaths.exe	std::shared_ptr<MaterialX_v1_39_6::ValueElement>::{dtor}	memory	0x140163097
                       MaterialX_v1_39_6::PortElement::getNodeName	0.149942	0.155226	0.0		0.0	0.0	0.0	0.0	CpuHotPaths.exe	MaterialX_v1_39_6::PortElement::getNodeName	Interface.h	0x1401631c0
                        MaterialX_v1_39_6::Element::getAttribute	0.149942	0.155226	0.0		0.013705	0.013705	0.0	0.0	CpuHotPaths.exe	MaterialX_v1_39_6::Element::getAttribute(class std::basic_string<char,struct std::char_traits<char>,class std::allocator<char> > const &)	Element.h	0x1400b15f0
                         std::_Hash<std::_Umap_traits<std::basic_string<char,std::char_traits<char>,std::allocator<char> >,std::basic_string<char,std::char_traits<char>,std::allocator<char> >,std::_Uhash_compare<std::basic_string<char,std::char_traits<char>,std::allocator<char> >,std::hash<std::basic_string<char,std::char_traits<char>,std::allocator<char> > >,std::equal_to<std::basic_string<char,std::char_traits<char>,std::allocator<char> > > >,std::allocator<std::pair<std::basic_string<char,std::char_traits<char>,std::allocator<char> > const ,std::basic_string<char,std::char_traits<char>,std::allocator<char> > > >,0> >::find	0.076454	0.079149	0.0		0.014259	0.014259	0.0	0.0	CpuHotPaths.exe	std::_Hash<std::_Umap_traits<std::basic_string<char,std::char_traits<char>,std::allocator<char> >,std::basic_string<char,std::char_traits<char>,std::allocator<char> >,std::_Uhash_compare<std::basic_string<char,std::char_traits<char>,std::allocator<char> >,std::hash<std::basic_string<char,std::char_traits<char>,std::allocator<char> > >,std::equal_to<std::basic_string<char,std::char_traits<char>,std::allocator<char> > > >,std::allocator<std::pair<std::basic_string<char,std::char_traits<char>,std::allocator<char> > const ,std::basic_string<char,std::char_traits<char>,std::allocator<char> > > >,0> >::find	xhash	0x1400b15fa
                       MaterialX_v1_39_6::Element::getNamePath	0.077930	0.080676	0.0		0.0	0.0	0.0	0.0	CpuHotPaths.exe	MaterialX_v1_39_6::Element::getNamePath(class std::shared_ptr<class MaterialX_v1_39_6::Element const >)	Element.cpp	0x1401a41f0
                        std::operator+	0.077930	0.080676	0.0		0.014534	0.014534	0.0	0.0	CpuHotPaths.exe	std::operator+	xstring	0x1401a44e7
                      MaterialX_v1_39_6::Element::getNamePath	0.306143	0.316932	0.0		0.0	0.0	0.0	0.0	CpuHotPaths.exe	MaterialX_v1_39_6::Element::getNamePath(class std::shared_ptr<class MaterialX_v1_39_6::Element const >)	Element.cpp	0x1401a41f0
                       MaterialX_v1_39_6::Element::getDocument	0.077850	0.080594	0.0		0.0	0.0	0.0	0.0	CpuHotPaths.exe	MaterialX_v1_39_6::Element::getDocument	Element.cpp	0x1401a4249
                        MaterialX_v1_39_6::Element::asA<class MaterialX_v1_39_6::Document>	0.077850	0.080594	0.0		0.0	0.0	0.0	0.0	CpuHotPaths.exe	MaterialX_v1_39_6::Element::asA<class MaterialX_v1_39_6::Document>(void)	Element.cpp	0x1400ca410
                         std::dynamic_pointer_cast	0.077850	0.080594	0.0		0.014519	0.014519	0.0	0.0	CpuHotPaths.exe	std::dynamic_pointer_cast	memory	0x1400ca458
                       std::operator+	0.077425	0.080154	0.0		0.0	0.0	0.0	0.0	CpuHotPaths.exe	std::operator+	xstring	0x1401a44e7
                        operator new	0.077425	0.080154	0.0		0.0	0.0	0.0	0.0	CpuHotPaths.exe	operator new(unsigned __int64)	new_scalar.cpp	0x140234c58
                         malloc_base	0.077425	0.080154	0.0		0.014440	0.014440	0.0	0.0	ucrtbase.dll	malloc_base	[Unknown]	0x1800050a0
                       std::basic_string<char,std::char_traits<char>,std::allocator<char> >::operator=	0.076661	0.079363	0.0		0.014297	0.014297	0.0	0.0	CpuHotPaths.exe	std::basic_string<char,std::char_traits<char>,std::allocator<char> >::operator=	xstring	0x1401a4539
                       std::operator+	0.074206	0.076821	0.0		0.013839	0.013839	0.0	0.0	CpuHotPaths.exe	std::operator+	xstring	0x1401a4487
                      MaterialX_v1_39_6::Node::getNodeDefOutput	0.306063	0.316849	0.0		0.0	0.0	0.0	0.0	CpuHotPaths.exe	MaterialX_v1_39_6::Node::getNodeDefOutput(class std::shared_ptr<class MaterialX_v1_39_6::Element>)	Node.cpp	0x1401c58d0
                       MaterialX_v1_39_6::PortElement::getConnectedOutput	0.306063	0.316849	0.0		0.0	0.0	0.0	0.0	CpuHotPaths.exe	MaterialX_v1_39_6::PortElement::getConnectedOutput(void)	Interface.cpp	0x1401cdcf0
                        MaterialX_v1_39_6::InterfaceElement::getOutput	0.156772	0.162297	0.0		0.0	0.0	0.0	0.0	CpuHotPaths.exe	MaterialX_v1_39_6::InterfaceElement::getOutput	Interface.h	0x1401ce3af
                         MaterialX_v1_39_6::Element::getChildOfType<class MaterialX_v1_39_6::Output>	0.156772	0.162297	0.0		0.0	0.0	0.0	0.0	CpuHotPaths.exe	MaterialX_v1_39_6::Element::getChildOfType<class MaterialX_v1_39_6::Output>(class std::basic_string<char,struct std::char_traits<char>,class std::allocator<char> > const &)	Element.cpp	0x140174010
                          MaterialX_v1_39_6::Element::getChild	0.156772	0.162297	0.0		0.014442	0.014442	0.0	0.0	CpuHotPaths.exe	MaterialX_v1_39_6::Element::getChild(class std::basic_string<char,struct std::char_traits<char>,class std::allocator<char> > const &)	Element.cpp	0x1400ef910
                           MaterialX_v1_39_6::Element::asA<class MaterialX_v1_39_6::Document>	0.079336	0.082132	0.0		0.0	0.0	0.0	0.0	CpuHotPaths.exe	MaterialX_v1_39_6::Element::asA<class MaterialX_v1_39_6::Document>(void)	Element.cpp	0x1400ca410
                            MaterialX_v1_39_6::Element::getSelf	0.079336	0.082132	0.0		0.0	0.0	0.0	0.0	CpuHotPaths.exe	MaterialX_v1_39_6::Element::getSelf	Element.h	0x1400ca427
                             std::enable_shared_from_this<MaterialX_v1_39_6::Element>::shared_from_this	0.079336	0.082132	0.0		0.014796	0.014796	0.0	0.0	CpuHotPaths.exe	std::enable_shared_from_this<MaterialX_v1_39_6::Element>::shared_from_this	memory	0x1400ca427
                        MaterialX_v1_39_6::Element::resolveNameReference<class MaterialX_v1_39_6::Node>	0.075127	0.077775	0.0		0.0	0.0	0.0	0.0	CpuHotPaths.exe	MaterialX_v1_39_6::Element::resolveNameReference<class MaterialX_v1_39_6::Node>(class std::basic_string<char,struct std::char_traits<char>,class std::allocator<char> > const &,class std::shared_ptr<class MaterialX_v1_39_6::Element const >)	Element.h	0x1401acbf0
                         MaterialX_v1_39_6::Element::getChildOfType<class MaterialX_v1_39_6::Node>	0.075127	0.077775	0.0		0.0	0.0	0.0	0.0	CpuHotPaths.exe	MaterialX_v1_39_6::Element::getChildOfType<class MaterialX_v1_39_6::Node>(class std::basic_string<char,struct std::char_traits<char>,class std::allocator<char> > const &)	Element.cpp	0x140161520
                          MaterialX_v1_39_6::Element::asA<class MaterialX_v1_39_6::Document>	0.075127	0.077775	0.0		0.0	0.0	0.0	0.0	CpuHotPaths.exe	MaterialX_v1_39_6::Element::asA<class MaterialX_v1_39_6::Document>(void)	Element.cpp	0x1400ca410
                           std::dynamic_pointer_cast	0.075127	0.077775	0.0		0.014011	0.014011	0.0	0.0	CpuHotPaths.exe	std::dynamic_pointer_cast	memory	0x1400ca458
                        MaterialX_v1_39_6::InterfaceElement::getOutputs	0.074164	0.076778	0.0		0.0	0.0	0.0	0.0	CpuHotPaths.exe	MaterialX_v1_39_6::InterfaceElement::getOutputs	Interface.h	0x1401ce21a
                         MaterialX_v1_39_6::Element::getChildrenOfType<class MaterialX_v1_39_6::Output>	0.074164	0.076778	0.0		0.0	0.0	0.0	0.0	CpuHotPaths.exe	MaterialX_v1_39_6::Element::getChildrenOfType<class MaterialX_v1_39_6::Output>(class std::basic_string<char,struct std::char_traits<char>,class std::allocator<char> > const &)	Element.cpp	0x14019fb70
                          MaterialX_v1_39_6::Element::asA<class MaterialX_v1_39_6::Document>	0.074164	0.076778	0.0		0.0	0.0	0.0	0.0	CpuHotPaths.exe	MaterialX_v1_39_6::Element::asA<class MaterialX_v1_39_6::Document>(void)	Element.cpp	0x1400ca410
                           MaterialX_v1_39_6::Element::getSelf	0.074164	0.076778	0.0		0.0	0.0	0.0	0.0	CpuHotPaths.exe	MaterialX_v1_39_6::Element::getSelf	Element.h	0x1400ca427
                            std::enable_shared_from_this<MaterialX_v1_39_6::Element>::shared_from_this	0.074164	0.076778	0.0		0.013832	0.013832	0.0	0.0	CpuHotPaths.exe	std::enable_shared_from_this<MaterialX_v1_39_6::Element>::shared_from_this	memory	0x1400ca427
                      MaterialX_v1_39_6::ShaderGraph::getNode	0.303026	0.313705	0.0		0.014908	0.014908	0.0	0.0	CpuHotPaths.exe	MaterialX_v1_39_6::ShaderGraph::getNode(class std::basic_string<char,struct std::char_traits<char>,class std::allocator<char> > const &)	ShaderGraph.cpp	0x140164500
                       std::_Hash<std::_Umap_traits<std::basic_string<char,std::char_traits<char>,std::allocator<char> >,std::shared_ptr<MaterialX_v1_39_6::ShaderNode>,std::_Uhash_compare<std::basic_string<char,std::char_traits<char>,std::allocator<char> >,std::hash<std::basic_string<char,std::char_traits<char>,std::allocator<char> > >,std::equal_to<std::basic_string<char,std::char_traits<char>,std::allocator<char> > > >,std::allocator<std::pair<std::basic_string<char,std::char_traits<char>,std::allocator<char> > const ,std::shared_ptr<MaterialX_v1_39_6::ShaderNode> > >,0> >::find	0.223089	0.230951	0.0		0.041606	0.041606	0.0	0.0	CpuHotPaths.exe	std::_Hash<std::_Umap_traits<std::basic_string<char,std::char_traits<char>,std::allocator<char> >,std::shared_ptr<MaterialX_v1_39_6::ShaderNode>,std::_Uhash_compare<std::basic_string<char,std::char_traits<char>,std::allocator<char> >,std::hash<std::basic_string<char,std::char_traits<char>,std::allocator<char> > >,std::equal_to<std::basic_string<char,std::char_traits<char>,std::allocator<char> > > >,std::allocator<std::pair<std::basic_string<char,std::char_traits<char>,std::allocator<char> > const ,std::shared_ptr<MaterialX_v1_39_6::ShaderNode> > >,0> >::find	xhash	0x14016450a
                      MaterialX_v1_39_6::InterfaceElement::getActiveInputs	0.155061	0.160525	0.0		0.0	0.0	0.0	0.0	CpuHotPaths.exe	MaterialX_v1_39_6::InterfaceElement::getActiveInputs(void)	Interface.cpp	0x1401d0b40
                       MaterialX_v1_39_6::InterfaceElement::getInputs	0.155061	0.160525	0.0		0.0	0.0	0.0	0.0	CpuHotPaths.exe	MaterialX_v1_39_6::InterfaceElement::getInputs	Interface.h	0x1401d0b8e
                        MaterialX_v1_39_6::Element::getChildrenOfType<class MaterialX_v1_39_6::Input>	0.155061	0.160525	0.0		0.014600	0.014600	0.0	0.0	CpuHotPaths.exe	MaterialX_v1_39_6::Element::getChildrenOfType<class MaterialX_v1_39_6::Input>(class std::basic_string<char,struct std::char_traits<char>,class std::allocator<char> > const &)	Element.cpp	0x14019ab80
                         std::vector<std::shared_ptr<MaterialX_v1_39_6::Input>,std::allocator<std::shared_ptr<MaterialX_v1_39_6::Input> > >::push_back	0.076778	0.079483	0.0		0.014319	0.014319	0.0	0.0	CpuHotPaths.exe	std::vector<std::shared_ptr<MaterialX_v1_39_6::Input>,std::allocator<std::shared_ptr<MaterialX_v1_39_6::Input> > >::push_back	vector	0x14019ae7b
                      MaterialX_v1_39_6::Input::getConnectedNode	0.151927	0.157281	0.0		0.0	0.0	0.0	0.0	CpuHotPaths.exe	MaterialX_v1_39_6::Input::getConnectedNode(void)	Interface.cpp	0x1401c8ee0
                       MaterialX_v1_39_6::PortElement::getConnectedNode	0.078205	0.080961	0.0		0.0	0.0	0.0	0.0	CpuHotPaths.exe	MaterialX_v1_39_6::PortElement::getConnectedNode	Interface.cpp	0x1401c91be
                        MaterialX_v1_39_6::Element::getAncestorOfType<class MaterialX_v1_39_6::GraphElement>	0.078205	0.080961	0.0		0.0	0.0	0.0	0.0	CpuHotPaths.exe	MaterialX_v1_39_6::Element::getAncestorOfType<class MaterialX_v1_39_6::GraphElement>(void)	Element.h	0x1401cc6f0
                         MaterialX_v1_39_6::Element::asA<class MaterialX_v1_39_6::GraphElement>	0.078205	0.080961	0.0		0.0	0.0	0.0	0.0	CpuHotPaths.exe	MaterialX_v1_39_6::Element::asA<class MaterialX_v1_39_6::GraphElement>(void)	Element.cpp	0x1400d87a0
                          std::dynamic_pointer_cast	0.078205	0.080961	0.0		0.014585	0.014585	0.0	0.0	CpuHotPaths.exe	std::dynamic_pointer_cast	memory	0x1400d87e8
                       MaterialX_v1_39_6::PortElement::getConnectedOutput	0.073722	0.076320	0.0		0.013749	0.013749	0.0	0.0	CpuHotPaths.exe	MaterialX_v1_39_6::PortElement::getConnectedOutput(void)	Interface.cpp	0x1401cdcf0
                      MaterialX_v1_39_6::Input::getInterfaceInput	0.150927	0.156246	0.0		0.0	0.0	0.0	0.0	CpuHotPaths.exe	MaterialX_v1_39_6::Input::getInterfaceInput(void)	Interface.cpp	0x1400fa4a0
                       MaterialX_v1_39_6::ValueElement::hasInterfaceName	0.075524	0.078186	0.0		0.014085	0.014085	0.0	0.0	CpuHotPaths.exe	MaterialX_v1_39_6::ValueElement::hasInterfaceName(void)	Element.h	0x1400eda10
                       MaterialX_v1_39_6::Element::getAncestorOfType<class MaterialX_v1_39_6::GraphElement>	0.075402	0.078060	0.0		0.014062	0.014062	0.0	0.0	CpuHotPaths.exe	MaterialX_v1_39_6::Element::getAncestorOfType<class MaterialX_v1_39_6::GraphElement>(void)	Element.h	0x1401cc6f0
                      MaterialX_v1_39_6::ShaderNode::getInput	0.078566	0.081334	0.0		0.0	0.0	0.0	0.0	CpuHotPaths.exe	MaterialX_v1_39_6::ShaderNode::getInput(class std::basic_string<char,struct std::char_traits<char>,class std::allocator<char> > const &)	ShaderNode.cpp	0x140143520
                       std::_Hash<std::_Umap_traits<std::basic_string<char,std::char_traits<char>,std::allocator<char> >,std::shared_ptr<MaterialX_v1_39_6::ShaderInput>,std::_Uhash_compare<std::basic_string<char,std::char_traits<char>,std::allocator<char> >,std::hash<std::basic_string<char,std::char_traits<char>,std::allocator<char> > >,std::equal_to<std::basic_string<char,std::char_traits<char>,std::allocator<char> > > >,std::allocator<std::pair<std::basic_string<char,std::char_traits<char>,std::allocator<char> > const ,std::shared_ptr<MaterialX_v1_39_6::ShaderInput> > >,0> >::find	0.078566	0.081334	0.0		0.014652	0.014652	0.0	0.0	CpuHotPaths.exe	std::_Hash<std::_Umap_traits<std::basic_string<char,std::char_traits<char>,std::allocator<char> >,std::shared_ptr<MaterialX_v1_39_6::ShaderInput>,std::_Uhash_compare<std::basic_string<char,std::char_traits<char>,std::allocator<char> >,std::hash<std::basic_string<char,std::char_traits<char>,std::allocator<char> > >,std::equal_to<std::basic_string<char,std::char_traits<char>,std::allocator<char> > > >,std::allocator<std::pair<std::basic_string<char,std::char_traits<char>,std::allocator<char> > const ,std::shared_ptr<MaterialX_v1_39_6::ShaderInput> > >,0> >::find	xhash	0x14014352a
                      std::shared_ptr<MaterialX_v1_39_6::Element>::{ctor}	0.076334	0.079024	0.0		0.014236	0.014236	0.0	0.0	CpuHotPaths.exe	std::shared_ptr<MaterialX_v1_39_6::Element>::{ctor}	memory	0x1401622e9
                     MaterialX_v1_39_6::GraphIterator::operator++	3.201292	3.314111	0.0		0.014042	0.014042	0.0	0.0	CpuHotPaths.exe	MaterialX_v1_39_6::GraphIterator::operator++(void)	Traversal.cpp	0x140204590
                      MaterialX_v1_39_6::Node::getUpstreamEdge	2.444968	2.531133	0.0		0.0	0.0	0.0	0.0	CpuHotPaths.exe	MaterialX_v1_39_6::Node::getUpstreamEdge(unsigned __int64)	Node.cpp	0x1401abcc0
                       MaterialX_v1_39_6::Input::getConnectedNode	1.600650	1.657060	0.0		0.0	0.0	0.0	0.0	CpuHotPaths.exe	MaterialX_v1_39_6::Input::getConnectedNode(void)	Interface.cpp	0x1401c8ee0
                        MaterialX_v1_39_6::PortElement::getConnectedOutput	0.836460	0.865938	0.0		0.0	0.0	0.0	0.0	CpuHotPaths.exe	MaterialX_v1_39_6::PortElement::getConnectedOutput(void)	Interface.cpp	0x1401cdcf0
                         MaterialX_v1_39_6::Element::resolveNameReference<class MaterialX_v1_39_6::Node>	0.384038	0.397572	0.0		0.0	0.0	0.0	0.0	CpuHotPaths.exe	MaterialX_v1_39_6::Element::resolveNameReference<class MaterialX_v1_39_6::Node>(class std::basic_string<char,struct std::char_traits<char>,class std::allocator<char> > const &,class std::shared_ptr<class MaterialX_v1_39_6::Element const >)	Element.h	0x1401acbf0
                          MaterialX_v1_39_6::Element::getChildOfType<class MaterialX_v1_39_6::Node>	0.384038	0.397572	0.0		0.0	0.0	0.0	0.0	CpuHotPaths.exe	MaterialX_v1_39_6::Element::getChildOfType<class MaterialX_v1_39_6::Node>(class std::basic_string<char,struct std::char_traits<char>,class std::allocator<char> > const &)	Element.cpp	0x140161520
                           MaterialX_v1_39_6::Element::getChild	0.384038	0.397572	0.0		0.0	0.0	0.0	0.0	CpuHotPaths.exe	MaterialX_v1_39_6::Element::getChild(class std::basic_string<char,struct std::char_traits<char>,class std::allocator<char> > const &)	Element.cpp	0x1400ef910
                            std::_Hash<std::_Umap_traits<std::basic_string<char,std::char_traits<char>,std::allocator<char> >,std::shared_ptr<MaterialX_v1_39_6::Element>,std::_Uhash_compare<std::basic_string<char,std::char_traits<char>,std::allocator<char> >,std::hash<std::basic_string<char,std::char_traits<char>,std::allocator<char> > >,std::equal_to<std::basic_string<char,std::char_traits<char>,std::allocator<char> > > >,std::allocator<std::pair<std::basic_string<char,std::char_traits<char>,std::allocator<char> > const ,std::shared_ptr<MaterialX_v1_39_6::Element> > >,0> >::find	0.304422	0.315151	0.0		0.056774	0.056774	0.0	0.0	CpuHotPaths.exe	std::_Hash<std::_Umap_traits<std::basic_string<char,std::char_traits<char>,std::allocator<char> >,std::shared_ptr<MaterialX_v1_39_6::Element>,std::_Uhash_compare<std::basic_string<char,std::char_traits<char>,std::allocator<char> >,std::hash<std::basic_string<char,std::char_traits<char>,std::allocator<char> > >,std::equal_to<std::basic_string<char,std::char_traits<char>,std::allocator<char> > > >,std::allocator<std::pair<std::basic_string<char,std::char_traits<char>,std::allocator<char> > const ,std::shared_ptr<MaterialX_v1_39_6::Element> > >,0> >::find	xhash	0x1400ef936
                            std::shared_ptr<MaterialX_v1_39_6::Element>::{ctor}	0.079615	0.082421	0.0		0.014848	0.014848	0.0	0.0	CpuHotPaths.exe	std::shared_ptr<MaterialX_v1_39_6::Element>::{ctor}	memory	0x1400ef99e
                         MaterialX_v1_39_6::InterfaceElement::getOutputs	0.152468	0.157841	0.0		0.0	0.0	0.0	0.0	CpuHotPaths.exe	MaterialX_v1_39_6::InterfaceElement::getOutputs	Interface.h	0x1401ce21a
                          MaterialX_v1_39_6::Element::getChildrenOfType<class MaterialX_v1_39_6::Output>	0.152468	0.157841	0.0		0.0	0.0	0.0	0.0	CpuHotPaths.exe	MaterialX_v1_39_6::Element::getChildrenOfType<class MaterialX_v1_39_6::Output>(class std::basic_string<char,struct std::char_traits<char>,class std::allocator<char> > const &)	Element.cpp	0x14019fb70
                           std::shared_ptr<MaterialX_v1_39_6::Element>::{ctor}	0.152468	0.157841	0.0		0.028435	0.028435	0.0	0.0	CpuHotPaths.exe	std::shared_ptr<MaterialX_v1_39_6::Element>::{ctor}	memory	0x14019fd85
                         MaterialX_v1_39_6::InterfaceElement::getOutput	0.151329	0.156662	0.0		0.0	0.0	0.0	0.0	CpuHotPaths.exe	MaterialX_v1_39_6::InterfaceElement::getOutput	Interface.h	0x1401ce3af
                          MaterialX_v1_39_6::Element::getChildOfType<class MaterialX_v1_39_6::Output>	0.151329	0.156662	0.0		0.0	0.0	0.0	0.0	CpuHotPaths.exe	MaterialX_v1_39_6::Element::getChildOfType<class MaterialX_v1_39_6::Output>(class std::basic_string<char,struct std::char_traits<char>,class std::allocator<char> > const &)	Element.cpp	0x140174010
                           MaterialX_v1_39_6::Element::getChild	0.076081	0.078762	0.0		0.014189	0.014189	0.0	0.0	CpuHotPaths.exe	MaterialX_v1_39_6::Element::getChild(class std::basic_string<char,struct std::char_traits<char>,class std::allocator<char> > const &)	Element.cpp	0x1400ef910
                           MaterialX_v1_39_6::Element::asA<class MaterialX_v1_39_6::Document>	0.075248	0.077899	0.0		0.0	0.0	0.0	0.0	CpuHotPaths.exe	MaterialX_v1_39_6::Element::asA<class MaterialX_v1_39_6::Document>(void)	Element.cpp	0x1400ca410
                            MaterialX_v1_39_6::Element::getSelf	0.075248	0.077899	0.0		0.0	0.0	0.0	0.0	CpuHotPaths.exe	MaterialX_v1_39_6::Element::getSelf	Element.h	0x1400ca427
                             std::enable_shared_from_this<MaterialX_v1_39_6::Element>::shared_from_this	0.075248	0.077899	0.0		0.014034	0.014034	0.0	0.0	CpuHotPaths.exe	std::enable_shared_from_this<MaterialX_v1_39_6::Element>::shared_from_this	memory	0x1400ca427
                         MaterialX_v1_39_6::Element::getDocument	0.148626	0.153863	0.0		0.0	0.0	0.0	0.0	CpuHotPaths.exe	MaterialX_v1_39_6::Element::getDocument(void)	Element.cpp	0x1400cf850
                          MaterialX_v1_39_6::Element::asA<class MaterialX_v1_39_6::Document>	0.074956	0.077598	0.0		0.0	0.0	0.0	0.0	CpuHotPaths.exe	MaterialX_v1_39_6::Element::asA<class MaterialX_v1_39_6::Document>(void)	Element.cpp	0x1400ca410
                           MaterialX_v1_39_6::Element::getSelf	0.074956	0.077598	0.0		0.0	0.0	0.0	0.0	CpuHotPaths.exe	MaterialX_v1_39_6::Element::getSelf	Element.h	0x1400ca427
                            std::enable_shared_from_this<MaterialX_v1_39_6::Element>::shared_from_this	0.074956	0.077598	0.0		0.013979	0.013979	0.0	0.0	CpuHotPaths.exe	std::enable_shared_from_this<MaterialX_v1_39_6::Element>::shared_from_this	memory	0x1400ca427
                          MaterialX_v1_39_6::Element::getRoot	0.073669	0.076265	0.0		0.013739	0.013739	0.0	0.0	CpuHotPaths.exe	MaterialX_v1_39_6::Element::getRoot(void)	Element.cpp	0x1400e3ed0
                        MaterialX_v1_39_6::Input::getInterfaceInput	0.373664	0.386832	0.0		0.0	0.0	0.0	0.0	CpuHotPaths.exe	MaterialX_v1_39_6::Input::getInterfaceInput	Interface.cpp	0x1401c8f11
                         MaterialX_v1_39_6::InterfaceElement::getInput	0.152563	0.157940	0.0		0.0	0.0	0.0	0.0	CpuHotPaths.exe	MaterialX_v1_39_6::InterfaceElement::getInput	Interface.h	0x1401c8f47
                          MaterialX_v1_39_6::Element::getChildOfType<class MaterialX_v1_39_6::Input>	0.152563	0.157940	0.0		0.0	0.0	0.0	0.0	CpuHotPaths.exe	MaterialX_v1_39_6::Element::getChildOfType<class MaterialX_v1_39_6::Input>(class std::basic_string<char,struct std::char_traits<char>,class std::allocator<char> > const &)	Element.cpp	0x140127ca0
                           MaterialX_v1_39_6::Element::asA<class MaterialX_v1_39_6::Document>	0.077485	0.080216	0.0		0.0	0.0	0.0	0.0	CpuHotPaths.exe	MaterialX_v1_39_6::Element::asA<class MaterialX_v1_39_6::Document>(void)	Element.cpp	0x1400ca410
                            MaterialX_v1_39_6::Element::getSelf	0.077485	0.080216	0.0		0.0	0.0	0.0	0.0	CpuHotPaths.exe	MaterialX_v1_39_6::Element::getSelf	Element.h	0x1400ca427
                             std::enable_shared_from_this<MaterialX_v1_39_6::Element>::shared_from_this	0.077485	0.080216	0.0		0.014451	0.014451	0.0	0.0	CpuHotPaths.exe	std::enable_shared_from_this<MaterialX_v1_39_6::Element>::shared_from_this	memory	0x1400ca427
                           MaterialX_v1_39_6::Element::getChild	0.075078	0.077723	0.0		0.0	0.0	0.0	0.0	CpuHotPaths.exe	MaterialX_v1_39_6::Element::getChild(class std::basic_string<char,struct std::char_traits<char>,class std::allocator<char> > const &)	Element.cpp	0x1400ef910
                            MaterialX_v1_39_6::Element::asA<class MaterialX_v1_39_6::Document>	0.075078	0.077723	0.0		0.0	0.0	0.0	0.0	CpuHotPaths.exe	MaterialX_v1_39_6::Element::asA<class MaterialX_v1_39_6::Document>(void)	Element.cpp	0x1400ca410
                             MaterialX_v1_39_6::Element::getSelf	0.075078	0.077723	0.0		0.0	0.0	0.0	0.0	CpuHotPaths.exe	MaterialX_v1_39_6::Element::getSelf	Element.h	0x1400ca427
                              std::enable_shared_from_this<MaterialX_v1_39_6::Element>::shared_from_this	0.075078	0.077723	0.0		0.014002	0.014002	0.0	0.0	CpuHotPaths.exe	std::enable_shared_from_this<MaterialX_v1_39_6::Element>::shared_from_this	memory	0x1400ca427
                         MaterialX_v1_39_6::Element::getAncestorOfType<class MaterialX_v1_39_6::GraphElement>	0.075336	0.077991	0.0		0.0	0.0	0.0	0.0	CpuHotPaths.exe	MaterialX_v1_39_6::Element::getAncestorOfType<class MaterialX_v1_39_6::GraphElement>(void)	Element.h	0x1401cc6f0
                          std::shared_ptr<MaterialX_v1_39_6::Element const >::operator=	0.075336	0.077991	0.0		0.014050	0.014050	0.0	0.0	CpuHotPaths.exe	std::shared_ptr<MaterialX_v1_39_6::Element const >::operator=	memory	0x1401cc7fe
                         MaterialX_v1_39_6::ValueElement::getInterfaceName	0.073791	0.076392	0.0		0.0	0.0	0.0	0.0	CpuHotPaths.exe	MaterialX_v1_39_6::ValueElement::getInterfaceName	Element.h	0x1401c8f38
                          MaterialX_v1_39_6::Element::getAttribute	0.073791	0.076392	0.0		0.0	0.0	0.0	0.0	CpuHotPaths.exe	MaterialX_v1_39_6::Element::getAttribute(class std::basic_string<char,struct std::char_traits<char>,class std::allocator<char> > const &)	Element.h	0x1400b15f0
                           std::_Hash<std::_Umap_traits<std::basic_string<char,std::char_traits<char>,std::allocator<char> >,std::basic_string<char,std::char_traits<char>,std::allocator<char> >,std::_Uhash_compare<std::basic_string<char,std::char_traits<char>,std::allocator<char> >,std::hash<std::basic_string<char,std::char_traits<char>,std::allocator<char> > >,std::equal_to<std::basic_string<char,std::char_traits<char>,std::allocator<char> > > >,std::allocator<std::pair<std::basic_string<char,std::char_traits<char>,std::allocator<char> > const ,std::basic_string<char,std::char_traits<char>,std::allocator<char> > > >,0> >::find	0.073791	0.076392	0.0		0.013762	0.013762	0.0	0.0	CpuHotPaths.exe	std::_Hash<std::_Umap_traits<std::basic_string<char,std::char_traits<char>,std::allocator<char> >,std::basic_string<char,std::char_traits<char>,std::allocator<char> >,std::_Uhash_compare<std::basic_string<char,std::char_traits<char>,std::allocator<char> >,std::hash<std::basic_string<char,std::char_traits<char>,std::allocator<char> > >,std::equal_to<std::basic_string<char,std::char_traits<char>,std::allocator<char> > > >,std::allocator<std::pair<std::basic_string<char,std::char_traits<char>,std::allocator<char> > const ,std::basic_string<char,std::char_traits<char>,std::allocator<char> > > >,0> >::find	xhash	0x1400b15fa
                         MaterialX_v1_39_6::ValueElement::hasInterfaceName	0.071973	0.074510	0.0		0.0	0.0	0.0	0.0	CpuHotPaths.exe	MaterialX_v1_39_6::ValueElement::hasInterfaceName(void)	Element.h	0x1400eda10
                          MaterialX_v1_39_6::Element::hasAttribute	0.071973	0.074510	0.0		0.0	0.0	0.0	0.0	CpuHotPaths.exe	MaterialX_v1_39_6::Element::hasAttribute	Element.h	0x1400eda14
                           std::_Hash<std::_Umap_traits<std::basic_string<char,std::char_traits<char>,std::allocator<char> >,std::basic_string<char,std::char_traits<char>,std::allocator<char> >,std::_Uhash_compare<std::basic_string<char,std::char_traits<char>,std::allocator<char> >,std::hash<std::basic_string<char,std::char_traits<char>,std::allocator<char> > >,std::equal_to<std::basic_string<char,std::char_traits<char>,std::allocator<char> > > >,std::allocator<std::pair<std::basic_string<char,std::char_traits<char>,std::allocator<char> > const ,std::basic_string<char,std::char_traits<char>,std::allocator<char> > > >,0> >::count	0.071973	0.074510	0.0		0.013423	0.013423	0.0	0.0	CpuHotPaths.exe	std::_Hash<std::_Umap_traits<std::basic_string<char,std::char_traits<char>,std::allocator<char> >,std::basic_string<char,std::char_traits<char>,std::allocator<char> >,std::_Uhash_compare<std::basic_string<char,std::char_traits<char>,std::allocator<char> >,std::hash<std::basic_string<char,std::char_traits<char>,std::allocator<char> > >,std::equal_to<std::basic_string<char,std::char_traits<char>,std::allocator<char> > > >,std::allocator<std::pair<std::basic_string<char,std::char_traits<char>,std::allocator<char> > const ,std::basic_string<char,std::char_traits<char>,std::allocator<char> > > >,0> >::count	xhash	0x1400eda14
                        MaterialX_v1_39_6::PortElement::getConnectedNode	0.308442	0.319312	0.0		0.0	0.0	0.0	0.0	CpuHotPaths.exe	MaterialX_v1_39_6::PortElement::getConnectedNode	Interface.cpp	0x1401c91be
                         MaterialX_v1_39_6::GraphElement::getNode	0.154777	0.160232	0.0		0.0	0.0	0.0	0.0	CpuHotPaths.exe	MaterialX_v1_39_6::GraphElement::getNode	Node.h	0x1401c91e3
                          MaterialX_v1_39_6::Element::getChildOfType<class MaterialX_v1_39_6::Node>	0.154777	0.160232	0.0		0.0	0.0	0.0	0.0	CpuHotPaths.exe	MaterialX_v1_39_6::Element::getChildOfType<class MaterialX_v1_39_6::Node>(class std::basic_string<char,struct std::char_traits<char>,class std::allocator<char> > const &)	Element.cpp	0x140161520
                           MaterialX_v1_39_6::Element::getChild	0.078583	0.081352	0.0		0.0	0.0	0.0	0.0	CpuHotPaths.exe	MaterialX_v1_39_6::Element::getChild(class std::basic_string<char,struct std::char_traits<char>,class std::allocator<char> > const &)	Element.cpp	0x1400ef910
                            MaterialX_v1_39_6::Element::asA<class MaterialX_v1_39_6::Document>	0.078583	0.081352	0.0		0.0	0.0	0.0	0.0	CpuHotPaths.exe	MaterialX_v1_39_6::Element::asA<class MaterialX_v1_39_6::Document>(void)	Element.cpp	0x1400ca410
                             std::shared_ptr<MaterialX_v1_39_6::Element const >::{dtor}	0.078583	0.081352	0.0		0.014656	0.014656	0.0	0.0	CpuHotPaths.exe	std::shared_ptr<MaterialX_v1_39_6::Element const >::{dtor}	memory	0x1400ca499
                           MaterialX_v1_39_6::Element::asA<class MaterialX_v1_39_6::Document>	0.076194	0.078880	0.0		0.0	0.0	0.0	0.0	CpuHotPaths.exe	MaterialX_v1_39_6::Element::asA<class MaterialX_v1_39_6::Document>(void)	Element.cpp	0x1400ca410
                            std::dynamic_pointer_cast	0.076194	0.078880	0.0		0.014210	0.014210	0.0	0.0	CpuHotPaths.exe	std::dynamic_pointer_cast	memory	0x1400ca458
                         MaterialX_v1_39_6::Element::getAncestorOfType<class MaterialX_v1_39_6::GraphElement>	0.153665	0.159080	0.0		0.014521	0.014521	0.0	0.0	CpuHotPaths.exe	MaterialX_v1_39_6::Element::getAncestorOfType<class MaterialX_v1_39_6::GraphElement>(void)	Element.h	0x1401cc6f0
                          MaterialX_v1_39_6::Element::asA<class MaterialX_v1_39_6::GraphElement>	0.075804	0.078475	0.0		0.0	0.0	0.0	0.0	CpuHotPaths.exe	MaterialX_v1_39_6::Element::asA<class MaterialX_v1_39_6::GraphElement>(void)	Element.cpp	0x1400d87a0
                           std::dynamic_pointer_cast	0.075804	0.078475	0.0		0.014137	0.014137	0.0	0.0	CpuHotPaths.exe	std::dynamic_pointer_cast	memory	0x1400d87e8
                        MaterialX_v1_39_6::Element::isA<class MaterialX_v1_39_6::NodeGraph>	0.082085	0.084978	0.0		0.0	0.0	0.0	0.0	CpuHotPaths.exe	MaterialX_v1_39_6::Element::isA<class MaterialX_v1_39_6::NodeGraph>(class std::basic_string<char,struct std::char_traits<char>,class std::allocator<char> > const &)	Element.h	0x14016d490
                         MaterialX_v1_39_6::Element::asA<class MaterialX_v1_39_6::NodeGraph>	0.082085	0.084978	0.0		0.0	0.0	0.0	0.0	CpuHotPaths.exe	MaterialX_v1_39_6::Element::asA<class MaterialX_v1_39_6::NodeGraph>(void)	Element.cpp	0x1401912e0
                          std::dynamic_pointer_cast	0.082085	0.084978	0.0		0.015309	0.015309	0.0	0.0	CpuHotPaths.exe	std::dynamic_pointer_cast	memory	0x140191328
                       MaterialX_v1_39_6::InterfaceElement::getInputs	0.613039	0.634644	0.0		0.0	0.0	0.0	0.0	CpuHotPaths.exe	MaterialX_v1_39_6::InterfaceElement::getInputs	Interface.h	0x1401abcf1
                        MaterialX_v1_39_6::Element::getChildrenOfType<class MaterialX_v1_39_6::Input>	0.613039	0.634644	0.0		0.029454	0.029454	0.0	0.0	CpuHotPaths.exe	MaterialX_v1_39_6::Element::getChildrenOfType<class MaterialX_v1_39_6::Input>(class std::basic_string<char,struct std::char_traits<char>,class std::allocator<char> > const &)	Element.cpp	0x14019ab80
                         std::vector<std::shared_ptr<MaterialX_v1_39_6::Input>,std::allocator<std::shared_ptr<MaterialX_v1_39_6::Input> > >::push_back	0.302852	0.313525	0.0		0.014081	0.014081	0.0	0.0	CpuHotPaths.exe	std::vector<std::shared_ptr<MaterialX_v1_39_6::Input>,std::allocator<std::shared_ptr<MaterialX_v1_39_6::Input> > >::push_back	vector	0x14019ae7b
                          operator new	0.227348	0.235360	0.0		0.0	0.0	0.0	0.0	CpuHotPaths.exe	operator new(unsigned __int64)	new_scalar.cpp	0x140234c58
                           malloc_base	0.227348	0.235360	0.0		0.042400	0.042400	0.0	0.0	ucrtbase.dll	malloc_base	[Unknown]	0x1800050a0
                         MaterialX_v1_39_6::Element::asA<class MaterialX_v1_39_6::Document>	0.076867	0.079576	0.0		0.0	0.0	0.0	0.0	CpuHotPaths.exe	MaterialX_v1_39_6::Element::asA<class MaterialX_v1_39_6::Document>(void)	Element.cpp	0x1400ca410
                          MaterialX_v1_39_6::Element::getSelf	0.076867	0.079576	0.0		0.0	0.0	0.0	0.0	CpuHotPaths.exe	MaterialX_v1_39_6::Element::getSelf	Element.h	0x1400ca427
                           std::enable_shared_from_this<MaterialX_v1_39_6::Element>::shared_from_this	0.076867	0.079576	0.0		0.014336	0.014336	0.0	0.0	CpuHotPaths.exe	std::enable_shared_from_this<MaterialX_v1_39_6::Element>::shared_from_this	memory	0x1400ca427
                         std::shared_ptr<MaterialX_v1_39_6::Element>::{ctor}	0.075391	0.078048	0.0		0.014060	0.014060	0.0	0.0	CpuHotPaths.exe	std::shared_ptr<MaterialX_v1_39_6::Element>::{ctor}	memory	0x14019ad95
                       std::shared_ptr<MaterialX_v1_39_6::Input>::{ctor}	0.153434	0.158841	0.0		0.028615	0.028615	0.0	0.0	CpuHotPaths.exe	std::shared_ptr<MaterialX_v1_39_6::Input>::{ctor}	memory	0x1401abd0c
                       std::vector<class std::shared_ptr<class MaterialX_v1_39_6::Input>,class std::allocator<class std::shared_ptr<class MaterialX_v1_39_6::Input> > >::~vector<class std::shared_ptr<class MaterialX_v1_39_6::Input>,class std::allocator<class std::shared_ptr<class MaterialX_v1_39_6::Input> > >	0.077845	0.080589	0.0		0.014518	0.014518	0.0	0.0	CpuHotPaths.exe	std::vector<class std::shared_ptr<class MaterialX_v1_39_6::Input>,class std::allocator<class std::shared_ptr<class MaterialX_v1_39_6::Input> > >::~vector<class std::shared_ptr<class MaterialX_v1_39_6::Input>,class std::allocator<class std::shared_ptr<class MaterialX_v1_39_6::Input> > >(void)	vector	0x140124170
                      MaterialX_v1_39_6::GraphIterator::extendPathUpstream	0.231885	0.240057	0.0		0.0	0.0	0.0	0.0	CpuHotPaths.exe	MaterialX_v1_39_6::GraphIterator::extendPathUpstream(class std::shared_ptr<class MaterialX_v1_39_6::Element>,class std::shared_ptr<class MaterialX_v1_39_6::Element>)	Traversal.cpp	0x140205ea0
                       std::shared_ptr<class MaterialX_v1_39_6::Element>::operator=	0.152574	0.157951	0.0		0.028455	0.028455	0.0	0.0	CpuHotPaths.exe	std::shared_ptr<class MaterialX_v1_39_6::Element>::operator=(class std::shared_ptr<class MaterialX_v1_39_6::Element> const &)	memory	0x140204160
                       std::_Tree<class std::_Tset_traits<class std::shared_ptr<class MaterialX_v1_39_6::Element>,struct std::less<class std::shared_ptr<class MaterialX_v1_39_6::Element> >,class std::allocator<class std::shared_ptr<class MaterialX_v1_39_6::Element> >,0> >::insert<0,0>	0.079310	0.082105	0.0		0.0	0.0	0.0	0.0	CpuHotPaths.exe	std::_Tree<class std::_Tset_traits<class std::shared_ptr<class MaterialX_v1_39_6::Element>,struct std::less<class std::shared_ptr<class MaterialX_v1_39_6::Element> >,class std::allocator<class std::shared_ptr<class MaterialX_v1_39_6::Element> >,0> >::insert<0,0>(class std::shared_ptr<class MaterialX_v1_39_6::Element> const &)	xtree	0x140203ff0
                        operator new	0.079310	0.082105	0.0		0.0	0.0	0.0	0.0	CpuHotPaths.exe	operator new(unsigned __int64)	new_scalar.cpp	0x140234c58
                         malloc_base	0.079310	0.082105	0.0		0.014791	0.014791	0.0	0.0	ucrtbase.dll	malloc_base	[Unknown]	0x1800050a0
                      MaterialX_v1_39_6::GraphIterator::returnPathDownstream	0.222627	0.230473	0.0		0.013883	0.013883	0.0	0.0	CpuHotPaths.exe	MaterialX_v1_39_6::GraphIterator::returnPathDownstream(class std::shared_ptr<class MaterialX_v1_39_6::Element>)	Traversal.cpp	0x140206610
                       std::_Tree<std::_Tset_traits<std::shared_ptr<MaterialX_v1_39_6::Element>,std::less<std::shared_ptr<MaterialX_v1_39_6::Element> >,std::allocator<std::shared_ptr<MaterialX_v1_39_6::Element> >,0> >::erase	0.148186	0.153409	0.0		0.027637	0.027637	0.0	0.0	CpuHotPaths.exe	std::_Tree<std::_Tset_traits<std::shared_ptr<MaterialX_v1_39_6::Element>,std::less<std::shared_ptr<MaterialX_v1_39_6::Element> >,std::allocator<std::shared_ptr<MaterialX_v1_39_6::Element> >,0> >::erase	xtree	0x14020662a
                      std::vector<std::pair<std::shared_ptr<MaterialX_v1_39_6::Element>,unsigned __int64>,std::allocator<std::pair<std::shared_ptr<MaterialX_v1_39_6::Element>,unsigned __int64> > >::pop_back	0.076617	0.079317	0.0		0.014289	0.014289	0.0	0.0	CpuHotPaths.exe	std::vector<std::pair<std::shared_ptr<MaterialX_v1_39_6::Element>,unsigned __int64>,std::allocator<std::pair<std::shared_ptr<MaterialX_v1_39_6::Element>,unsigned __int64> > >::pop_back	vector	0x140204950
                      MaterialX_v1_39_6::GraphIterator::skipOrMarkAsVisited	0.076591	0.079290	0.0		0.0	0.0	0.0	0.0	CpuHotPaths.exe	MaterialX_v1_39_6::GraphIterator::skipOrMarkAsVisited(class MaterialX_v1_39_6::Edge const &)	Traversal.cpp	0x1402067f0
                       std::_Tree<std::_Tset_traits<MaterialX_v1_39_6::Edge,std::less<MaterialX_v1_39_6::Edge>,std::allocator<MaterialX_v1_39_6::Edge>,0> >::emplace	0.076591	0.079290	0.0		0.0	0.0	0.0	0.0	CpuHotPaths.exe	std::_Tree<std::_Tset_traits<MaterialX_v1_39_6::Edge,std::less<MaterialX_v1_39_6::Edge>,std::allocator<MaterialX_v1_39_6::Edge>,0> >::emplace	xtree	0x14020680c
                        operator new	0.076591	0.079290	0.0		0.0	0.0	0.0	0.0	CpuHotPaths.exe	operator new(unsigned __int64)	new_scalar.cpp	0x140234c58
                         malloc_base	0.076591	0.079290	0.0		0.014284	0.014284	0.0	0.0	ucrtbase.dll	malloc_base	[Unknown]	0x1800050a0
                      std::vector<std::pair<std::shared_ptr<MaterialX_v1_39_6::Element>,unsigned __int64>,std::allocator<std::pair<std::shared_ptr<MaterialX_v1_39_6::Element>,unsigned __int64> > >::emplace_back	0.073311	0.075895	0.0		0.013672	0.013672	0.0	0.0	CpuHotPaths.exe	std::vector<std::pair<std::shared_ptr<MaterialX_v1_39_6::Element>,unsigned __int64>,std::allocator<std::pair<std::shared_ptr<MaterialX_v1_39_6::Element>,unsigned __int64> > >::emplace_back	vector	0x1402045ef
                     std::shared_ptr<MaterialX_v1_39_6::Element>::{dtor}	0.078364	0.081125	0.0		0.014615	0.014615	0.0	0.0	CpuHotPaths.exe	std::shared_ptr<MaterialX_v1_39_6::Element>::{dtor}	memory	0x14015e8bf
                     MaterialX_v1_39_6::GraphIterator::operator*	0.077841	0.080584	0.0		0.0	0.0	0.0	0.0	CpuHotPaths.exe	MaterialX_v1_39_6::GraphIterator::operator*	Traversal.h	0x14015e29b
                      MaterialX_v1_39_6::GraphIterator::getConnectingElement	0.077841	0.080584	0.0		0.0	0.0	0.0	0.0	CpuHotPaths.exe	MaterialX_v1_39_6::GraphIterator::getConnectingElement	Traversal.h	0x14015e2b0
                       std::shared_ptr<MaterialX_v1_39_6::Element>::{ctor}	0.077841	0.080584	0.0		0.014517	0.014517	0.0	0.0	CpuHotPaths.exe	std::shared_ptr<MaterialX_v1_39_6::Element>::{ctor}	memory	0x14015e2b0
                     MaterialX_v1_39_6::Element::isA	0.074698	0.077330	0.0		0.0	0.0	0.0	0.0	CpuHotPaths.exe	MaterialX_v1_39_6::Element::isA	Element.h	0x14015e57e
                      MaterialX_v1_39_6::Element::asA<class MaterialX_v1_39_6::Output>	0.074698	0.077330	0.0		0.0	0.0	0.0	0.0	CpuHotPaths.exe	MaterialX_v1_39_6::Element::asA<class MaterialX_v1_39_6::Output>(void)	Element.cpp	0x140191500
                       std::dynamic_pointer_cast	0.074698	0.077330	0.0		0.013931	0.013931	0.0	0.0	CpuHotPaths.exe	std::dynamic_pointer_cast	memory	0x140191548
                    MaterialX_v1_39_6::ShaderGraph::finalize	7.101920	7.195198	4.455121		0.0	0.0	0.0	0.0	CpuHotPaths.exe	MaterialX_v1_39_6::ShaderGraph::finalize(class MaterialX_v1_39_6::GenContext &)	ShaderGraph.cpp	0x1401639e0
                     MaterialX_v1_39_6::PremultipliedBsdfAddRefactor::execute	3.770171	3.746032	4.455121		0.0	0.0	0.0	0.0	CpuHotPaths.exe	MaterialX_v1_39_6::PremultipliedBsdfAddRefactor::execute(class MaterialX_v1_39_6::ShaderGraph &,class MaterialX_v1_39_6::GenContext &)	ShaderGraphRefactor.cpp	0x140177160
                      MaterialX_v1_39_6::`anonymous namespace'::foldWeightIntoBsdf	2.119641	2.037335	4.455121		0.0	0.0	0.0	0.0	CpuHotPaths.exe	MaterialX_v1_39_6::`anonymous namespace'::foldWeightIntoBsdf(class MaterialX_v1_39_6::ShaderGraph & const, class MaterialX_v1_39_6::GenContext & const, class MaterialX_v1_39_6::ShaderInput *, class MaterialX_v1_39_6::ShaderOutput *, const class std::basic_string<char,std::char_traits<char>,std::allocator<char> > & const, class std::shared_ptr<MaterialX_v1_39_6::NodeDef>, class std::shared_ptr<MaterialX_v1_39_6::NodeDef>)	ShaderGraphRefactor.cpp	0x140178670
                       MaterialX_v1_39_6::ShaderGraph::createNode	2.119641	2.037335	4.455121		0.0	0.0	0.0	0.0	CpuHotPaths.exe	MaterialX_v1_39_6::ShaderGraph::createNode(class std::basic_string<char,struct std::char_traits<char>,class std::allocator<char> > const &,class std::basic_string<char,struct std::char_traits<char>,class std::allocator<char> > const &,class std::shared_ptr<class MaterialX_v1_39_6::NodeDef const >,class MaterialX_v1_39_6::GenContext &)	ShaderGraph.cpp	0x140162b10
                        MaterialX_v1_39_6::ShaderNode::create	2.119641	2.037335	4.455121		0.0	0.0	0.0	0.0	CpuHotPaths.exe	MaterialX_v1_39_6::ShaderNode::create(class MaterialX_v1_39_6::ShaderGraph const *,class std::basic_string<char,struct std::char_traits<char>,class std::allocator<char> > const &,class MaterialX_v1_39_6::NodeDef const &,class MaterialX_v1_39_6::GenContext &)	ShaderNode.cpp	0x1401413a0
                         MaterialX_v1_39_6::ShaderGenerator::getImplementation	1.659503	1.560980	4.455121		0.0	0.0	0.0	0.0	CpuHotPaths.exe	MaterialX_v1_39_6::ShaderGenerator::getImplementation(class MaterialX_v1_39_6::NodeDef const &,class MaterialX_v1_39_6::GenContext &)	ShaderGenerator.cpp	0x14014f640
                          MaterialX_v1_39_6::SourceCodeNode::initialize	1.583223	1.482013	4.455121		0.0	0.0	0.0	0.0	CpuHotPaths.exe	MaterialX_v1_39_6::SourceCodeNode::initialize(class MaterialX_v1_39_6::InterfaceElement const &,class MaterialX_v1_39_6::GenContext &)	SourceCodeNode.cpp	0x14016b2e0
                           MaterialX_v1_39_6::SourceCodeNode::resolveSourceCode	1.583223	1.482013	4.455121		0.0	0.0	0.0	0.0	CpuHotPaths.exe	MaterialX_v1_39_6::SourceCodeNode::resolveSourceCode(class MaterialX_v1_39_6::InterfaceElement const &,class MaterialX_v1_39_6::GenContext &)	SourceCodeNode.cpp	0x14016bb60
                            MaterialX_v1_39_6::readFile	1.510804	1.407041	4.455121		0.0	0.0	0.0	0.0	CpuHotPaths.exe	MaterialX_v1_39_6::readFile(class MaterialX_v1_39_6::FilePath const &)	Util.cpp	0x1400d5610
                             std::basic_ifstream<char,std::char_traits<char> >::{ctor}	1.282619	1.170815	4.455121		0.239207	0.210922	0.028285	0.0	CpuHotPaths.exe	std::basic_ifstream<char,std::char_traits<char> >::{ctor}	fstream	0x1400d565f
                             std::basic_ostream<char,struct std::char_traits<char> >::operator<<	0.152772	0.158156	0.0		0.028492	0.028492	0.0	0.0	MSVCP140.dll	std::basic_ostream<char,struct std::char_traits<char> >::operator<<(class std::basic_streambuf<char,struct std::char_traits<char> > * __ptr64)	[Unknown]	0x180050140
                             MaterialX_v1_39_6::FilePath::asString	0.075413	0.078071	0.0		0.0	0.0	0.0	0.0	CpuHotPaths.exe	MaterialX_v1_39_6::FilePath::asString(enum MaterialX_v1_39_6::FilePath::Format)	File.cpp	0x1400cb990
                              std::basic_string<char,std::char_traits<char>,std::allocator<char> >::operator+=	0.075413	0.078071	0.0		0.0	0.0	0.0	0.0	CpuHotPaths.exe	std::basic_string<char,std::char_traits<char>,std::allocator<char> >::operator+=	xstring	0x1400cba94
                               operator new	0.075413	0.078071	0.0		0.0	0.0	0.0	0.0	CpuHotPaths.exe	operator new(unsigned __int64)	new_scalar.cpp	0x140234c58
                                malloc_base	0.075413	0.078071	0.0		0.014064	0.014064	0.0	0.0	ucrtbase.dll	malloc_base	[Unknown]	0x1800050a0
                            MaterialX_v1_39_6::GenContext::resolveSourceFile	0.072419	0.074972	0.0		0.0	0.0	0.0	0.0	CpuHotPaths.exe	MaterialX_v1_39_6::GenContext::resolveSourceFile(class MaterialX_v1_39_6::FilePath const &,class MaterialX_v1_39_6::FilePath const &)	GenContext.h	0x14013c820
                             MaterialX_v1_39_6::FileSearchPath::find	0.072419	0.074972	0.0		0.0	0.0	0.0	0.0	CpuHotPaths.exe	MaterialX_v1_39_6::FileSearchPath::find	File.h	0x14013ca24
                              MaterialX_v1_39_6::FilePath::exists	0.072419	0.074972	0.0		0.0	0.0	0.0	0.0	CpuHotPaths.exe	MaterialX_v1_39_6::FilePath::exists(void)	File.cpp	0x1400ccb40
                               GetFileAttributesA	0.072419	0.074972	0.0		0.013506	0.013506	0.0	0.0	KERNELBASE.dll	GetFileAttributesA	[Unknown]	0x18006d270
                          MaterialX_v1_39_6::NodeDef::getImplementation	0.076279	0.078967	0.0		0.0	0.0	0.0	0.0	CpuHotPaths.exe	MaterialX_v1_39_6::NodeDef::getImplementation(class std::basic_string<char,struct std::char_traits<char>,class std::allocator<char> > const &,bool)	Definition.cpp	0x1401bd2b0
                           MaterialX_v1_39_6::Element::getDocument	0.076279	0.078967	0.0		0.0	0.0	0.0	0.0	CpuHotPaths.exe	MaterialX_v1_39_6::Element::getDocument(void)	Element.cpp	0x1400cf850
                            MaterialX_v1_39_6::Element::getRoot	0.076279	0.078967	0.0		0.014226	0.014226	0.0	0.0	CpuHotPaths.exe	MaterialX_v1_39_6::Element::getRoot(void)	Element.cpp	0x1400e3ed0
                         MaterialX_v1_39_6::ValueElement::getResolvedValue	0.229907	0.238010	0.0		0.0	0.0	0.0	0.0	CpuHotPaths.exe	MaterialX_v1_39_6::ValueElement::getResolvedValue(class std::shared_ptr<class MaterialX_v1_39_6::StringResolver>)	Element.cpp	0x14015d180
                          MaterialX_v1_39_6::Value::createValueFromStrings	0.229907	0.238010	0.0		0.0	0.0	0.0	0.0	CpuHotPaths.exe	MaterialX_v1_39_6::Value::createValueFromStrings(class std::basic_string<char,struct std::char_traits<char>,class std::allocator<char> > const &,class std::basic_string<char,struct std::char_traits<char>,class std::allocator<char> > const &,class std::shared_ptr<class MaterialX_v1_39_6::TypeDef const >)	Value.cpp	0x140202b00
                           MaterialX_v1_39_6::TypedValue<float>::createFromString	0.229907	0.238010	0.0		0.0	0.0	0.0	0.0	CpuHotPaths.exe	MaterialX_v1_39_6::TypedValue<float>::createFromString(class std::basic_string<char,struct std::char_traits<char>,class std::allocator<char> > const &)	Value.cpp	0x140201540
                            MaterialX_v1_39_6::fromValueString<float>	0.229907	0.238010	0.0		0.0	0.0	0.0	0.0	CpuHotPaths.exe	MaterialX_v1_39_6::fromValueString<float>(class std::basic_string<char,struct std::char_traits<char>,class std::allocator<char> > const &)	Value.cpp	0x1401fb630
                             std::basic_stringstream<char,std::char_traits<char>,std::allocator<char> >::{dtor}	0.151756	0.157104	0.0		0.028302	0.028302	0.0	0.0	CpuHotPaths.exe	std::basic_stringstream<char,std::char_traits<char>,std::allocator<char> >::{dtor}	sstream	0x1401fb755
                             func@0x180045990	0.078152	0.080906	0.0		0.014575	0.014575	0.0	0.0	MSVCP140.dll	func@0x180045990	[Unknown]	0x180045990
                         MaterialX_v1_39_6::InterfaceElement::getActiveValueElements	0.077581	0.080315	0.0		0.0	0.0	0.0	0.0	CpuHotPaths.exe	MaterialX_v1_39_6::InterfaceElement::getActiveValueElements(void)	Interface.cpp	0x1401c8a10
                          MaterialX_v1_39_6::InheritanceIterator::InheritanceIterator	0.077581	0.080315	0.0		0.0	0.0	0.0	0.0	CpuHotPaths.exe	MaterialX_v1_39_6::InheritanceIterator::InheritanceIterator(class MaterialX_v1_39_6::InheritanceIterator const &)	[Unknown]	0x1400f58a0
                           std::set<std::shared_ptr<MaterialX_v1_39_6::Element const >,std::less<std::shared_ptr<MaterialX_v1_39_6::Element const > >,std::allocator<std::shared_ptr<MaterialX_v1_39_6::Element const > > >::{ctor}	0.077581	0.080315	0.0		0.014469	0.014469	0.0	0.0	CpuHotPaths.exe	std::set<std::shared_ptr<MaterialX_v1_39_6::Element const >,std::less<std::shared_ptr<MaterialX_v1_39_6::Element const > >,std::allocator<std::shared_ptr<MaterialX_v1_39_6::Element const > > >::{ctor}	set	0x1400f58e2
                         std::make_shared<MaterialX_v1_39_6::ShaderNode,MaterialX_v1_39_6::ShaderGraph const * &,std::basic_string<char,std::char_traits<char>,std::allocator<char> > const &>	0.077273	0.079996	0.0		0.0	0.0	0.0	0.0	CpuHotPaths.exe	std::make_shared<MaterialX_v1_39_6::ShaderNode,MaterialX_v1_39_6::ShaderGraph const * &,std::basic_string<char,std::char_traits<char>,std::allocator<char> > const &>(const class MaterialX_v1_39_6::ShaderGraph * & const, const class std::basic_string<char,std::char_traits<char>,std::allocator<char> > & const)	memory	0x14013e670
                          operator new	0.077273	0.079996	0.0		0.0	0.0	0.0	0.0	CpuHotPaths.exe	operator new(unsigned __int64)	new_scalar.cpp	0x140234c58
                           malloc_base	0.077273	0.079996	0.0		0.014411	0.014411	0.0	0.0	ucrtbase.dll	malloc_base	[Unknown]	0x1800050a0
                         MaterialX_v1_39_6::GenContext::getTypeDesc	0.075378	0.078035	0.0		0.0	0.0	0.0	0.0	CpuHotPaths.exe	MaterialX_v1_39_6::GenContext::getTypeDesc	GenContext.h	0x140141500
                          MaterialX_v1_39_6::TypeSystem::getType	0.075378	0.078035	0.0		0.0	0.0	0.0	0.0	CpuHotPaths.exe	MaterialX_v1_39_6::TypeSystem::getType(class std::basic_string<char,struct std::char_traits<char>,class std::allocator<char> > const &)	TypeDesc.cpp	0x14012fd80
                           std::_Hash<std::_Umap_traits<std::basic_string<char,std::char_traits<char>,std::allocator<char> >,MaterialX_v1_39_6::TypeDesc,std::_Uhash_compare<std::basic_string<char,std::char_traits<char>,std::allocator<char> >,std::hash<std::basic_string<char,std::char_traits<char>,std::allocator<char> > >,std::equal_to<std::basic_string<char,std::char_traits<char>,std::allocator<char> > > >,std::allocator<std::pair<std::basic_string<char,std::char_traits<char>,std::allocator<char> > const ,MaterialX_v1_39_6::TypeDesc> >,0> >::find	0.075378	0.078035	0.0		0.014058	0.014058	0.0	0.0	CpuHotPaths.exe	std::_Hash<std::_Umap_traits<std::basic_string<char,std::char_traits<char>,std::allocator<char> >,MaterialX_v1_39_6::TypeDesc,std::_Uhash_compare<std::basic_string<char,std::char_traits<char>,std::allocator<char> >,std::hash<std::basic_string<char,std::char_traits<char>,std::allocator<char> > >,std::equal_to<std::basic_string<char,std::char_traits<char>,std::allocator<char> > > >,std::allocator<std::pair<std::basic_string<char,std::char_traits<char>,std::allocator<char> > const ,MaterialX_v1_39_6::TypeDesc> >,0> >::find	xhash	0x14012fd94
                      MaterialX_v1_39_6::ShaderGraph::createNode	1.650530	1.708697	0.0		0.0	0.0	0.0	0.0	CpuHotPaths.exe	MaterialX_v1_39_6::ShaderGraph::createNode(class std::basic_string<char,struct std::char_traits<char>,class std::allocator<char> > const &,class std::basic_string<char,struct std::char_traits<char>,class std::allocator<char> > const &,class std::shared_ptr<class MaterialX_v1_39_6::NodeDef const >,class MaterialX_v1_39_6::GenContext &)	ShaderGraph.cpp	0x140162b10
                       MaterialX_v1_39_6::ShaderNode::create	1.575328	1.630845	0.0		0.0	0.0	0.0	0.0	CpuHotPaths.exe	MaterialX_v1_39_6::ShaderNode::create(class MaterialX_v1_39_6::ShaderGraph const *,class std::basic_string<char,struct std::char_traits<char>,class std::allocator<char> > const &,class MaterialX_v1_39_6::NodeDef const &,class MaterialX_v1_39_6::GenContext &)	ShaderNode.cpp	0x1401413a0
                        MaterialX_v1_39_6::ShaderGenerator::getImplementation	1.575328	1.630845	0.0		0.0	0.0	0.0	0.0	CpuHotPaths.exe	MaterialX_v1_39_6::ShaderGenerator::getImplementation(class MaterialX_v1_39_6::NodeDef const &,class MaterialX_v1_39_6::GenContext &)	ShaderGenerator.cpp	0x14014f640
                         MaterialX_v1_39_6::SourceCodeNode::initialize	1.349895	1.397468	0.0		0.0	0.0	0.0	0.0	CpuHotPaths.exe	MaterialX_v1_39_6::SourceCodeNode::initialize(class MaterialX_v1_39_6::InterfaceElement const &,class MaterialX_v1_39_6::GenContext &)	SourceCodeNode.cpp	0x14016b2e0
                          MaterialX_v1_39_6::SourceCodeNode::resolveSourceCode	1.349895	1.397468	0.0		0.0	0.0	0.0	0.0	CpuHotPaths.exe	MaterialX_v1_39_6::SourceCodeNode::resolveSourceCode(class MaterialX_v1_39_6::InterfaceElement const &,class MaterialX_v1_39_6::GenContext &)	SourceCodeNode.cpp	0x14016bb60
                           MaterialX_v1_39_6::readFile	0.973562	1.007872	0.0		0.0	0.0	0.0	0.0	CpuHotPaths.exe	MaterialX_v1_39_6::readFile(class MaterialX_v1_39_6::FilePath const &)	Util.cpp	0x1400d5610
                            std::basic_ifstream<char,std::char_traits<char> >::{ctor}	0.899866	0.931578	0.0		0.167824	0.167824	0.0	0.0	CpuHotPaths.exe	std::basic_ifstream<char,std::char_traits<char> >::{ctor}	fstream	0x1400d565f
                            std::basic_ifstream<char,std::char_traits<char> >::close	0.073696	0.076294	0.0		0.013744	0.013744	0.0	0.0	CpuHotPaths.exe	std::basic_ifstream<char,std::char_traits<char> >::close	fstream	0x1400d57b9
                           MaterialX_v1_39_6::GenContext::resolveSourceFile	0.376333	0.389596	0.0		0.0	0.0	0.0	0.0	CpuHotPaths.exe	MaterialX_v1_39_6::GenContext::resolveSourceFile(class MaterialX_v1_39_6::FilePath const &,class MaterialX_v1_39_6::FilePath const &)	GenContext.h	0x14013c820
                            MaterialX_v1_39_6::FileSearchPath::find	0.376333	0.389596	0.0		0.0	0.0	0.0	0.0	CpuHotPaths.exe	MaterialX_v1_39_6::FileSearchPath::find	File.h	0x14013ca24
                             MaterialX_v1_39_6::FilePath::exists	0.376333	0.389596	0.0		0.0	0.0	0.0	0.0	CpuHotPaths.exe	MaterialX_v1_39_6::FilePath::exists(void)	File.cpp	0x1400ccb40
                              GetFileAttributesA	0.376333	0.389596	0.0		0.070186	0.070186	0.0	0.0	KERNELBASE.dll	GetFileAttributesA	[Unknown]	0x18006d270
                         MaterialX_v1_39_6::NodeDef::getImplementation	0.225433	0.233377	0.0		0.0	0.0	0.0	0.0	CpuHotPaths.exe	MaterialX_v1_39_6::NodeDef::getImplementation(class std::basic_string<char,struct std::char_traits<char>,class std::allocator<char> > const &,bool)	Definition.cpp	0x1401bd2b0
                          MaterialX_v1_39_6::Implementation::hasNodeGraph	0.077269	0.079992	0.0		0.0	0.0	0.0	0.0	CpuHotPaths.exe	MaterialX_v1_39_6::Implementation::hasNodeGraph	Definition.h	0x1401bd4bb
                           MaterialX_v1_39_6::Element::hasAttribute	0.077269	0.079992	0.0		0.0	0.0	0.0	0.0	CpuHotPaths.exe	MaterialX_v1_39_6::Element::hasAttribute	Element.h	0x1401bd4bb
                            std::_Hash<std::_Umap_traits<std::basic_string<char,std::char_traits<char>,std::allocator<char> >,std::basic_string<char,std::char_traits<char>,std::allocator<char> >,std::_Uhash_compare<std::basic_string<char,std::char_traits<char>,std::allocator<char> >,std::hash<std::basic_string<char,std::char_traits<char>,std::allocator<char> > >,std::equal_to<std::basic_string<char,std::char_traits<char>,std::allocator<char> > > >,std::allocator<std::pair<std::basic_string<char,std::char_traits<char>,std::allocator<char> > const ,std::basic_string<char,std::char_traits<char>,std::allocator<char> > > >,0> >::count	0.077269	0.079992	0.0		0.014411	0.014411	0.0	0.0	CpuHotPaths.exe	std::_Hash<std::_Umap_traits<std::basic_string<char,std::char_traits<char>,std::allocator<char> >,std::basic_string<char,std::char_traits<char>,std::allocator<char> >,std::_Uhash_compare<std::basic_string<char,std::char_traits<char>,std::allocator<char> >,std::hash<std::basic_string<char,std::char_traits<char>,std::allocator<char> > >,std::equal_to<std::basic_string<char,std::char_traits<char>,std::allocator<char> > > >,std::allocator<std::pair<std::basic_string<char,std::char_traits<char>,std::allocator<char> > const ,std::basic_string<char,std::char_traits<char>,std::allocator<char> > > >,0> >::count	xhash	0x1401bd4c2
                          std::shared_ptr<MaterialX_v1_39_6::Implementation>::{dtor}	0.076187	0.078872	0.0		0.014209	0.014209	0.0	0.0	CpuHotPaths.exe	std::shared_ptr<MaterialX_v1_39_6::Implementation>::{dtor}	memory	0x1401bd61c
                          MaterialX_v1_39_6::targetStringsMatch	0.071977	0.074514	0.0		0.0	0.0	0.0	0.0	CpuHotPaths.exe	MaterialX_v1_39_6::targetStringsMatch(class std::basic_string<char,struct std::char_traits<char>,class std::allocator<char> > const &,class std::basic_string<char,struct std::char_traits<char>,class std::allocator<char> > const &)	Element.cpp	0x1401a47b0
                           std::basic_string<char,struct std::char_traits<char>,class std::allocator<char> >::find_first_of	0.071977	0.074514	0.0		0.013424	0.013424	0.0	0.0	CpuHotPaths.exe	std::basic_string<char,struct std::char_traits<char>,class std::allocator<char> >::find_first_of(class std::basic_string<char,struct std::char_traits<char>,class std::allocator<char> > const &,unsigned __int64)	xstring	0x14017ec30
                       std::unordered_map<std::basic_string<char,std::char_traits<char>,std::allocator<char> >,std::shared_ptr<MaterialX_v1_39_6::ShaderNode>,std::hash<std::basic_string<char,std::char_traits<char>,std::allocator<char> > >,std::equal_to<std::basic_string<char,std::char_traits<char>,std::allocator<char> > >,std::allocator<std::pair<std::basic_string<char,std::char_traits<char>,std::allocator<char> > const ,std::shared_ptr<MaterialX_v1_39_6::ShaderNode> > > >::operator[]	0.075202	0.077852	0.0		0.014025	0.014025	0.0	0.0	CpuHotPaths.exe	std::unordered_map<std::basic_string<char,std::char_traits<char>,std::allocator<char> >,std::shared_ptr<MaterialX_v1_39_6::ShaderNode>,std::hash<std::basic_string<char,std::char_traits<char>,std::allocator<char> > >,std::equal_to<std::basic_string<char,std::char_traits<char>,std::allocator<char> > >,std::allocator<std::pair<std::basic_string<char,std::char_traits<char>,std::allocator<char> > const ,std::shared_ptr<MaterialX_v1_39_6::ShaderNode> > > >::operator[]	unordered_map	0x140162b92
                     MaterialX_v1_39_6::ShaderGraph::setVariableNames	2.346057	2.428736	0.0		0.0	0.0	0.0	0.0	CpuHotPaths.exe	MaterialX_v1_39_6::ShaderGraph::setVariableNames(class MaterialX_v1_39_6::GenContext &)	ShaderGraph.cpp	0x1401663c0
                      MaterialX_v1_39_6::Syntax::getVariableName	2.049288	2.121509	0.0		0.0	0.0	0.0	0.0	CpuHotPaths.exe	MaterialX_v1_39_6::Syntax::getVariableName(class std::basic_string<char,struct std::char_traits<char>,class std::allocator<char> > const &,class MaterialX_v1_39_6::TypeDesc,class std::unordered_map<class std::basic_string<char,struct std::char_traits<char>,class std::allocator<char> >,unsigned __int64,struct std::hash<class std::basic_string<char,struct std::char_traits<char>,class std::allocator<char> > >,struct std::equal_to<class std::basic_string<char,struct std::char_traits<char>,class std::allocator<char> > >,class std::allocator<struct std::pair<class std::basic_string<char,struct std::char_traits<char>,class std::allocator<char> > const ,unsigned __int64> > > &)	Syntax.cpp	0x1401493f0
                       MaterialX_v1_39_6::Syntax::makeIdentifier	1.973875	2.043438	0.0		0.013790	0.013790	0.0	0.0	CpuHotPaths.exe	MaterialX_v1_39_6::Syntax::makeIdentifier(class std::basic_string<char,struct std::char_traits<char>,class std::allocator<char> > &,class std::unordered_map<class std::basic_string<char,struct std::char_traits<char>,class std::allocator<char> >,unsigned __int64,struct std::hash<class std::basic_string<char,struct std::char_traits<char>,class std::allocator<char> > >,struct std::equal_to<class std::basic_string<char,struct std::char_traits<char>,class std::allocator<char> > >,class std::allocator<struct std::pair<class std::basic_string<char,struct std::char_traits<char>,class std::allocator<char> > const ,unsigned __int64> > > &)	Syntax.cpp	0x1401494a0
                        MaterialX_v1_39_6::Syntax::makeValidName	1.751025	1.812734	0.0		0.0	0.0	0.0	0.0	CpuHotPaths.exe	MaterialX_v1_39_6::Syntax::makeValidName(class std::basic_string<char,struct std::char_traits<char>,class std::allocator<char> > &)	Syntax.cpp	0x140149900
                         MaterialX_v1_39_6::replaceSubstrings	0.686199	0.710382	0.0		0.028412	0.028412	0.0	0.0	CpuHotPaths.exe	MaterialX_v1_39_6::replaceSubstrings(class std::basic_string<char,struct std::char_traits<char>,class std::allocator<char> >,class std::unordered_map<class std::basic_string<char,struct std::char_traits<char>,class std::allocator<char> >,class std::basic_string<char,struct std::char_traits<char>,class std::allocator<char> >,struct std::hash<class std::basic_string<char,struct std::char_traits<char>,class std::allocator<char> > >,struct std::equal_to<class std::basic_string<char,struct std::char_traits<char>,class std::allocator<char> > >,class std::allocator<struct std::pair<class std::basic_string<char,struct std::char_traits<char>,class std::allocator<char> > const ,class std::basic_string<char,struct std::char_traits<char>,class std::allocator<char> > > > > const &)	Util.cpp	0x14017fb10
                          std::basic_string<char,std::char_traits<char>,std::allocator<char> >::find	0.533857	0.552671	0.0		0.085486	0.085486	0.0	0.0	CpuHotPaths.exe	std::basic_string<char,std::char_traits<char>,std::allocator<char> >::find	xstring	0x14017fb70
                           [Import thunk memchr]	0.075486	0.078146	0.0		0.014078	0.014078	0.0	0.0	CpuHotPaths.exe	[Import thunk memchr]	[Unknown]	0x1402367ee
                         std::replace_if	0.384434	0.397982	0.0		0.0	0.0	0.0	0.0	CpuHotPaths.exe	std::replace_if	algorithm	0x140149951
                          MaterialX_v1_39_6::isInvalidChar	0.384434	0.397982	0.0		0.028841	0.028841	0.0	0.0	CpuHotPaths.exe	MaterialX_v1_39_6::isInvalidChar	Syntax.cpp	0x140149963
                           isalnum	0.229790	0.237889	0.0		0.042856	0.042856	0.0	0.0	ucrtbase.dll	isalnum	[Unknown]	0x18000dbe0
                         std::basic_string<char,struct std::char_traits<char>,class std::allocator<char> >::basic_string<char,struct std::char_traits<char>,class std::allocator<char> >	0.303973	0.314686	0.0		0.014462	0.014462	0.0	0.0	CpuHotPaths.exe	std::basic_string<char,struct std::char_traits<char>,class std::allocator<char> >::basic_string<char,struct std::char_traits<char>,class std::allocator<char> >(class std::basic_string<char,struct std::char_traits<char>,class std::allocator<char> > const &)	xstring	0x1400aa8e0
                          operator new	0.226426	0.234406	0.0		0.0	0.0	0.0	0.0	CpuHotPaths.exe	operator new(unsigned __int64)	new_scalar.cpp	0x140234c58
                           malloc_base	0.226426	0.234406	0.0		0.042228	0.042228	0.0	0.0	ucrtbase.dll	malloc_base	[Unknown]	0x1800050a0
                         std::_Tree<std::_Tset_traits<std::basic_string<char,std::char_traits<char>,std::allocator<char> >,std::less<std::basic_string<char,std::char_traits<char>,std::allocator<char> > >,std::allocator<std::basic_string<char,std::char_traits<char>,std::allocator<char> > >,0> >::find	0.151495	0.156834	0.0		0.013542	0.013542	0.0	0.0	CpuHotPaths.exe	std::_Tree<std::_Tset_traits<std::basic_string<char,std::char_traits<char>,std::allocator<char> >,std::less<std::basic_string<char,std::char_traits<char>,std::allocator<char> > >,std::allocator<std::basic_string<char,std::char_traits<char>,std::allocator<char> > >,0> >::find	xtree	0x1401499f7
                          [Import thunk memcmp]	0.078885	0.081665	0.0		0.014712	0.014712	0.0	0.0	CpuHotPaths.exe	[Import thunk memcmp]	[Unknown]	0x1402367be
                         std::basic_string<char,struct std::char_traits<char>,class std::allocator<char> >::operator=	0.150561	0.155867	0.0		0.028079	0.028079	0.0	0.0	CpuHotPaths.exe	std::basic_string<char,struct std::char_traits<char>,class std::allocator<char> >::operator=(class std::basic_string<char,struct std::char_traits<char>,class std::allocator<char> > &&)	xstring	0x1400ae240
                         _security_check_cookie	0.074362	0.076983	0.0		0.013869	0.013869	0.0	0.0	CpuHotPaths.exe	_security_check_cookie	amdsecgs.asm	0x140235330
                        std::unordered_map<std::basic_string<char,std::char_traits<char>,std::allocator<char> >,unsigned __int64,std::hash<std::basic_string<char,std::char_traits<char>,std::allocator<char> > >,std::equal_to<std::basic_string<char,std::char_traits<char>,std::allocator<char> > >,std::allocator<std::pair<std::basic_string<char,std::char_traits<char>,std::allocator<char> > const ,unsigned __int64> > >::operator[]	0.148908	0.154155	0.0		0.027771	0.027771	0.0	0.0	CpuHotPaths.exe	std::unordered_map<std::basic_string<char,std::char_traits<char>,std::allocator<char> >,unsigned __int64,std::hash<std::basic_string<char,std::char_traits<char>,std::allocator<char> > >,std::equal_to<std::basic_string<char,std::char_traits<char>,std::allocator<char> > >,std::allocator<std::pair<std::basic_string<char,std::char_traits<char>,std::allocator<char> > const ,unsigned __int64> > >::operator[]	unordered_map	0x1401497de
                       std::basic_string<char,struct std::char_traits<char>,class std::allocator<char> >::basic_string<char,struct std::char_traits<char>,class std::allocator<char> >	0.075413	0.078071	0.0		0.0	0.0	0.0	0.0	CpuHotPaths.exe	std::basic_string<char,struct std::char_traits<char>,class std::allocator<char> >::basic_string<char,struct std::char_traits<char>,class std::allocator<char> >(class std::basic_string<char,struct std::char_traits<char>,class std::allocator<char> > const &)	xstring	0x1400aa8e0
                        operator new	0.075413	0.078071	0.0		0.0	0.0	0.0	0.0	CpuHotPaths.exe	operator new(unsigned __int64)	new_scalar.cpp	0x140234c58
                         malloc_base	0.075413	0.078071	0.0		0.014064	0.014064	0.0	0.0	ucrtbase.dll	malloc_base	[Unknown]	0x1800050a0
                      MaterialX_v1_39_6::ShaderPort::setVariable	0.079270	0.082063	0.0		0.0	0.0	0.0	0.0	CpuHotPaths.exe	MaterialX_v1_39_6::ShaderPort::setVariable	ShaderNode.h	0x1401666be
                       std::basic_string<char,std::char_traits<char>,std::allocator<char> >::operator=	0.079270	0.082063	0.0		0.0	0.0	0.0	0.0	CpuHotPaths.exe	std::basic_string<char,std::char_traits<char>,std::allocator<char> >::operator=	xstring	0x1401666c5
                        operator new	0.079270	0.082063	0.0		0.0	0.0	0.0	0.0	CpuHotPaths.exe	operator new(unsigned __int64)	new_scalar.cpp	0x140234c58
                         malloc_base	0.079270	0.082063	0.0		0.014784	0.014784	0.0	0.0	ucrtbase.dll	malloc_base	[Unknown]	0x1800050a0
                      std::basic_string<char,std::char_traits<char>,std::allocator<char> >::{dtor}	0.073664	0.076260	0.0		0.013738	0.013738	0.0	0.0	CpuHotPaths.exe	std::basic_string<char,std::char_traits<char>,std::allocator<char> >::{dtor}	xstring	0x1401666e9
                      MaterialX_v1_39_6::ShaderPort::setVariable	0.073137	0.075715	0.0		0.0	0.0	0.0	0.0	CpuHotPaths.exe	MaterialX_v1_39_6::ShaderPort::setVariable	ShaderNode.h	0x140166848
                       std::basic_string<char,std::char_traits<char>,std::allocator<char> >::operator=	0.073137	0.075715	0.0		0.013640	0.013640	0.0	0.0	CpuHotPaths.exe	std::basic_string<char,std::char_traits<char>,std::allocator<char> >::operator=	xstring	0x14016684f
                      MaterialX_v1_39_6::ShaderPort::getFullName	0.070698	0.073189	0.0		0.0	0.0	0.0	0.0	CpuHotPaths.exe	MaterialX_v1_39_6::ShaderPort::getFullName(void)	ShaderNode.cpp	0x140143390
                       std::operator+	0.070698	0.073189	0.0		0.013185	0.013185	0.0	0.0	CpuHotPaths.exe	std::operator+	xstring	0x1401433c6
                     MaterialX_v1_39_6::ShaderGraph::removeUnusedNodes	0.526987	0.545559	0.0		0.014239	0.014239	0.0	0.0	CpuHotPaths.exe	MaterialX_v1_39_6::ShaderGraph::removeUnusedNodes(void)	ShaderGraph.cpp	0x1401656d0
                      MaterialX_v1_39_6::ShaderGraphEdgeIterator::operator++	0.227626	0.235648	0.0		0.0	0.0	0.0	0.0	CpuHotPaths.exe	MaterialX_v1_39_6::ShaderGraphEdgeIterator::operator++(void)	ShaderGraph.cpp	0x140158830
                       MaterialX_v1_39_6::ShaderGraphEdgeIterator::extendPathUpstream	0.153411	0.158818	0.0		0.0	0.0	0.0	0.0	CpuHotPaths.exe	MaterialX_v1_39_6::ShaderGraphEdgeIterator::extendPathUpstream(class MaterialX_v1_39_6::ShaderOutput *,class MaterialX_v1_39_6::ShaderInput *)	ShaderGraph.cpp	0x1401637d0
                        std::_Tree<std::_Tset_traits<MaterialX_v1_39_6::ShaderOutput *,std::less<MaterialX_v1_39_6::ShaderOutput *>,std::allocator<MaterialX_v1_39_6::ShaderOutput *>,0> >::insert	0.153411	0.158818	0.0		0.0	0.0	0.0	0.0	CpuHotPaths.exe	std::_Tree<std::_Tset_traits<MaterialX_v1_39_6::ShaderOutput *,std::less<MaterialX_v1_39_6::ShaderOutput *>,std::allocator<MaterialX_v1_39_6::ShaderOutput *>,0> >::insert	xtree	0x140163853
                         operator new	0.153411	0.158818	0.0		0.0	0.0	0.0	0.0	CpuHotPaths.exe	operator new(unsigned __int64)	new_scalar.cpp	0x140234c58
                          malloc_base	0.153411	0.158818	0.0		0.028611	0.028611	0.0	0.0	ucrtbase.dll	malloc_base	[Unknown]	0x1800050a0
                       MaterialX_v1_39_6::ShaderGraphEdgeIterator::returnPathDownstream	0.074215	0.076830	0.0		0.013841	0.013841	0.0	0.0	CpuHotPaths.exe	MaterialX_v1_39_6::ShaderGraphEdgeIterator::returnPathDownstream(class MaterialX_v1_39_6::ShaderOutput *)	ShaderGraph.cpp	0x1401662f0
                      std::_Tree<std::_Tset_traits<MaterialX_v1_39_6::ShaderNode *,std::less<MaterialX_v1_39_6::ShaderNode *>,std::allocator<MaterialX_v1_39_6::ShaderNode *>,0> >::insert	0.148638	0.153877	0.0		0.013713	0.013713	0.0	0.0	CpuHotPaths.exe	std::_Tree<std::_Tset_traits<MaterialX_v1_39_6::ShaderNode *,std::less<MaterialX_v1_39_6::ShaderNode *>,std::allocator<MaterialX_v1_39_6::ShaderNode *>,0> >::insert	xtree	0x140165b72
                       operator new	0.075112	0.077760	0.0		0.0	0.0	0.0	0.0	CpuHotPaths.exe	operator new(unsigned __int64)	new_scalar.cpp	0x140234c58
                        malloc_base	0.075112	0.077760	0.0		0.014008	0.014008	0.0	0.0	ucrtbase.dll	malloc_base	[Unknown]	0x1800050a0
                      std::_Tree<std::_Tset_traits<MaterialX_v1_39_6::ShaderNode *,std::less<MaterialX_v1_39_6::ShaderNode *>,std::allocator<MaterialX_v1_39_6::ShaderNode *>,0> >::count	0.074371	0.076992	0.0		0.013870	0.013870	0.0	0.0	CpuHotPaths.exe	std::_Tree<std::_Tset_traits<MaterialX_v1_39_6::ShaderNode *,std::less<MaterialX_v1_39_6::ShaderNode *>,std::allocator<MaterialX_v1_39_6::ShaderNode *>,0> >::count	xtree	0x140165d74
                     MaterialX_v1_39_6::ShaderGraph::topologicalSort	0.458705	0.474870	0.0		0.028780	0.028780	0.0	0.0	CpuHotPaths.exe	MaterialX_v1_39_6::ShaderGraph::topologicalSort(void)	ShaderGraph.cpp	0x140166bd0
                      std::unordered_map<MaterialX_v1_39_6::ShaderNode *,int,std::hash<MaterialX_v1_39_6::ShaderNode *>,std::equal_to<MaterialX_v1_39_6::ShaderNode *>,std::allocator<std::pair<MaterialX_v1_39_6::ShaderNode * const,int> > >::operator[]	0.155627	0.161112	0.0		0.029024	0.029024	0.0	0.0	CpuHotPaths.exe	std::unordered_map<MaterialX_v1_39_6::ShaderNode *,int,std::hash<MaterialX_v1_39_6::ShaderNode *>,std::equal_to<MaterialX_v1_39_6::ShaderNode *>,std::allocator<std::pair<MaterialX_v1_39_6::ShaderNode * const,int> > >::operator[]	unordered_map	0x140166f24
                      std::_Hash<std::_Umap_traits<MaterialX_v1_39_6::ShaderNode *,int,std::_Uhash_compare<MaterialX_v1_39_6::ShaderNode *,std::hash<MaterialX_v1_39_6::ShaderNode *>,std::equal_to<MaterialX_v1_39_6::ShaderNode *> >,std::allocator<std::pair<MaterialX_v1_39_6::ShaderNode * const,int> >,0> >::~_Hash<std::_Umap_traits<MaterialX_v1_39_6::ShaderNode *,int,std::_Uhash_compare<MaterialX_v1_39_6::ShaderNode *,std::hash<MaterialX_v1_39_6::ShaderNode *>,std::equal_to<MaterialX_v1_39_6::ShaderNode *> >,std::allocator<std::pair<MaterialX_v1_39_6::ShaderNode * const,int> >,0> >	0.148760	0.154003	0.0		0.027744	0.027744	0.0	0.0	CpuHotPaths.exe	std::_Hash<std::_Umap_traits<MaterialX_v1_39_6::ShaderNode *,int,std::_Uhash_compare<MaterialX_v1_39_6::ShaderNode *,std::hash<MaterialX_v1_39_6::ShaderNode *>,std::equal_to<MaterialX_v1_39_6::ShaderNode *> >,std::allocator<std::pair<MaterialX_v1_39_6::ShaderNode * const,int> >,0> >::~_Hash<std::_Umap_traits<MaterialX_v1_39_6::ShaderNode *,int,std::_Uhash_compare<MaterialX_v1_39_6::ShaderNode *,std::hash<MaterialX_v1_39_6::ShaderNode *>,std::equal_to<MaterialX_v1_39_6::ShaderNode *> >,std::allocator<std::pair<MaterialX_v1_39_6::ShaderNode * const,int> >,0> >()	[Unknown]	0x140157820
                    MaterialX_v1_39_6::NodeGraph::getNodeDef	1.888715	1.955276	0.0		0.0	0.0	0.0	0.0	CpuHotPaths.exe	MaterialX_v1_39_6::NodeGraph::getNodeDef(void)	Node.cpp	0x1401ab7b0
                     MaterialX_v1_39_6::Implementation::getNodeGraph	1.066079	1.103649	0.0		0.0	0.0	0.0	0.0	CpuHotPaths.exe	MaterialX_v1_39_6::Implementation::getNodeGraph	Definition.h	0x1401ab8d5
                      MaterialX_v1_39_6::Element::getAttribute	1.066079	1.103649	0.0		0.014079	0.014079	0.0	0.0	CpuHotPaths.exe	MaterialX_v1_39_6::Element::getAttribute(class std::basic_string<char,struct std::char_traits<char>,class std::allocator<char> > const &)	Element.h	0x1400b15f0
                       std::_Hash<std::_Umap_traits<std::basic_string<char,std::char_traits<char>,std::allocator<char> >,std::basic_string<char,std::char_traits<char>,std::allocator<char> >,std::_Uhash_compare<std::basic_string<char,std::char_traits<char>,std::allocator<char> >,std::hash<std::basic_string<char,std::char_traits<char>,std::allocator<char> > >,std::equal_to<std::basic_string<char,std::char_traits<char>,std::allocator<char> > > >,std::allocator<std::pair<std::basic_string<char,std::char_traits<char>,std::allocator<char> > const ,std::basic_string<char,std::char_traits<char>,std::allocator<char> > > >,0> >::find	0.990587	1.025497	0.0		0.184743	0.184743	0.0	0.0	CpuHotPaths.exe	std::_Hash<std::_Umap_traits<std::basic_string<char,std::char_traits<char>,std::allocator<char> >,std::basic_string<char,std::char_traits<char>,std::allocator<char> >,std::_Uhash_compare<std::basic_string<char,std::char_traits<char>,std::allocator<char> >,std::hash<std::basic_string<char,std::char_traits<char>,std::allocator<char> > >,std::equal_to<std::basic_string<char,std::char_traits<char>,std::allocator<char> > > >,std::allocator<std::pair<std::basic_string<char,std::char_traits<char>,std::allocator<char> > const ,std::basic_string<char,std::char_traits<char>,std::allocator<char> > > >,0> >::find	xhash	0x1400b15fa
                     MaterialX_v1_39_6::Document::getImplementations	0.668630	0.692194	0.0		0.0	0.0	0.0	0.0	CpuHotPaths.exe	MaterialX_v1_39_6::Document::getImplementations	Document.h	0x1401ab833
                      MaterialX_v1_39_6::Element::getChildrenOfType<class MaterialX_v1_39_6::Implementation>	0.668630	0.692194	0.0		0.027840	0.027840	0.0	0.0	CpuHotPaths.exe	MaterialX_v1_39_6::Element::getChildrenOfType<class MaterialX_v1_39_6::Implementation>(class std::basic_string<char,struct std::char_traits<char>,class std::allocator<char> > const &)	Element.cpp	0x14019a770
                       MaterialX_v1_39_6::Element::asA<class MaterialX_v1_39_6::Implementation>	0.296304	0.306746	0.0		0.0	0.0	0.0	0.0	CpuHotPaths.exe	MaterialX_v1_39_6::Element::asA<class MaterialX_v1_39_6::Implementation>(void)	Element.cpp	0x1400d8880
                        MaterialX_v1_39_6::Element::getSelf	0.151784	0.157134	0.0		0.0	0.0	0.0	0.0	CpuHotPaths.exe	MaterialX_v1_39_6::Element::getSelf	Element.h	0x1400d8897
                         std::enable_shared_from_this<MaterialX_v1_39_6::Element>::shared_from_this	0.151784	0.157134	0.0		0.028308	0.028308	0.0	0.0	CpuHotPaths.exe	std::enable_shared_from_this<MaterialX_v1_39_6::Element>::shared_from_this	memory	0x1400d8897
                        std::dynamic_pointer_cast	0.073524	0.076115	0.0		0.013712	0.013712	0.0	0.0	CpuHotPaths.exe	std::dynamic_pointer_cast	memory	0x1400d88c8
                        std::shared_ptr<MaterialX_v1_39_6::Element>::{dtor}	0.070995	0.073497	0.0		0.013240	0.013240	0.0	0.0	CpuHotPaths.exe	std::shared_ptr<MaterialX_v1_39_6::Element>::{dtor}	memory	0x1400d8909
                       std::vector<std::shared_ptr<MaterialX_v1_39_6::Implementation>,std::allocator<std::shared_ptr<MaterialX_v1_39_6::Implementation> > >::push_back	0.150055	0.155344	0.0		0.027985	0.027985	0.0	0.0	CpuHotPaths.exe	std::vector<std::shared_ptr<MaterialX_v1_39_6::Implementation>,std::allocator<std::shared_ptr<MaterialX_v1_39_6::Implementation> > >::push_back	vector	0x14019aa6b
                       std::shared_ptr<MaterialX_v1_39_6::Element>::{ctor}	0.072995	0.075568	0.0		0.013614	0.013614	0.0	0.0	CpuHotPaths.exe	std::shared_ptr<MaterialX_v1_39_6::Element>::{ctor}	memory	0x14019a985
                     MaterialX_v1_39_6::Element::getQualifiedName	0.154006	0.159434	0.0		0.0	0.0	0.0	0.0	CpuHotPaths.exe	MaterialX_v1_39_6::Element::getQualifiedName(class std::basic_string<char,struct std::char_traits<char>,class std::allocator<char> > const &)	Element.h	0x1401c9520
                      std::basic_string<char,struct std::char_traits<char>,class std::allocator<char> >::basic_string<char,struct std::char_traits<char>,class std::allocator<char> >	0.154006	0.159434	0.0		0.0	0.0	0.0	0.0	CpuHotPaths.exe	std::basic_string<char,struct std::char_traits<char>,class std::allocator<char> >::basic_string<char,struct std::char_traits<char>,class std::allocator<char> >(class std::basic_string<char,struct std::char_traits<char>,class std::allocator<char> > const &)	xstring	0x1400aa8e0
                       operator new	0.154006	0.159434	0.0		0.0	0.0	0.0	0.0	CpuHotPaths.exe	operator new(unsigned __int64)	new_scalar.cpp	0x140234c58
                        malloc_base	0.154006	0.159434	0.0		0.028722	0.028722	0.0	0.0	ucrtbase.dll	malloc_base	[Unknown]	0x1800050a0
                    MaterialX_v1_39_6::ShaderGraph::addInputSockets	0.848164	0.878055	0.0		0.0	0.0	0.0	0.0	CpuHotPaths.exe	MaterialX_v1_39_6::ShaderGraph::addInputSockets(class MaterialX_v1_39_6::InterfaceElement const &,class MaterialX_v1_39_6::GenContext &)	ShaderGraph.cpp	0x14015c800
                     MaterialX_v1_39_6::TypedValue<class MaterialX_v1_39_6::Color3>::getValueString	0.235967	0.244283	0.0		0.0	0.0	0.0	0.0	CpuHotPaths.exe	MaterialX_v1_39_6::TypedValue<class MaterialX_v1_39_6::Color3>::getValueString(void)	Value.cpp	0x1401f6880
                      MaterialX_v1_39_6::toValueString	0.235967	0.244283	0.0		0.014379	0.014379	0.0	0.0	CpuHotPaths.exe	MaterialX_v1_39_6::toValueString	Value.cpp	0x1401f68b2
                       MaterialX_v1_39_6::toValueString<float>	0.158866	0.164465	0.0		0.0	0.0	0.0	0.0	CpuHotPaths.exe	MaterialX_v1_39_6::toValueString<float>(float const &)	Value.cpp	0x1401fe7e0
                        std::basic_ostream<char,struct std::char_traits<char> >::operator<<	0.158866	0.164465	0.0		0.029628	0.029628	0.0	0.0	MSVCP140.dll	std::basic_ostream<char,struct std::char_traits<char> >::operator<<(float)	[Unknown]	0x18004fa10
                     MaterialX_v1_39_6::TypedValue<float>::getValueString	0.230608	0.238735	0.0		0.0	0.0	0.0	0.0	CpuHotPaths.exe	MaterialX_v1_39_6::TypedValue<float>::getValueString(void)	Value.cpp	0x1401f6810
                      MaterialX_v1_39_6::toValueString<float>	0.230608	0.238735	0.0		0.0	0.0	0.0	0.0	CpuHotPaths.exe	MaterialX_v1_39_6::toValueString<float>(float const &)	Value.cpp	0x1401fe7e0
                       std::basic_ostream<char,struct std::char_traits<char> >::operator<<	0.151091	0.156416	0.0		0.028178	0.028178	0.0	0.0	MSVCP140.dll	std::basic_ostream<char,struct std::char_traits<char> >::operator<<(float)	[Unknown]	0x18004fa10
                       std::basic_stringstream<char,std::char_traits<char>,std::allocator<char> >::{dtor}	0.079517	0.082319	0.0		0.014830	0.014830	0.0	0.0	CpuHotPaths.exe	std::basic_stringstream<char,std::char_traits<char>,std::allocator<char> >::{dtor}	sstream	0x1401fea42
                     MaterialX_v1_39_6::ValueElement::getResolvedValue	0.154771	0.160226	0.0		0.0	0.0	0.0	0.0	CpuHotPaths.exe	MaterialX_v1_39_6::ValueElement::getResolvedValue(class std::shared_ptr<class MaterialX_v1_39_6::StringResolver>)	Element.cpp	0x14015d180
                      MaterialX_v1_39_6::Document::getTypeDef	0.077884	0.080628	0.0		0.0	0.0	0.0	0.0	CpuHotPaths.exe	MaterialX_v1_39_6::Document::getTypeDef	Document.h	0x14015d278
                       MaterialX_v1_39_6::Element::getChildOfType<class MaterialX_v1_39_6::TypeDef>	0.077884	0.080628	0.0		0.0	0.0	0.0	0.0	CpuHotPaths.exe	MaterialX_v1_39_6::Element::getChildOfType<class MaterialX_v1_39_6::TypeDef>(class std::basic_string<char,struct std::char_traits<char>,class std::allocator<char> > const &)	Element.cpp	0x14019b220
                        MaterialX_v1_39_6::Element::asA<class MaterialX_v1_39_6::Document>	0.077884	0.080628	0.0		0.0	0.0	0.0	0.0	CpuHotPaths.exe	MaterialX_v1_39_6::Element::asA<class MaterialX_v1_39_6::Document>(void)	Element.cpp	0x1400ca410
                         std::dynamic_pointer_cast	0.077884	0.080628	0.0		0.014525	0.014525	0.0	0.0	CpuHotPaths.exe	std::dynamic_pointer_cast	memory	0x1400ca458
                      MaterialX_v1_39_6::Value::createValueFromStrings	0.076888	0.079597	0.0		0.0	0.0	0.0	0.0	CpuHotPaths.exe	MaterialX_v1_39_6::Value::createValueFromStrings(class std::basic_string<char,struct std::char_traits<char>,class std::allocator<char> > const &,class std::basic_string<char,struct std::char_traits<char>,class std::allocator<char> > const &,class std::shared_ptr<class MaterialX_v1_39_6::TypeDef const >)	Value.cpp	0x140202b00
                       MaterialX_v1_39_6::TypedValue<class MaterialX_v1_39_6::Color3>::createFromString	0.076888	0.079597	0.0		0.0	0.0	0.0	0.0	CpuHotPaths.exe	MaterialX_v1_39_6::TypedValue<class MaterialX_v1_39_6::Color3>::createFromString(class std::basic_string<char,struct std::char_traits<char>,class std::allocator<char> > const &)	Value.cpp	0x140201d00
                        MaterialX_v1_39_6::fromValueString	0.076888	0.079597	0.0		0.0	0.0	0.0	0.0	CpuHotPaths.exe	MaterialX_v1_39_6::fromValueString	Value.cpp	0x140201d2a
                         MaterialX_v1_39_6::splitString	0.076888	0.079597	0.0		0.0	0.0	0.0	0.0	CpuHotPaths.exe	MaterialX_v1_39_6::splitString(class std::basic_string<char,struct std::char_traits<char>,class std::allocator<char> > const &,class std::basic_string<char,struct std::char_traits<char>,class std::allocator<char> > const &)	Util.cpp	0x14017fd80
                          std::basic_string<char,struct std::char_traits<char>,class std::allocator<char> >::find_first_of	0.076888	0.079597	0.0		0.014339	0.014339	0.0	0.0	CpuHotPaths.exe	std::basic_string<char,struct std::char_traits<char>,class std::allocator<char> >::find_first_of(class std::basic_string<char,struct std::char_traits<char>,class std::allocator<char> > const &,unsigned __int64)	xstring	0x14017ec30
                     MaterialX_v1_39_6::Element::getNamePath	0.149747	0.155024	0.0		0.0	0.0	0.0	0.0	CpuHotPaths.exe	MaterialX_v1_39_6::Element::getNamePath(class std::shared_ptr<class MaterialX_v1_39_6::Element const >)	Element.cpp	0x1401a41f0
                      MaterialX_v1_39_6::Element::getDocument	0.075119	0.077766	0.0		0.0	0.0	0.0	0.0	CpuHotPaths.exe	MaterialX_v1_39_6::Element::getDocument	Element.cpp	0x1401a4249
                       MaterialX_v1_39_6::Element::asA<class MaterialX_v1_39_6::Document>	0.075119	0.077766	0.0		0.014010	0.014010	0.0	0.0	CpuHotPaths.exe	MaterialX_v1_39_6::Element::asA<class MaterialX_v1_39_6::Document>(void)	Element.cpp	0x1400ca410
                      std::basic_string<char,std::char_traits<char>,std::allocator<char> >::operator=	0.074628	0.077258	0.0		0.0	0.0	0.0	0.0	CpuHotPaths.exe	std::basic_string<char,std::char_traits<char>,std::allocator<char> >::operator=	xstring	0x1401a4539
                       operator new	0.074628	0.077258	0.0		0.0	0.0	0.0	0.0	CpuHotPaths.exe	operator new(unsigned __int64)	new_scalar.cpp	0x140234c58
                        malloc_base	0.074628	0.077258	0.0		0.013918	0.013918	0.0	0.0	ucrtbase.dll	malloc_base	[Unknown]	0x1800050a0
                     std::basic_string<char,std::char_traits<char>,std::allocator<char> >::{dtor}	0.077071	0.079788	0.0		0.014374	0.014374	0.0	0.0	CpuHotPaths.exe	std::basic_string<char,std::char_traits<char>,std::allocator<char> >::{dtor}	xstring	0x14015cf3c
                    MaterialX_v1_39_6::ShaderGraph::addOutputSockets	0.151640	0.156984	0.0		0.0	0.0	0.0	0.0	CpuHotPaths.exe	MaterialX_v1_39_6::ShaderGraph::addOutputSockets(class MaterialX_v1_39_6::InterfaceElement const &,class MaterialX_v1_39_6::GenContext &)	ShaderGraph.cpp	0x14015d5a0
                     MaterialX_v1_39_6::InterfaceElement::getActiveOutputs	0.151640	0.156984	0.0		0.0	0.0	0.0	0.0	CpuHotPaths.exe	MaterialX_v1_39_6::InterfaceElement::getActiveOutputs(void)	Interface.cpp	0x1401d17b0
                      MaterialX_v1_39_6::InterfaceElement::getOutputs	0.151640	0.156984	0.0		0.0	0.0	0.0	0.0	CpuHotPaths.exe	MaterialX_v1_39_6::InterfaceElement::getOutputs	Interface.h	0x1401d17fe
                       MaterialX_v1_39_6::Element::getChildrenOfType<class MaterialX_v1_39_6::Output>	0.151640	0.156984	0.0		0.0	0.0	0.0	0.0	CpuHotPaths.exe	MaterialX_v1_39_6::Element::getChildrenOfType<class MaterialX_v1_39_6::Output>(class std::basic_string<char,struct std::char_traits<char>,class std::allocator<char> > const &)	Element.cpp	0x14019fb70
                        MaterialX_v1_39_6::Element::asA<class MaterialX_v1_39_6::Output>	0.076875	0.079584	0.0		0.0	0.0	0.0	0.0	CpuHotPaths.exe	MaterialX_v1_39_6::Element::asA<class MaterialX_v1_39_6::Output>(void)	Element.cpp	0x1401913f0
                         std::shared_ptr<MaterialX_v1_39_6::Element>::{dtor}	0.076875	0.079584	0.0		0.014337	0.014337	0.0	0.0	CpuHotPaths.exe	std::shared_ptr<MaterialX_v1_39_6::Element>::{dtor}	memory	0x140191479
                        std::shared_ptr<MaterialX_v1_39_6::Element>::{dtor}	0.074766	0.077400	0.0		0.013944	0.013944	0.0	0.0	CpuHotPaths.exe	std::shared_ptr<MaterialX_v1_39_6::Element>::{dtor}	memory	0x14019fdf2
                  MaterialX_v1_39_6::NodeDef::getImplementation	0.074362	0.076982	0.0		0.0	0.0	0.0	0.0	CpuHotPaths.exe	MaterialX_v1_39_6::NodeDef::getImplementation(class std::basic_string<char,struct std::char_traits<char>,class std::allocator<char> > const &,bool)	Definition.cpp	0x1401bd2b0
                   MaterialX_v1_39_6::Element::getDocument	0.074362	0.076982	0.0		0.0	0.0	0.0	0.0	CpuHotPaths.exe	MaterialX_v1_39_6::Element::getDocument(void)	Element.cpp	0x1400cf850
                    MaterialX_v1_39_6::Element::asA<class MaterialX_v1_39_6::Document>	0.074362	0.076982	0.0		0.0	0.0	0.0	0.0	CpuHotPaths.exe	MaterialX_v1_39_6::Element::asA<class MaterialX_v1_39_6::Document>(void)	Element.cpp	0x1400ca410
                     MaterialX_v1_39_6::Element::getSelf	0.074362	0.076982	0.0		0.0	0.0	0.0	0.0	CpuHotPaths.exe	MaterialX_v1_39_6::Element::getSelf	Element.h	0x1400ca427
                      std::enable_shared_from_this<MaterialX_v1_39_6::Element>::shared_from_this	0.074362	0.076982	0.0		0.013868	0.013868	0.0	0.0	CpuHotPaths.exe	std::enable_shared_from_this<MaterialX_v1_39_6::Element>::shared_from_this	memory	0x1400ca427
                 MaterialX_v1_39_6::ValueElement::getResolvedValue	0.454286	0.393287	2.185171		0.0	0.0	0.0	0.0	CpuHotPaths.exe	MaterialX_v1_39_6::ValueElement::getResolvedValue(class std::shared_ptr<class MaterialX_v1_39_6::StringResolver>)	Element.cpp	0x14015d180
                  MaterialX_v1_39_6::Value::createValueFromStrings	0.379385	0.315746	2.185171		0.0	0.0	0.0	0.0	CpuHotPaths.exe	MaterialX_v1_39_6::Value::createValueFromStrings(class std::basic_string<char,struct std::char_traits<char>,class std::allocator<char> > const &,class std::basic_string<char,struct std::char_traits<char>,class std::allocator<char> > const &,class std::shared_ptr<class MaterialX_v1_39_6::TypeDef const >)	Value.cpp	0x140202b00
                   MaterialX_v1_39_6::TypedValue<class MaterialX_v1_39_6::Color3>::createFromString	0.151365	0.079690	2.185171		0.0	0.0	0.0	0.0	CpuHotPaths.exe	MaterialX_v1_39_6::TypedValue<class MaterialX_v1_39_6::Color3>::createFromString(class std::basic_string<char,struct std::char_traits<char>,class std::allocator<char> > const &)	Value.cpp	0x140201d00
                    MaterialX_v1_39_6::fromValueString	0.151365	0.079690	2.185171		0.0	0.0	0.0	0.0	CpuHotPaths.exe	MaterialX_v1_39_6::fromValueString	Value.cpp	0x140201d2a
                     MaterialX_v1_39_6::fromValueString<float>	0.151365	0.079690	2.185171		0.0	0.0	0.0	0.0	CpuHotPaths.exe	MaterialX_v1_39_6::fromValueString<float>(class std::basic_string<char,struct std::char_traits<char>,class std::allocator<char> > const &)	Value.cpp	0x1401fb630
                      std::basic_stringstream<char,std::char_traits<char>,std::allocator<char> >::{ctor}	0.076977	0.079690	0.0		0.014356	0.014356	0.0	0.0	CpuHotPaths.exe	std::basic_stringstream<char,std::char_traits<char>,std::allocator<char> >::{ctor}	sstream	0x1401fb66b
                      func@0x180045990	0.074388	0.0	2.185171		0.013873	0.0	0.013873	0.0	MSVCP140.dll	func@0x180045990	[Unknown]	0x180045990
                   MaterialX_v1_39_6::TypedValue<float>::createFromString	0.150972	0.156293	0.0		0.0	0.0	0.0	0.0	CpuHotPaths.exe	MaterialX_v1_39_6::TypedValue<float>::createFromString(class std::basic_string<char,struct std::char_traits<char>,class std::allocator<char> > const &)	Value.cpp	0x140201540
                    MaterialX_v1_39_6::fromValueString<float>	0.150972	0.156293	0.0		0.0	0.0	0.0	0.0	CpuHotPaths.exe	MaterialX_v1_39_6::fromValueString<float>(class std::basic_string<char,struct std::char_traits<char>,class std::allocator<char> > const &)	Value.cpp	0x1401fb630
                     func@0x180045990	0.150972	0.156293	0.0		0.028156	0.028156	0.0	0.0	MSVCP140.dll	func@0x180045990	[Unknown]	0x180045990
                   std::shared_ptr<MaterialX_v1_39_6::TypeDef const >::{dtor}	0.077048	0.079763	0.0		0.014369	0.014369	0.0	0.0	CpuHotPaths.exe	std::shared_ptr<MaterialX_v1_39_6::TypeDef const >::{dtor}	memory	0x140202ba4
                  MaterialX_v1_39_6::Document::getTypeDef	0.074901	0.077541	0.0		0.0	0.0	0.0	0.0	CpuHotPaths.exe	MaterialX_v1_39_6::Document::getTypeDef	Document.h	0x14015d278
                   MaterialX_v1_39_6::Element::getChildOfType<class MaterialX_v1_39_6::TypeDef>	0.074901	0.077541	0.0		0.0	0.0	0.0	0.0	CpuHotPaths.exe	MaterialX_v1_39_6::Element::getChildOfType<class MaterialX_v1_39_6::TypeDef>(class std::basic_string<char,struct std::char_traits<char>,class std::allocator<char> > const &)	Element.cpp	0x14019b220
                    MaterialX_v1_39_6::Element::asA<class MaterialX_v1_39_6::TypeDef>	0.074901	0.077541	0.0		0.0	0.0	0.0	0.0	CpuHotPaths.exe	MaterialX_v1_39_6::Element::asA<class MaterialX_v1_39_6::TypeDef>(void)	Element.cpp	0x1401924f0
                     MaterialX_v1_39_6::Element::getSelf	0.074901	0.077541	0.0		0.0	0.0	0.0	0.0	CpuHotPaths.exe	MaterialX_v1_39_6::Element::getSelf	Element.h	0x140192507
                      std::enable_shared_from_this<MaterialX_v1_39_6::Element>::shared_from_this	0.074901	0.077541	0.0		0.013969	0.013969	0.0	0.0	CpuHotPaths.exe	std::enable_shared_from_this<MaterialX_v1_39_6::Element>::shared_from_this	memory	0x140192507
                 MaterialX_v1_39_6::InterfaceElement::getActiveValueElements	0.383287	0.396794	0.0		0.0	0.0	0.0	0.0	CpuHotPaths.exe	MaterialX_v1_39_6::InterfaceElement::getActiveValueElements(void)	Interface.cpp	0x1401c8a10
                  std::_Tree<std::_Tset_traits<std::basic_string<char,std::char_traits<char>,std::allocator<char> >,std::less<std::basic_string<char,std::char_traits<char>,std::allocator<char> > >,std::allocator<std::basic_string<char,std::char_traits<char>,std::allocator<char> > >,0> >::insert	0.155217	0.160687	0.0		0.028948	0.028948	0.0	0.0	CpuHotPaths.exe	std::_Tree<std::_Tset_traits<std::basic_string<char,std::char_traits<char>,std::allocator<char> >,std::less<std::basic_string<char,std::char_traits<char>,std::allocator<char> > >,std::allocator<std::basic_string<char,std::char_traits<char>,std::allocator<char> > >,0> >::insert	xtree	0x1401c8b30
                  MaterialX_v1_39_6::InheritanceIterator::operator++	0.078751	0.081527	0.0		0.0	0.0	0.0	0.0	CpuHotPaths.exe	MaterialX_v1_39_6::InheritanceIterator::operator++(void)	Traversal.cpp	0x140204be0
                   MaterialX_v1_39_6::Element::getInheritsFrom	0.078751	0.081527	0.0		0.0	0.0	0.0	0.0	CpuHotPaths.exe	MaterialX_v1_39_6::Element::getInheritsFrom(void)	Element.h	0x1400e50d0
                    MaterialX_v1_39_6::Element::hasInheritString	0.078751	0.081527	0.0		0.0	0.0	0.0	0.0	CpuHotPaths.exe	MaterialX_v1_39_6::Element::hasInheritString	Element.h	0x1400e50df
                     MaterialX_v1_39_6::Element::hasAttribute	0.078751	0.081527	0.0		0.0	0.0	0.0	0.0	CpuHotPaths.exe	MaterialX_v1_39_6::Element::hasAttribute	Element.h	0x1400e50df
                      std::_Hash<std::_Umap_traits<std::basic_string<char,std::char_traits<char>,std::allocator<char> >,std::basic_string<char,std::char_traits<char>,std::allocator<char> >,std::_Uhash_compare<std::basic_string<char,std::char_traits<char>,std::allocator<char> >,std::hash<std::basic_string<char,std::char_traits<char>,std::allocator<char> > >,std::equal_to<std::basic_string<char,std::char_traits<char>,std::allocator<char> > > >,std::allocator<std::pair<std::basic_string<char,std::char_traits<char>,std::allocator<char> > const ,std::basic_string<char,std::char_traits<char>,std::allocator<char> > > >,0> >::count	0.078751	0.081527	0.0		0.014687	0.014687	0.0	0.0	CpuHotPaths.exe	std::_Hash<std::_Umap_traits<std::basic_string<char,std::char_traits<char>,std::allocator<char> >,std::basic_string<char,std::char_traits<char>,std::allocator<char> >,std::_Uhash_compare<std::basic_string<char,std::char_traits<char>,std::allocator<char> >,std::hash<std::basic_string<char,std::char_traits<char>,std::allocator<char> > >,std::equal_to<std::basic_string<char,std::char_traits<char>,std::allocator<char> > > >,std::allocator<std::pair<std::basic_string<char,std::char_traits<char>,std::allocator<char> > const ,std::basic_string<char,std::char_traits<char>,std::allocator<char> > > >,0> >::count	xhash	0x1400e50df
                  std::set<std::basic_string<char,std::char_traits<char>,std::allocator<char> >,std::less<std::basic_string<char,std::char_traits<char>,std::allocator<char> > >,std::allocator<std::basic_string<char,std::char_traits<char>,std::allocator<char> > > >::{ctor}	0.076074	0.078755	0.0		0.0	0.0	0.0	0.0	CpuHotPaths.exe	std::set<std::basic_string<char,std::char_traits<char>,std::allocator<char> >,std::less<std::basic_string<char,std::char_traits<char>,std::allocator<char> > >,std::allocator<std::basic_string<char,std::char_traits<char>,std::allocator<char> > > >::{ctor}	set	0x1401c8a52
                   operator new	0.076074	0.078755	0.0		0.0	0.0	0.0	0.0	CpuHotPaths.exe	operator new(unsigned __int64)	new_scalar.cpp	0x140234c58
                    malloc_base	0.076074	0.078755	0.0		0.014188	0.014188	0.0	0.0	ucrtbase.dll	malloc_base	[Unknown]	0x1800050a0
                  MaterialX_v1_39_6::InheritanceIterator::{dtor}	0.073244	0.075825	0.0		0.0	0.0	0.0	0.0	CpuHotPaths.exe	MaterialX_v1_39_6::InheritanceIterator::{dtor}	Traversal.h	0x1401c8ddb
                   std::_Tree<std::_Tset_traits<std::shared_ptr<MaterialX_v1_39_6::Element const >,std::less<std::shared_ptr<MaterialX_v1_39_6::Element const > >,std::allocator<std::shared_ptr<MaterialX_v1_39_6::Element const > >,0> >::{dtor}	0.073244	0.075825	0.0		0.013660	0.013660	0.0	0.0	CpuHotPaths.exe	std::_Tree<std::_Tset_traits<std::shared_ptr<MaterialX_v1_39_6::Element const >,std::less<std::shared_ptr<MaterialX_v1_39_6::Element const > >,std::allocator<std::shared_ptr<MaterialX_v1_39_6::Element const > >,0> >::{dtor}	xtree	0x1401c8ddb
                 MaterialX_v1_39_6::Element::getAttribute	0.313104	0.324138	0.0		0.015324	0.015324	0.0	0.0	CpuHotPaths.exe	MaterialX_v1_39_6::Element::getAttribute(class std::basic_string<char,struct std::char_traits<char>,class std::allocator<char> > const &)	Element.h	0x1400b15f0
                  std::_Hash<std::_Umap_traits<std::basic_string<char,std::char_traits<char>,std::allocator<char> >,std::basic_string<char,std::char_traits<char>,std::allocator<char> >,std::_Uhash_compare<std::basic_string<char,std::char_traits<char>,std::allocator<char> >,std::hash<std::basic_string<char,std::char_traits<char>,std::allocator<char> > >,std::equal_to<std::basic_string<char,std::char_traits<char>,std::allocator<char> > > >,std::allocator<std::pair<std::basic_string<char,std::char_traits<char>,std::allocator<char> > const ,std::basic_string<char,std::char_traits<char>,std::allocator<char> > > >,0> >::find	0.230939	0.239078	0.0		0.043070	0.043070	0.0	0.0	CpuHotPaths.exe	std::_Hash<std::_Umap_traits<std::basic_string<char,std::char_traits<char>,std::allocator<char> >,std::basic_string<char,std::char_traits<char>,std::allocator<char> >,std::_Uhash_compare<std::basic_string<char,std::char_traits<char>,std::allocator<char> >,std::hash<std::basic_string<char,std::char_traits<char>,std::allocator<char> > >,std::equal_to<std::basic_string<char,std::char_traits<char>,std::allocator<char> > > >,std::allocator<std::pair<std::basic_string<char,std::char_traits<char>,std::allocator<char> > const ,std::basic_string<char,std::char_traits<char>,std::allocator<char> > > >,0> >::find	xhash	0x1400b15fa
                 MaterialX_v1_39_6::Element::isA	0.077956	0.080703	0.0		0.0	0.0	0.0	0.0	CpuHotPaths.exe	MaterialX_v1_39_6::Element::isA	Element.h	0x140141563
                  MaterialX_v1_39_6::Element::asA<class MaterialX_v1_39_6::Output>	0.077956	0.080703	0.0		0.0	0.0	0.0	0.0	CpuHotPaths.exe	MaterialX_v1_39_6::Element::asA<class MaterialX_v1_39_6::Output>(void)	Element.cpp	0x140191500
                   MaterialX_v1_39_6::Element::getSelf	0.077956	0.080703	0.0		0.0	0.0	0.0	0.0	CpuHotPaths.exe	MaterialX_v1_39_6::Element::getSelf	Element.h	0x140191517
                    std::enable_shared_from_this<MaterialX_v1_39_6::Element>::shared_from_this	0.077956	0.080703	0.0		0.014539	0.014539	0.0	0.0	CpuHotPaths.exe	std::enable_shared_from_this<MaterialX_v1_39_6::Element>::shared_from_this	memory	0x140191517
                std::vector<MaterialX_v1_39_6::ShaderNode *,std::allocator<MaterialX_v1_39_6::ShaderNode *> >::push_back	0.079006	0.081791	0.0		0.0	0.0	0.0	0.0	CpuHotPaths.exe	std::vector<MaterialX_v1_39_6::ShaderNode *,std::allocator<MaterialX_v1_39_6::ShaderNode *> >::push_back	vector	0x140162c0a
                 operator new	0.079006	0.081791	0.0		0.0	0.0	0.0	0.0	CpuHotPaths.exe	operator new(unsigned __int64)	new_scalar.cpp	0x140234c58
                  malloc_base	0.079006	0.081791	0.0		0.014735	0.014735	0.0	0.0	ucrtbase.dll	malloc_base	[Unknown]	0x1800050a0
               MaterialX_v1_39_6::ShaderGraph::addDefaultGeomNode	0.606804	0.628189	0.0		0.0	0.0	0.0	0.0	CpuHotPaths.exe	MaterialX_v1_39_6::ShaderGraph::addDefaultGeomNode(class MaterialX_v1_39_6::ShaderInput *,class MaterialX_v1_39_6::GeomPropDef const &,class MaterialX_v1_39_6::GenContext &)	ShaderGraph.cpp	0x14015b930
                MaterialX_v1_39_6::ShaderNode::create	0.454284	0.470294	0.0		0.0	0.0	0.0	0.0	CpuHotPaths.exe	MaterialX_v1_39_6::ShaderNode::create(class MaterialX_v1_39_6::ShaderGraph const *,class std::basic_string<char,struct std::char_traits<char>,class std::allocator<char> > const &,class MaterialX_v1_39_6::NodeDef const &,class MaterialX_v1_39_6::GenContext &)	ShaderNode.cpp	0x1401413a0
                 MaterialX_v1_39_6::ValueElement::getResolvedValue	0.156778	0.162303	0.0		0.0	0.0	0.0	0.0	CpuHotPaths.exe	MaterialX_v1_39_6::ValueElement::getResolvedValue(class std::shared_ptr<class MaterialX_v1_39_6::StringResolver>)	Element.cpp	0x14015d180
                  MaterialX_v1_39_6::Value::createValueFromStrings	0.156778	0.162303	0.0		0.0	0.0	0.0	0.0	CpuHotPaths.exe	MaterialX_v1_39_6::Value::createValueFromStrings(class std::basic_string<char,struct std::char_traits<char>,class std::allocator<char> > const &,class std::basic_string<char,struct std::char_traits<char>,class std::allocator<char> > const &,class std::shared_ptr<class MaterialX_v1_39_6::TypeDef const >)	Value.cpp	0x140202b00
                   MaterialX_v1_39_6::TypedValue<int>::createFromString	0.156778	0.162303	0.0		0.0	0.0	0.0	0.0	CpuHotPaths.exe	MaterialX_v1_39_6::TypedValue<int>::createFromString(class std::basic_string<char,struct std::char_traits<char>,class std::allocator<char> > const &)	Value.cpp	0x1402011b0
                    MaterialX_v1_39_6::fromValueString<int>	0.156778	0.162303	0.0		0.0	0.0	0.0	0.0	CpuHotPaths.exe	MaterialX_v1_39_6::fromValueString<int>(class std::basic_string<char,struct std::char_traits<char>,class std::allocator<char> > const &)	Value.cpp	0x1401fb1b0
                     std::basic_istream<char,struct std::char_traits<char> >::operator>>	0.156778	0.162303	0.0		0.029239	0.029239	0.0	0.0	MSVCP140.dll	std::basic_istream<char,struct std::char_traits<char> >::operator>>(int & __ptr64)	[Unknown]	0x18004dfd0
                 MaterialX_v1_39_6::Element::getAttribute	0.149807	0.155087	0.0		0.0	0.0	0.0	0.0	CpuHotPaths.exe	MaterialX_v1_39_6::Element::getAttribute(class std::basic_string<char,struct std::char_traits<char>,class std::allocator<char> > const &)	Element.h	0x1400b15f0
                  std::_Hash<std::_Umap_traits<std::basic_string<char,std::char_traits<char>,std::allocator<char> >,std::basic_string<char,std::char_traits<char>,std::allocator<char> >,std::_Uhash_compare<std::basic_string<char,std::char_traits<char>,std::allocator<char> >,std::hash<std::basic_string<char,std::char_traits<char>,std::allocator<char> > >,std::equal_to<std::basic_string<char,std::char_traits<char>,std::allocator<char> > > >,std::allocator<std::pair<std::basic_string<char,std::char_traits<char>,std::allocator<char> > const ,std::basic_string<char,std::char_traits<char>,std::allocator<char> > > >,0> >::find	0.149807	0.155087	0.0		0.027939	0.027939	0.0	0.0	CpuHotPaths.exe	std::_Hash<std::_Umap_traits<std::basic_string<char,std::char_traits<char>,std::allocator<char> >,std::basic_string<char,std::char_traits<char>,std::allocator<char> >,std::_Uhash_compare<std::basic_string<char,std::char_traits<char>,std::allocator<char> >,std::hash<std::basic_string<char,std::char_traits<char>,std::allocator<char> > >,std::equal_to<std::basic_string<char,std::char_traits<char>,std::allocator<char> > > >,std::allocator<std::pair<std::basic_string<char,std::char_traits<char>,std::allocator<char> > const ,std::basic_string<char,std::char_traits<char>,std::allocator<char> > > >,0> >::find	xhash	0x1400b15fa
                 MaterialX_v1_39_6::ShaderNode::addInput	0.076368	0.079059	0.0		0.0	0.0	0.0	0.0	CpuHotPaths.exe	MaterialX_v1_39_6::ShaderNode::addInput(class std::basic_string<char,struct std::char_traits<char>,class std::allocator<char> > const &,class MaterialX_v1_39_6::TypeDesc)	ShaderNode.cpp	0x140140990
                  std::make_shared<MaterialX_v1_39_6::ShaderInput,MaterialX_v1_39_6::ShaderNode *,MaterialX_v1_39_6::TypeDesc &,std::basic_string<char,std::char_traits<char>,std::allocator<char> > const &>	0.076368	0.079059	0.0		0.0	0.0	0.0	0.0	CpuHotPaths.exe	std::make_shared<MaterialX_v1_39_6::ShaderInput,MaterialX_v1_39_6::ShaderNode *,MaterialX_v1_39_6::TypeDesc &,std::basic_string<char,std::char_traits<char>,std::allocator<char> > const &>(class MaterialX_v1_39_6::ShaderNode * *, class MaterialX_v1_39_6::TypeDesc & const, const class std::basic_string<char,std::char_traits<char>,std::allocator<char> > & const)	memory	0x14013e4a0
                   operator new	0.076368	0.079059	0.0		0.0	0.0	0.0	0.0	CpuHotPaths.exe	operator new(unsigned __int64)	new_scalar.cpp	0x140234c58
                    malloc_base	0.076368	0.079059	0.0		0.014243	0.014243	0.0	0.0	ucrtbase.dll	malloc_base	[Unknown]	0x1800050a0
                 MaterialX_v1_39_6::ShaderGenerator::getImplementation	0.071331	0.073845	0.0		0.0	0.0	0.0	0.0	CpuHotPaths.exe	MaterialX_v1_39_6::ShaderGenerator::getImplementation(class MaterialX_v1_39_6::NodeDef const &,class MaterialX_v1_39_6::GenContext &)	ShaderGenerator.cpp	0x14014f640
                  MaterialX_v1_39_6::NodeDef::getImplementation	0.071331	0.073845	0.0		0.0	0.0	0.0	0.0	CpuHotPaths.exe	MaterialX_v1_39_6::NodeDef::getImplementation(class std::basic_string<char,struct std::char_traits<char>,class std::allocator<char> > const &,bool)	Definition.cpp	0x1401bd2b0
                   MaterialX_v1_39_6::Implementation::hasNodeGraph	0.071331	0.073845	0.0		0.0	0.0	0.0	0.0	CpuHotPaths.exe	MaterialX_v1_39_6::Implementation::hasNodeGraph	Definition.h	0x1401bd4bb
                    MaterialX_v1_39_6::Element::hasAttribute	0.071331	0.073845	0.0		0.0	0.0	0.0	0.0	CpuHotPaths.exe	MaterialX_v1_39_6::Element::hasAttribute	Element.h	0x1401bd4bb
                     std::_Hash<std::_Umap_traits<std::basic_string<char,std::char_traits<char>,std::allocator<char> >,std::basic_string<char,std::char_traits<char>,std::allocator<char> >,std::_Uhash_compare<std::basic_string<char,std::char_traits<char>,std::allocator<char> >,std::hash<std::basic_string<char,std::char_traits<char>,std::allocator<char> > >,std::equal_to<std::basic_string<char,std::char_traits<char>,std::allocator<char> > > >,std::allocator<std::pair<std::basic_string<char,std::char_traits<char>,std::allocator<char> > const ,std::basic_string<char,std::char_traits<char>,std::allocator<char> > > >,0> >::count	0.071331	0.073845	0.0		0.013303	0.013303	0.0	0.0	CpuHotPaths.exe	std::_Hash<std::_Umap_traits<std::basic_string<char,std::char_traits<char>,std::allocator<char> >,std::basic_string<char,std::char_traits<char>,std::allocator<char> >,std::_Uhash_compare<std::basic_string<char,std::char_traits<char>,std::allocator<char> >,std::hash<std::basic_string<char,std::char_traits<char>,std::allocator<char> > >,std::equal_to<std::basic_string<char,std::char_traits<char>,std::allocator<char> > > >,std::allocator<std::pair<std::basic_string<char,std::char_traits<char>,std::allocator<char> > const ,std::basic_string<char,std::char_traits<char>,std::allocator<char> > > >,0> >::count	xhash	0x1401bd4c2
                std::pair<MaterialX_v1_39_6::TypeDesc,std::shared_ptr<MaterialX_v1_39_6::Value> >::{ctor}	0.078626	0.081397	0.0		0.0	0.0	0.0	0.0	CpuHotPaths.exe	std::pair<MaterialX_v1_39_6::TypeDesc,std::shared_ptr<MaterialX_v1_39_6::Value> >::{ctor}	utility	0x14015bde5
                 MaterialX_v1_39_6::TypeDesc::{ctor}	0.078626	0.081397	0.0		0.0	0.0	0.0	0.0	CpuHotPaths.exe	MaterialX_v1_39_6::TypeDesc::{ctor}	TypeDesc.h	0x14015bde5
                  MaterialX_v1_39_6::TypeDesc::constexpr_hash	0.078626	0.081397	0.0		0.0	0.0	0.0	0.0	CpuHotPaths.exe	MaterialX_v1_39_6::TypeDesc::constexpr_hash	TypeDesc.h	0x14015bdf8
                   MaterialX_v1_39_6::TypeDesc::constexpr_hash	0.078626	0.081397	0.0		0.0	0.0	0.0	0.0	CpuHotPaths.exe	MaterialX_v1_39_6::TypeDesc::constexpr_hash(class std::basic_string_view<char,struct std::char_traits<char> >,unsigned int,unsigned int)	TypeDesc.h	0x1400b0d20
                    MaterialX_v1_39_6::TypeDesc::constexpr_hash	0.078626	0.081397	0.0		0.014664	0.014664	0.0	0.0	CpuHotPaths.exe	MaterialX_v1_39_6::TypeDesc::constexpr_hash(class std::basic_string_view<char,struct std::char_traits<char> >,unsigned int,unsigned int)	TypeDesc.h	0x1400b0d20
                MaterialX_v1_39_6::GeomPropDef::getGeomProp	0.073894	0.076498	0.0		0.0	0.0	0.0	0.0	CpuHotPaths.exe	MaterialX_v1_39_6::GeomPropDef::getGeomProp	Geom.h	0x14015bae7
                 MaterialX_v1_39_6::Element::getAttribute	0.073894	0.076498	0.0		0.0	0.0	0.0	0.0	CpuHotPaths.exe	MaterialX_v1_39_6::Element::getAttribute(class std::basic_string<char,struct std::char_traits<char>,class std::allocator<char> > const &)	Element.h	0x1400b15f0
                  std::_Hash<std::_Umap_traits<std::basic_string<char,std::char_traits<char>,std::allocator<char> >,std::basic_string<char,std::char_traits<char>,std::allocator<char> >,std::_Uhash_compare<std::basic_string<char,std::char_traits<char>,std::allocator<char> >,std::hash<std::basic_string<char,std::char_traits<char>,std::allocator<char> > >,std::equal_to<std::basic_string<char,std::char_traits<char>,std::allocator<char> > > >,std::allocator<std::pair<std::basic_string<char,std::char_traits<char>,std::allocator<char> > const ,std::basic_string<char,std::char_traits<char>,std::allocator<char> > > >,0> >::find	0.073894	0.076498	0.0		0.013781	0.013781	0.0	0.0	CpuHotPaths.exe	std::_Hash<std::_Umap_traits<std::basic_string<char,std::char_traits<char>,std::allocator<char> >,std::basic_string<char,std::char_traits<char>,std::allocator<char> >,std::_Uhash_compare<std::basic_string<char,std::char_traits<char>,std::allocator<char> >,std::hash<std::basic_string<char,std::char_traits<char>,std::allocator<char> > >,std::equal_to<std::basic_string<char,std::char_traits<char>,std::allocator<char> > > >,std::allocator<std::pair<std::basic_string<char,std::char_traits<char>,std::allocator<char> > const ,std::basic_string<char,std::char_traits<char>,std::allocator<char> > > >,0> >::find	xhash	0x1400b15fa
               MaterialX_v1_39_6::ShaderNode::initialize	0.310403	0.321342	0.0		0.0	0.0	0.0	0.0	CpuHotPaths.exe	MaterialX_v1_39_6::ShaderNode::initialize(class MaterialX_v1_39_6::Node const &,class MaterialX_v1_39_6::NodeDef const &,class MaterialX_v1_39_6::GenContext &)	ShaderNode.cpp	0x140143bd0
                std::operator+	0.234762	0.243035	0.0		0.029660	0.029660	0.0	0.0	CpuHotPaths.exe	std::operator+	xstring	0x1401446e2
                 operator new	0.075727	0.078396	0.0		0.0	0.0	0.0	0.0	CpuHotPaths.exe	operator new(unsigned __int64)	new_scalar.cpp	0x140234c58
                  malloc_base	0.075727	0.078396	0.0		0.014123	0.014123	0.0	0.0	ucrtbase.dll	malloc_base	[Unknown]	0x1800050a0
                std::vector<class std::shared_ptr<class MaterialX_v1_39_6::Input>,class std::allocator<class std::shared_ptr<class MaterialX_v1_39_6::Input> > >::~vector<class std::shared_ptr<class MaterialX_v1_39_6::Input>,class std::allocator<class std::shared_ptr<class MaterialX_v1_39_6::Input> > >	0.075641	0.078307	0.0		0.014107	0.014107	0.0	0.0	CpuHotPaths.exe	std::vector<class std::shared_ptr<class MaterialX_v1_39_6::Input>,class std::allocator<class std::shared_ptr<class MaterialX_v1_39_6::Input> > >::~vector<class std::shared_ptr<class MaterialX_v1_39_6::Input>,class std::allocator<class std::shared_ptr<class MaterialX_v1_39_6::Input> > >(void)	vector	0x140124170
               MaterialX_v1_39_6::InterfaceElement::getInput	0.077731	0.080471	0.0		0.0	0.0	0.0	0.0	CpuHotPaths.exe	MaterialX_v1_39_6::InterfaceElement::getInput	Interface.h	0x1401631a9
                MaterialX_v1_39_6::Element::getChildOfType<class MaterialX_v1_39_6::Input>	0.077731	0.080471	0.0		0.0	0.0	0.0	0.0	CpuHotPaths.exe	MaterialX_v1_39_6::Element::getChildOfType<class MaterialX_v1_39_6::Input>(class std::basic_string<char,struct std::char_traits<char>,class std::allocator<char> > const &)	Element.cpp	0x140127ca0
                 MaterialX_v1_39_6::Element::asA<class MaterialX_v1_39_6::Document>	0.077731	0.080471	0.0		0.0	0.0	0.0	0.0	CpuHotPaths.exe	MaterialX_v1_39_6::Element::asA<class MaterialX_v1_39_6::Document>(void)	Element.cpp	0x1400ca410
                  std::shared_ptr<MaterialX_v1_39_6::Element const >::{dtor}	0.077731	0.080471	0.0		0.014497	0.014497	0.0	0.0	CpuHotPaths.exe	std::shared_ptr<MaterialX_v1_39_6::Element const >::{dtor}	memory	0x1400ca499
            MaterialX_v1_39_6::ShaderGraph::finalize	1.054041	1.091187	0.0		0.0	0.0	0.0	0.0	CpuHotPaths.exe	MaterialX_v1_39_6::ShaderGraph::finalize(class MaterialX_v1_39_6::GenContext &)	ShaderGraph.cpp	0x1401639e0
             MaterialX_v1_39_6::ShaderGraph::setVariableNames	0.752824	0.779355	0.0		0.0	0.0	0.0	0.0	CpuHotPaths.exe	MaterialX_v1_39_6::ShaderGraph::setVariableNames(class MaterialX_v1_39_6::GenContext &)	ShaderGraph.cpp	0x1401663c0
              MaterialX_v1_39_6::Syntax::getVariableName	0.603533	0.624803	0.0		0.0	0.0	0.0	0.0	CpuHotPaths.exe	MaterialX_v1_39_6::Syntax::getVariableName(class std::basic_string<char,struct std::char_traits<char>,class std::allocator<char> > const &,class MaterialX_v1_39_6::TypeDesc,class std::unordered_map<class std::basic_string<char,struct std::char_traits<char>,class std::allocator<char> >,unsigned __int64,struct std::hash<class std::basic_string<char,struct std::char_traits<char>,class std::allocator<char> > >,struct std::equal_to<class std::basic_string<char,struct std::char_traits<char>,class std::allocator<char> > >,class std::allocator<struct std::pair<class std::basic_string<char,struct std::char_traits<char>,class std::allocator<char> > const ,unsigned __int64> > > &)	Syntax.cpp	0x1401493f0
               MaterialX_v1_39_6::Syntax::makeIdentifier	0.529233	0.547884	0.0		0.014233	0.014233	0.0	0.0	CpuHotPaths.exe	MaterialX_v1_39_6::Syntax::makeIdentifier(class std::basic_string<char,struct std::char_traits<char>,class std::allocator<char> > &,class std::unordered_map<class std::basic_string<char,struct std::char_traits<char>,class std::allocator<char> >,unsigned __int64,struct std::hash<class std::basic_string<char,struct std::char_traits<char>,class std::allocator<char> > >,struct std::equal_to<class std::basic_string<char,struct std::char_traits<char>,class std::allocator<char> > >,class std::allocator<struct std::pair<class std::basic_string<char,struct std::char_traits<char>,class std::allocator<char> > const ,unsigned __int64> > > &)	Syntax.cpp	0x1401494a0
                std::unordered_map<std::basic_string<char,std::char_traits<char>,std::allocator<char> >,unsigned __int64,std::hash<std::basic_string<char,std::char_traits<char>,std::allocator<char> > >,std::equal_to<std::basic_string<char,std::char_traits<char>,std::allocator<char> > >,std::allocator<std::pair<std::basic_string<char,std::char_traits<char>,std::allocator<char> > const ,unsigned __int64> > >::operator[]	0.227102	0.235105	0.0		0.013707	0.013707	0.0	0.0	CpuHotPaths.exe	std::unordered_map<std::basic_string<char,std::char_traits<char>,std::allocator<char> >,unsigned __int64,std::hash<std::basic_string<char,std::char_traits<char>,std::allocator<char> > >,std::equal_to<std::basic_string<char,std::char_traits<char>,std::allocator<char> > >,std::allocator<std::pair<std::basic_string<char,std::char_traits<char>,std::allocator<char> > const ,unsigned __int64> > >::operator[]	unordered_map	0x1401497de
                 operator new	0.153607	0.159021	0.0		0.0	0.0	0.0	0.0	CpuHotPaths.exe	operator new(unsigned __int64)	new_scalar.cpp	0x140234c58
                  malloc_base	0.153607	0.159021	0.0		0.028648	0.028648	0.0	0.0	ucrtbase.dll	malloc_base	[Unknown]	0x1800050a0
                MaterialX_v1_39_6::Syntax::makeValidName	0.225817	0.233775	0.0		0.0	0.0	0.0	0.0	CpuHotPaths.exe	MaterialX_v1_39_6::Syntax::makeValidName(class std::basic_string<char,struct std::char_traits<char>,class std::allocator<char> > &)	Syntax.cpp	0x140149900
                 std::replace_if	0.225817	0.233775	0.0		0.013925	0.013925	0.0	0.0	CpuHotPaths.exe	std::replace_if	algorithm	0x140149951
                  MaterialX_v1_39_6::isInvalidChar	0.151149	0.156475	0.0		0.0	0.0	0.0	0.0	CpuHotPaths.exe	MaterialX_v1_39_6::isInvalidChar	Syntax.cpp	0x140149963
                   isalnum	0.151149	0.156475	0.0		0.028189	0.028189	0.0	0.0	ucrtbase.dll	isalnum	[Unknown]	0x18000dbe0
               std::basic_string<char,struct std::char_traits<char>,class std::allocator<char> >::basic_string<char,struct std::char_traits<char>,class std::allocator<char> >	0.074300	0.076919	0.0		0.0	0.0	0.0	0.0	CpuHotPaths.exe	std::basic_string<char,struct std::char_traits<char>,class std::allocator<char> >::basic_string<char,struct std::char_traits<char>,class std::allocator<char> >(class std::basic_string<char,struct std::char_traits<char>,class std::allocator<char> > const &)	xstring	0x1400aa8e0
                operator new	0.074300	0.076919	0.0		0.0	0.0	0.0	0.0	CpuHotPaths.exe	operator new(unsigned __int64)	new_scalar.cpp	0x140234c58
                 malloc_base	0.074300	0.076919	0.0		0.013857	0.013857	0.0	0.0	ucrtbase.dll	malloc_base	[Unknown]	0x1800050a0
              MaterialX_v1_39_6::ShaderPort::setVariable	0.076540	0.079237	0.0		0.0	0.0	0.0	0.0	CpuHotPaths.exe	MaterialX_v1_39_6::ShaderPort::setVariable	ShaderNode.h	0x1401666be
               std::basic_string<char,std::char_traits<char>,std::allocator<char> >::operator=	0.076540	0.079237	0.0		0.0	0.0	0.0	0.0	CpuHotPaths.exe	std::basic_string<char,std::char_traits<char>,std::allocator<char> >::operator=	xstring	0x1401666c5
                operator new	0.076540	0.079237	0.0		0.0	0.0	0.0	0.0	CpuHotPaths.exe	operator new(unsigned __int64)	new_scalar.cpp	0x140234c58
                 malloc_base	0.076540	0.079237	0.0		0.014275	0.014275	0.0	0.0	ucrtbase.dll	malloc_base	[Unknown]	0x1800050a0
              MaterialX_v1_39_6::ShaderPort::getFullName	0.072751	0.075315	0.0		0.013568	0.013568	0.0	0.0	CpuHotPaths.exe	MaterialX_v1_39_6::ShaderPort::getFullName(void)	ShaderNode.cpp	0x140143390
             MaterialX_v1_39_6::ShaderGraph::addInputSocket	0.226494	0.234476	0.0		0.0	0.0	0.0	0.0	CpuHotPaths.exe	MaterialX_v1_39_6::ShaderGraph::addInputSocket	ShaderGraph.cpp	0x140163e26
              MaterialX_v1_39_6::ShaderNode::addOutput	0.226494	0.234476	0.0		0.0	0.0	0.0	0.0	CpuHotPaths.exe	MaterialX_v1_39_6::ShaderNode::addOutput(class std::basic_string<char,struct std::char_traits<char>,class std::allocator<char> > const &,class MaterialX_v1_39_6::TypeDesc)	ShaderNode.cpp	0x140140be0
               std::make_shared<MaterialX_v1_39_6::ShaderOutput,MaterialX_v1_39_6::ShaderNode *,MaterialX_v1_39_6::TypeDesc &,std::basic_string<char,std::char_traits<char>,std::allocator<char> > const &>	0.149440	0.154707	0.0		0.013671	0.013671	0.0	0.0	CpuHotPaths.exe	std::make_shared<MaterialX_v1_39_6::ShaderOutput,MaterialX_v1_39_6::ShaderNode *,MaterialX_v1_39_6::TypeDesc &,std::basic_string<char,std::char_traits<char>,std::allocator<char> > const &>(class MaterialX_v1_39_6::ShaderNode * *, class MaterialX_v1_39_6::TypeDesc & const, const class std::basic_string<char,std::char_traits<char>,std::allocator<char> > & const)	memory	0x14013e730
                operator new	0.076136	0.078819	0.0		0.0	0.0	0.0	0.0	CpuHotPaths.exe	operator new(unsigned __int64)	new_scalar.cpp	0x140234c58
                 malloc_base	0.076136	0.078819	0.0		0.014199	0.014199	0.0	0.0	ucrtbase.dll	malloc_base	[Unknown]	0x1800050a0
               std::unordered_map<std::basic_string<char,std::char_traits<char>,std::allocator<char> >,std::shared_ptr<MaterialX_v1_39_6::ShaderOutput>,std::hash<std::basic_string<char,std::char_traits<char>,std::allocator<char> > >,std::equal_to<std::basic_string<char,std::char_traits<char>,std::allocator<char> > >,std::allocator<std::pair<std::basic_string<char,std::char_traits<char>,std::allocator<char> > const ,std::shared_ptr<MaterialX_v1_39_6::ShaderOutput> > > >::operator[]	0.077053	0.079769	0.0		0.0	0.0	0.0	0.0	CpuHotPaths.exe	std::unordered_map<std::basic_string<char,std::char_traits<char>,std::allocator<char> >,std::shared_ptr<MaterialX_v1_39_6::ShaderOutput>,std::hash<std::basic_string<char,std::char_traits<char>,std::allocator<char> > >,std::equal_to<std::basic_string<char,std::char_traits<char>,std::allocator<char> > >,std::allocator<std::pair<std::basic_string<char,std::char_traits<char>,std::allocator<char> > const ,std::shared_ptr<MaterialX_v1_39_6::ShaderOutput> > > >::operator[]	unordered_map	0x140140ca6
                operator new	0.077053	0.079769	0.0		0.0	0.0	0.0	0.0	CpuHotPaths.exe	operator new(unsigned __int64)	new_scalar.cpp	0x140234c58
                 malloc_base	0.077053	0.079769	0.0		0.014370	0.014370	0.0	0.0	ucrtbase.dll	malloc_base	[Unknown]	0x1800050a0
             MaterialX_v1_39_6::ShaderOutput::makeConnection	0.074724	0.077357	0.0		0.0	0.0	0.0	0.0	CpuHotPaths.exe	MaterialX_v1_39_6::ShaderOutput::makeConnection(class MaterialX_v1_39_6::ShaderInput *)	ShaderNode.cpp	0x140144e10
              MaterialX_v1_39_6::ShaderInput::makeConnection	0.074724	0.077357	0.0		0.0	0.0	0.0	0.0	CpuHotPaths.exe	MaterialX_v1_39_6::ShaderInput::makeConnection	ShaderNode.cpp	0x140144e3a
               std::vector<MaterialX_v1_39_6::ShaderInput *,std::allocator<MaterialX_v1_39_6::ShaderInput *> >::push_back	0.074724	0.077357	0.0		0.0	0.0	0.0	0.0	CpuHotPaths.exe	std::vector<MaterialX_v1_39_6::ShaderInput *,std::allocator<MaterialX_v1_39_6::ShaderInput *> >::push_back	vector	0x140144e77
                operator new	0.074724	0.077357	0.0		0.0	0.0	0.0	0.0	CpuHotPaths.exe	operator new(unsigned __int64)	new_scalar.cpp	0x140234c58
                 malloc_base	0.074724	0.077357	0.0		0.013936	0.013936	0.0	0.0	ucrtbase.dll	malloc_base	[Unknown]	0x1800050a0
            MaterialX_v1_39_6::ShaderGraph::addInputSockets	0.151243	0.156573	0.0		0.0	0.0	0.0	0.0	CpuHotPaths.exe	MaterialX_v1_39_6::ShaderGraph::addInputSockets(class MaterialX_v1_39_6::InterfaceElement const &,class MaterialX_v1_39_6::GenContext &)	ShaderGraph.cpp	0x14015c800
             MaterialX_v1_39_6::Element::getNamePath	0.078909	0.081690	0.0		0.0	0.0	0.0	0.0	CpuHotPaths.exe	MaterialX_v1_39_6::Element::getNamePath(class std::shared_ptr<class MaterialX_v1_39_6::Element const >)	Element.cpp	0x1401a41f0
              _security_check_cookie	0.078909	0.081690	0.0		0.014716	0.014716	0.0	0.0	CpuHotPaths.exe	_security_check_cookie	amdsecgs.asm	0x140235330
             MaterialX_v1_39_6::GlslSyntax::remapEnumeration	0.072334	0.074883	0.0		0.013490	0.013490	0.0	0.0	CpuHotPaths.exe	MaterialX_v1_39_6::GlslSyntax::remapEnumeration(class std::basic_string<char,struct std::char_traits<char>,class std::allocator<char> > const &,class MaterialX_v1_39_6::TypeDesc,class std::basic_string<char,struct std::char_traits<char>,class std::allocator<char> > const &,struct std::pair<class MaterialX_v1_39_6::TypeDesc,class std::shared_ptr<class MaterialX_v1_39_6::Value> > &)	GlslSyntax.cpp	0x1400ca070
            MaterialX_v1_39_6::ShaderGraph::createNode	0.074967	0.077609	0.0		0.0	0.0	0.0	0.0	CpuHotPaths.exe	MaterialX_v1_39_6::ShaderGraph::createNode(class std::basic_string<char,struct std::char_traits<char>,class std::allocator<char> > const &,class std::basic_string<char,struct std::char_traits<char>,class std::allocator<char> > const &,class std::shared_ptr<class MaterialX_v1_39_6::NodeDef const >,class MaterialX_v1_39_6::GenContext &)	ShaderGraph.cpp	0x140162b10
             MaterialX_v1_39_6::ShaderNode::create	0.074967	0.077609	0.0		0.0	0.0	0.0	0.0	CpuHotPaths.exe	MaterialX_v1_39_6::ShaderNode::create(class MaterialX_v1_39_6::ShaderGraph const *,class std::basic_string<char,struct std::char_traits<char>,class std::allocator<char> > const &,class MaterialX_v1_39_6::NodeDef const &,class MaterialX_v1_39_6::GenContext &)	ShaderNode.cpp	0x1401413a0
              MaterialX_v1_39_6::InterfaceElement::getActiveValueElements	0.074967	0.077609	0.0		0.0	0.0	0.0	0.0	CpuHotPaths.exe	MaterialX_v1_39_6::InterfaceElement::getActiveValueElements(void)	Interface.cpp	0x1401c8a10
               MaterialX_v1_39_6::InheritanceIterator::InheritanceIterator	0.074967	0.077609	0.0		0.0	0.0	0.0	0.0	CpuHotPaths.exe	MaterialX_v1_39_6::InheritanceIterator::InheritanceIterator(class MaterialX_v1_39_6::InheritanceIterator const &)	[Unknown]	0x1400f58a0
                std::set<std::shared_ptr<MaterialX_v1_39_6::Element const >,std::less<std::shared_ptr<MaterialX_v1_39_6::Element const > >,std::allocator<std::shared_ptr<MaterialX_v1_39_6::Element const > > >::{ctor}	0.074967	0.077609	0.0		0.013981	0.013981	0.0	0.0	CpuHotPaths.exe	std::set<std::shared_ptr<MaterialX_v1_39_6::Element const >,std::less<std::shared_ptr<MaterialX_v1_39_6::Element const > >,std::allocator<std::shared_ptr<MaterialX_v1_39_6::Element const > > >::{ctor}	set	0x1400f58e2
           MaterialX_v1_39_6::VariableBlock::add	0.152709	0.158090	0.0		0.0	0.0	0.0	0.0	CpuHotPaths.exe	MaterialX_v1_39_6::VariableBlock::add(class std::shared_ptr<class MaterialX_v1_39_6::ShaderPort>)	ShaderStage.cpp	0x140139bf0
            std::vector<MaterialX_v1_39_6::ShaderPort *,std::allocator<MaterialX_v1_39_6::ShaderPort *> >::push_back	0.076842	0.079550	0.0		0.014331	0.014331	0.0	0.0	CpuHotPaths.exe	std::vector<MaterialX_v1_39_6::ShaderPort *,std::allocator<MaterialX_v1_39_6::ShaderPort *> >::push_back	vector	0x140139c9b
            std::shared_ptr<class MaterialX_v1_39_6::ShaderPort>::operator=	0.075867	0.078540	0.0		0.014149	0.014149	0.0	0.0	CpuHotPaths.exe	std::shared_ptr<class MaterialX_v1_39_6::ShaderPort>::operator=(class std::shared_ptr<class MaterialX_v1_39_6::ShaderPort> const &)	memory	0x140138a10
           MaterialX_v1_39_6::ShaderGenerator::createVariables	0.076914	0.079625	0.0		0.0	0.0	0.0	0.0	CpuHotPaths.exe	MaterialX_v1_39_6::ShaderGenerator::createVariables(class std::shared_ptr<class MaterialX_v1_39_6::ShaderGraph>,class MaterialX_v1_39_6::GenContext &,class MaterialX_v1_39_6::Shader &)	ShaderGenerator.cpp	0x14014d490
            MaterialX_v1_39_6::HwNormalNode::createVariables	0.076914	0.079625	0.0		0.0	0.0	0.0	0.0	CpuHotPaths.exe	MaterialX_v1_39_6::HwNormalNode::createVariables(class MaterialX_v1_39_6::ShaderNode const &,class MaterialX_v1_39_6::GenContext &,class MaterialX_v1_39_6::Shader &)	HwNormalNode.cpp	0x140118f20
             MaterialX_v1_39_6::VariableBlock::add	0.076914	0.079625	0.0		0.0	0.0	0.0	0.0	CpuHotPaths.exe	MaterialX_v1_39_6::VariableBlock::add(class MaterialX_v1_39_6::TypeDesc,class std::basic_string<char,struct std::char_traits<char>,class std::allocator<char> > const &,class std::shared_ptr<class MaterialX_v1_39_6::Value>,bool)	ShaderStage.cpp	0x1401397f0
              std::vector<MaterialX_v1_39_6::ShaderPort *,std::allocator<MaterialX_v1_39_6::ShaderPort *> >::push_back	0.076914	0.079625	0.0		0.0	0.0	0.0	0.0	CpuHotPaths.exe	std::vector<MaterialX_v1_39_6::ShaderPort *,std::allocator<MaterialX_v1_39_6::ShaderPort *> >::push_back	vector	0x1401399a3
               operator new	0.076914	0.079625	0.0		0.0	0.0	0.0	0.0	CpuHotPaths.exe	operator new(unsigned __int64)	new_scalar.cpp	0x140234c58
                malloc_base	0.076914	0.079625	0.0		0.014344	0.014344	0.0	0.0	ucrtbase.dll	malloc_base	[Unknown]	0x1800050a0
           std::shared_ptr<MaterialX_v1_39_6::ShaderStage>::{dtor}	0.075442	0.078100	0.0		0.014070	0.014070	0.0	0.0	CpuHotPaths.exe	std::shared_ptr<MaterialX_v1_39_6::ShaderStage>::{dtor}	memory	0x140109cd2
           MaterialX_v1_39_6::addStageConnectorBlock	0.072630	0.075190	0.0		0.0	0.0	0.0	0.0	CpuHotPaths.exe	MaterialX_v1_39_6::addStageConnectorBlock	ShaderStage.h	0x140108cd9
            std::shared_ptr<MaterialX_v1_39_6::VariableBlock>::{dtor}	0.072630	0.075190	0.0		0.013545	0.013545	0.0	0.0	CpuHotPaths.exe	std::shared_ptr<MaterialX_v1_39_6::VariableBlock>::{dtor}	memory	0x140108d4b
          MaterialX_v1_39_6::GlslShaderGenerator::emitPixelStage	24.269602	23.871795	35.557558		0.0	0.0	0.0	0.0	CpuHotPaths.exe	MaterialX_v1_39_6::GlslShaderGenerator::emitPixelStage(class MaterialX_v1_39_6::ShaderGraph const &,class MaterialX_v1_39_6::GenContext &,class MaterialX_v1_39_6::ShaderStage &)	GlslShaderGenerator.cpp	0x1400bb6b0
           MaterialX_v1_39_6::ShaderGenerator::emitFunctionDefinitions	12.795505	12.622435	17.706458		0.0	0.0	0.0	0.0	CpuHotPaths.exe	MaterialX_v1_39_6::ShaderGenerator::emitFunctionDefinitions(class MaterialX_v1_39_6::ShaderGraph const &,class MaterialX_v1_39_6::GenContext &,class MaterialX_v1_39_6::ShaderStage &)	ShaderGenerator.cpp	0x14014dda0
            MaterialX_v1_39_6::ShaderStage::addFunctionDefinition	12.795505	12.622435	17.706458		0.0	0.0	0.0	0.0	CpuHotPaths.exe	MaterialX_v1_39_6::ShaderStage::addFunctionDefinition(class MaterialX_v1_39_6::ShaderNode const &,class MaterialX_v1_39_6::GenContext &)	ShaderStage.cpp	0x14013a830
             MaterialX_v1_39_6::CompoundNode::emitFunctionDefinition	12.795505	12.622435	17.706458		0.0	0.0	0.0	0.0	CpuHotPaths.exe	MaterialX_v1_39_6::CompoundNode::emitFunctionDefinition(class MaterialX_v1_39_6::ShaderNode const &,class MaterialX_v1_39_6::GenContext &,class MaterialX_v1_39_6::ShaderStage &)	CompoundNode.cpp	0x140167a70
              MaterialX_v1_39_6::ShaderGenerator::emitFunctionDefinitions	10.017826	9.898852	13.393774		0.0	0.0	0.0	0.0	CpuHotPaths.exe	MaterialX_v1_39_6::ShaderGenerator::emitFunctionDefinitions(class MaterialX_v1_39_6::ShaderGraph const &,class MaterialX_v1_39_6::GenContext &,class MaterialX_v1_39_6::ShaderStage &)	ShaderGenerator.cpp	0x14014dda0
               MaterialX_v1_39_6::ShaderStage::addFunctionDefinition	10.017826	9.898852	13.393774		0.0	0.0	0.0	0.0	CpuHotPaths.exe	MaterialX_v1_39_6::ShaderStage::addFunctionDefinition(class MaterialX_v1_39_6::ShaderNode const &,class MaterialX_v1_39_6::GenContext &)	ShaderStage.cpp	0x14013a830
                MaterialX_v1_39_6::SourceCodeNode::emitFunctionDefinition	9.632503	9.499949	13.393774		0.0	0.0	0.0	0.0	CpuHotPaths.exe	MaterialX_v1_39_6::SourceCodeNode::emitFunctionDefinition(class MaterialX_v1_39_6::ShaderNode const &,class MaterialX_v1_39_6::GenContext &,class MaterialX_v1_39_6::ShaderStage &)	SourceCodeNode.cpp	0x14016aec0
                 MaterialX_v1_39_6::ShaderStage::addBlock	9.475495	9.337409	13.393774		0.0	0.0	0.0	0.0	CpuHotPaths.exe	MaterialX_v1_39_6::ShaderStage::addBlock(class std::basic_string<char,struct std::char_traits<char>,class std::allocator<char> > const &,class MaterialX_v1_39_6::FilePath const &,class MaterialX_v1_39_6::GenContext &)	ShaderStage.cpp	0x140139d50
                  MaterialX_v1_39_6::ShaderStage::addInclude	8.356954	8.337012	8.922809		0.0	0.0	0.0	0.0	CpuHotPaths.exe	MaterialX_v1_39_6::ShaderStage::addInclude(class MaterialX_v1_39_6::FilePath const &,class MaterialX_v1_39_6::FilePath const &,class MaterialX_v1_39_6::GenContext &)	ShaderStage.cpp	0x14013a9e0
                   MaterialX_v1_39_6::readFile	3.820543	3.719687	6.682390		0.0	0.0	0.0	0.0	CpuHotPaths.exe	MaterialX_v1_39_6::readFile(class MaterialX_v1_39_6::FilePath const &)	Util.cpp	0x1400d5610
                    std::basic_ifstream<char,std::char_traits<char> >::{ctor}	2.998087	2.868246	6.682390		0.559140	0.516715	0.042425	0.0	CpuHotPaths.exe	std::basic_ifstream<char,std::char_traits<char> >::{ctor}	fstream	0x1400d565f
                    std::basic_ifstream<char,std::char_traits<char> >::close	0.524308	0.542786	0.0		0.097783	0.097783	0.0	0.0	CpuHotPaths.exe	std::basic_ifstream<char,std::char_traits<char> >::close	fstream	0x1400d57b9
                    std::basic_ostream<char,struct std::char_traits<char> >::operator<<	0.298148	0.308655	0.0		0.055604	0.055604	0.0	0.0	MSVCP140.dll	std::basic_ostream<char,struct std::char_traits<char> >::operator<<(class std::basic_streambuf<char,struct std::char_traits<char> > * __ptr64)	[Unknown]	0x180050140
                   MaterialX_v1_39_6::GenContext::resolveSourceFile	3.780743	3.913983	0.0		0.0	0.0	0.0	0.0	CpuHotPaths.exe	MaterialX_v1_39_6::GenContext::resolveSourceFile(class MaterialX_v1_39_6::FilePath const &,class MaterialX_v1_39_6::FilePath const &)	GenContext.h	0x14013c820
                    MaterialX_v1_39_6::FileSearchPath::find	3.559097	3.684526	0.0		0.0	0.0	0.0	0.0	CpuHotPaths.exe	MaterialX_v1_39_6::FileSearchPath::find	File.h	0x14013ca24
                     MaterialX_v1_39_6::FilePath::exists	3.559097	3.684526	0.0		0.0	0.0	0.0	0.0	CpuHotPaths.exe	MaterialX_v1_39_6::FilePath::exists(void)	File.cpp	0x1400ccb40
                      GetFileAttributesA	3.559097	3.684526	0.0		0.663768	0.663768	0.0	0.0	KERNELBASE.dll	GetFileAttributesA	[Unknown]	0x18006d270
                    MaterialX_v1_39_6::FilePath::getNormalized	0.076007	0.078686	0.0		0.0	0.0	0.0	0.0	CpuHotPaths.exe	MaterialX_v1_39_6::FilePath::getNormalized(void)	File.cpp	0x1400cd880
                     std::operator==	0.076007	0.078686	0.0		0.014175	0.014175	0.0	0.0	CpuHotPaths.exe	std::operator==	xstring	0x1400cd924
                    std::vector<MaterialX_v1_39_6::FilePath,std::allocator<MaterialX_v1_39_6::FilePath> >::{ctor}	0.073168	0.075746	0.0		0.0	0.0	0.0	0.0	CpuHotPaths.exe	std::vector<MaterialX_v1_39_6::FilePath,std::allocator<MaterialX_v1_39_6::FilePath> >::{ctor}	vector	0x14013c853
                     MaterialX_v1_39_6::FilePath::FilePath	0.073168	0.075746	0.0		0.0	0.0	0.0	0.0	CpuHotPaths.exe	MaterialX_v1_39_6::FilePath::FilePath(class MaterialX_v1_39_6::FilePath const &)	[Unknown]	0x1400ab260
                      std::vector<std::basic_string<char,std::char_traits<char>,std::allocator<char> >,std::allocator<std::basic_string<char,std::char_traits<char>,std::allocator<char> > > >::{ctor}	0.073168	0.075746	0.0		0.013646	0.013646	0.0	0.0	CpuHotPaths.exe	std::vector<std::basic_string<char,std::char_traits<char>,std::allocator<char> >,std::allocator<std::basic_string<char,std::char_traits<char>,std::allocator<char> > > >::{ctor}	vector	0x1400ab27d
                    MaterialX_v1_39_6::FileSearchPath::prepend	0.072471	0.075025	0.0		0.0	0.0	0.0	0.0	CpuHotPaths.exe	MaterialX_v1_39_6::FileSearchPath::prepend	File.h	0x14013c94d
                     std::vector<MaterialX_v1_39_6::FilePath,std::allocator<MaterialX_v1_39_6::FilePath> >::insert	0.072471	0.075025	0.0		0.0	0.0	0.0	0.0	CpuHotPaths.exe	std::vector<MaterialX_v1_39_6::FilePath,std::allocator<MaterialX_v1_39_6::FilePath> >::insert	vector	0x14013c951
                      MaterialX_v1_39_6::FilePath::FilePath	0.072471	0.075025	0.0		0.0	0.0	0.0	0.0	CpuHotPaths.exe	MaterialX_v1_39_6::FilePath::FilePath(class MaterialX_v1_39_6::FilePath const &)	[Unknown]	0x1400ab260
                       std::vector<std::basic_string<char,std::char_traits<char>,std::allocator<char> >,std::allocator<std::basic_string<char,std::char_traits<char>,std::allocator<char> > > >::{ctor}	0.072471	0.075025	0.0		0.0	0.0	0.0	0.0	CpuHotPaths.exe	std::vector<std::basic_string<char,std::char_traits<char>,std::allocator<char> >,std::allocator<std::basic_string<char,std::char_traits<char>,std::allocator<char> > > >::{ctor}	vector	0x1400ab27d
                        operator new	0.072471	0.075025	0.0		0.0	0.0	0.0	0.0	CpuHotPaths.exe	operator new(unsigned __int64)	new_scalar.cpp	0x140234c58
                         malloc_base	0.072471	0.075025	0.0		0.013516	0.013516	0.0	0.0	ucrtbase.dll	malloc_base	[Unknown]	0x1800050a0
                   MaterialX_v1_39_6::ShaderStage::addBlock	0.755667	0.703342	2.240420		0.0	0.0	0.0	0.0	CpuHotPaths.exe	MaterialX_v1_39_6::ShaderStage::addBlock(class std::basic_string<char,struct std::char_traits<char>,class std::allocator<char> > const &,class MaterialX_v1_39_6::FilePath const &,class MaterialX_v1_39_6::GenContext &)	ShaderStage.cpp	0x140139d50
                    std::getline	0.373833	0.308051	2.240420		0.069719	0.055496	0.014224	0.0	CpuHotPaths.exe	std::getline	string	0x140139e58
                    MaterialX_v1_39_6::ShaderStage::addInclude	0.305546	0.316314	0.0		0.0	0.0	0.0	0.0	CpuHotPaths.exe	MaterialX_v1_39_6::ShaderStage::addInclude(class MaterialX_v1_39_6::FilePath const &,class MaterialX_v1_39_6::FilePath const &,class MaterialX_v1_39_6::GenContext &)	ShaderStage.cpp	0x14013a9e0
                     MaterialX_v1_39_6::GenContext::resolveSourceFile	0.305546	0.316314	0.0		0.0	0.0	0.0	0.0	CpuHotPaths.exe	MaterialX_v1_39_6::GenContext::resolveSourceFile(class MaterialX_v1_39_6::FilePath const &,class MaterialX_v1_39_6::FilePath const &)	GenContext.h	0x14013c820
                      MaterialX_v1_39_6::FileSearchPath::find	0.305546	0.316314	0.0		0.0	0.0	0.0	0.0	CpuHotPaths.exe	MaterialX_v1_39_6::FileSearchPath::find	File.h	0x14013ca24
                       MaterialX_v1_39_6::FilePath::exists	0.305546	0.316314	0.0		0.0	0.0	0.0	0.0	CpuHotPaths.exe	MaterialX_v1_39_6::FilePath::exists(void)	File.cpp	0x1400ccb40
                        GetFileAttributesA	0.305546	0.316314	0.0		0.056984	0.056984	0.0	0.0	KERNELBASE.dll	GetFileAttributesA	[Unknown]	0x18006d270
                    std::basic_string<char,std::char_traits<char>,std::allocator<char> >::find	0.076288	0.078976	0.0		0.014228	0.014228	0.0	0.0	CpuHotPaths.exe	std::basic_string<char,std::char_traits<char>,std::allocator<char> >::find	xstring	0x140139ea0
                  std::getline	0.534014	0.395269	4.470965		0.099593	0.071208	0.028385	0.0	CpuHotPaths.exe	std::getline	string	0x140139e58
                  MaterialX_v1_39_6::FilePath::{ctor}	0.218959	0.226675	0.0		0.0	0.0	0.0	0.0	CpuHotPaths.exe	MaterialX_v1_39_6::FilePath::{ctor}	File.h	0x14013a1d2
                   MaterialX_v1_39_6::FilePath::assign	0.218959	0.226675	0.0		0.0	0.0	0.0	0.0	CpuHotPaths.exe	MaterialX_v1_39_6::FilePath::assign(class std::basic_string<char,struct std::char_traits<char>,class std::allocator<char> > const &)	File.cpp	0x1400cbbd0
                    MaterialX_v1_39_6::splitString	0.218959	0.226675	0.0		0.0	0.0	0.0	0.0	CpuHotPaths.exe	MaterialX_v1_39_6::splitString(class std::basic_string<char,struct std::char_traits<char>,class std::allocator<char> > const &,class std::basic_string<char,struct std::char_traits<char>,class std::allocator<char> > const &)	Util.cpp	0x14017fd80
                     std::vector<std::basic_string<char,std::char_traits<char>,std::allocator<char> >,std::allocator<std::basic_string<char,std::char_traits<char>,std::allocator<char> > > >::push_back	0.143638	0.148700	0.0		0.012409	0.012409	0.0	0.0	CpuHotPaths.exe	std::vector<std::basic_string<char,std::char_traits<char>,std::allocator<char> >,std::allocator<std::basic_string<char,std::char_traits<char>,std::allocator<char> > > >::push_back	vector	0x14017fe59
                      operator new	0.077104	0.079821	0.0		0.0	0.0	0.0	0.0	CpuHotPaths.exe	operator new(unsigned __int64)	new_scalar.cpp	0x140234c58
                       malloc_base	0.077104	0.079821	0.0		0.014380	0.014380	0.0	0.0	ucrtbase.dll	malloc_base	[Unknown]	0x1800050a0
                     _security_check_cookie	0.075320	0.077975	0.0		0.014047	0.014047	0.0	0.0	CpuHotPaths.exe	_security_check_cookie	amdsecgs.asm	0x140235330
                  MaterialX_v1_39_6::ShaderStage::addLine	0.143072	0.148114	0.0		0.0	0.0	0.0	0.0	CpuHotPaths.exe	MaterialX_v1_39_6::ShaderStage::addLine	ShaderStage.cpp	0x140139f44
                   MaterialX_v1_39_6::ShaderStage::addString	0.143072	0.148114	0.0		0.0	0.0	0.0	0.0	CpuHotPaths.exe	MaterialX_v1_39_6::ShaderStage::addString	ShaderStage.cpp	0x140139f56
                    std::basic_string<char,std::char_traits<char>,std::allocator<char> >::operator+=	0.143072	0.148114	0.0		0.026683	0.026683	0.0	0.0	CpuHotPaths.exe	std::basic_string<char,std::char_traits<char>,std::allocator<char> >::operator+=	xstring	0x140139f56
                  std::basic_stringstream<char,std::char_traits<char>,std::allocator<char> >::{ctor}	0.075145	0.077793	0.0		0.014014	0.014014	0.0	0.0	CpuHotPaths.exe	std::basic_stringstream<char,std::char_traits<char>,std::allocator<char> >::{ctor}	sstream	0x140139dbc
                  std::basic_ios<char,struct std::char_traits<char> >::~basic_ios<char,struct std::char_traits<char> >	0.073987	0.076594	0.0		0.013799	0.013799	0.0	0.0	MSVCP140.dll	std::basic_ios<char,struct std::char_traits<char> >::~basic_ios<char,struct std::char_traits<char> >(void)	[Unknown]	0x180007030
                  std::basic_string<char,std::char_traits<char>,std::allocator<char> >::find	0.073365	0.075951	0.0		0.013683	0.013683	0.0	0.0	CpuHotPaths.exe	std::basic_string<char,std::char_traits<char>,std::allocator<char> >::find	xstring	0x140139ea0
                 MaterialX_v1_39_6::ShaderStage::hasSourceDependency	0.079415	0.082214	0.0		0.0	0.0	0.0	0.0	CpuHotPaths.exe	MaterialX_v1_39_6::ShaderStage::hasSourceDependency(class MaterialX_v1_39_6::FilePath const &)	ShaderStage.cpp	0x14013c590
                  MaterialX_v1_39_6::FilePath::operator class std::basic_string<char,struct std::char_traits<char>,class std::allocator<char> >	0.079415	0.082214	0.0		0.0	0.0	0.0	0.0	CpuHotPaths.exe	MaterialX_v1_39_6::FilePath::operator class std::basic_string<char,struct std::char_traits<char>,class std::allocator<char> >	File.h	0x14013c5bc
                   MaterialX_v1_39_6::FilePath::asString	0.079415	0.082214	0.0		0.0	0.0	0.0	0.0	CpuHotPaths.exe	MaterialX_v1_39_6::FilePath::asString(enum MaterialX_v1_39_6::FilePath::Format)	File.cpp	0x1400cb990
                    std::basic_string<char,std::char_traits<char>,std::allocator<char> >::operator+=	0.079415	0.082214	0.0		0.014811	0.014811	0.0	0.0	CpuHotPaths.exe	std::basic_string<char,std::char_traits<char>,std::allocator<char> >::operator+=	xstring	0x1400cba94
                 MaterialX_v1_39_6::ShaderStage::addSourceDependency	0.077593	0.080327	0.0		0.0	0.0	0.0	0.0	CpuHotPaths.exe	MaterialX_v1_39_6::ShaderStage::addSourceDependency(class MaterialX_v1_39_6::FilePath const &)	ShaderStage.cpp	0x14013b000
                  MaterialX_v1_39_6::FilePath::operator class std::basic_string<char,struct std::char_traits<char>,class std::allocator<char> >	0.077593	0.080327	0.0		0.0	0.0	0.0	0.0	CpuHotPaths.exe	MaterialX_v1_39_6::FilePath::operator class std::basic_string<char,struct std::char_traits<char>,class std::allocator<char> >	File.h	0x14013b01f
                   MaterialX_v1_39_6::FilePath::asString	0.077593	0.080327	0.0		0.0	0.0	0.0	0.0	CpuHotPaths.exe	MaterialX_v1_39_6::FilePath::asString(enum MaterialX_v1_39_6::FilePath::Format)	File.cpp	0x1400cb990
                    std::basic_string<char,std::char_traits<char>,std::allocator<char> >::operator+=	0.077593	0.080327	0.0		0.0	0.0	0.0	0.0	CpuHotPaths.exe	std::basic_string<char,std::char_traits<char>,std::allocator<char> >::operator+=	xstring	0x1400cba94
                     operator new	0.077593	0.080327	0.0		0.0	0.0	0.0	0.0	CpuHotPaths.exe	operator new(unsigned __int64)	new_scalar.cpp	0x140234c58
                      malloc_base	0.077593	0.080327	0.0		0.014471	0.014471	0.0	0.0	ucrtbase.dll	malloc_base	[Unknown]	0x1800050a0
                MaterialX_v1_39_6::CompoundNode::emitFunctionDefinition	0.385323	0.398902	0.0		0.0	0.0	0.0	0.0	CpuHotPaths.exe	MaterialX_v1_39_6::CompoundNode::emitFunctionDefinition(class MaterialX_v1_39_6::ShaderNode const &,class MaterialX_v1_39_6::GenContext &,class MaterialX_v1_39_6::ShaderStage &)	CompoundNode.cpp	0x140167a70
                 MaterialX_v1_39_6::ShaderGenerator::emitFunctionCalls	0.309224	0.320122	0.0		0.0	0.0	0.0	0.0	CpuHotPaths.exe	MaterialX_v1_39_6::ShaderGenerator::emitFunctionCalls(class MaterialX_v1_39_6::ShaderGraph const &,class MaterialX_v1_39_6::GenContext &,class MaterialX_v1_39_6::ShaderStage &,unsigned int)	ShaderGenerator.cpp	0x14014d890
                  MaterialX_v1_39_6::ShaderGenerator::emitFunctionCall	0.309224	0.320122	0.0		0.0	0.0	0.0	0.0	CpuHotPaths.exe	MaterialX_v1_39_6::ShaderGenerator::emitFunctionCall(class MaterialX_v1_39_6::ShaderNode const &,class MaterialX_v1_39_6::GenContext &,class MaterialX_v1_39_6::ShaderStage &)	ShaderGenerator.cpp	0x14014d820
                   MaterialX_v1_39_6::ShaderStage::addFunctionCall	0.309224	0.320122	0.0		0.0	0.0	0.0	0.0	CpuHotPaths.exe	MaterialX_v1_39_6::ShaderStage::addFunctionCall(class MaterialX_v1_39_6::ShaderNode const &,class MaterialX_v1_39_6::GenContext &,bool)	ShaderStage.cpp	0x14013a6d0
                    MaterialX_v1_39_6::SourceCodeNode::emitFunctionCall	0.309224	0.320122	0.0		0.0	0.0	0.0	0.0	CpuHotPaths.exe	MaterialX_v1_39_6::SourceCodeNode::emitFunctionCall(class MaterialX_v1_39_6::ShaderNode const &,class MaterialX_v1_39_6::GenContext &,class MaterialX_v1_39_6::ShaderStage &)	SourceCodeNode.cpp	0x140169350
                     MaterialX_v1_39_6::ShaderNode::getInput	0.156677	0.162198	0.0		0.0	0.0	0.0	0.0	CpuHotPaths.exe	MaterialX_v1_39_6::ShaderNode::getInput(class std::basic_string<char,struct std::char_traits<char>,class std::allocator<char> > const &)	ShaderNode.cpp	0x1401435e0
                      std::_Hash<std::_Umap_traits<std::basic_string<char,std::char_traits<char>,std::allocator<char> >,std::shared_ptr<MaterialX_v1_39_6::ShaderInput>,std::_Uhash_compare<std::basic_string<char,std::char_traits<char>,std::allocator<char> >,std::hash<std::basic_string<char,std::char_traits<char>,std::allocator<char> > >,std::equal_to<std::basic_string<char,std::char_traits<char>,std::allocator<char> > > >,std::allocator<std::pair<std::basic_string<char,std::char_traits<char>,std::allocator<char> > const ,std::shared_ptr<MaterialX_v1_39_6::ShaderInput> > >,0> >::find	0.156677	0.162198	0.0		0.029220	0.029220	0.0	0.0	CpuHotPaths.exe	std::_Hash<std::_Umap_traits<std::basic_string<char,std::char_traits<char>,std::allocator<char> >,std::shared_ptr<MaterialX_v1_39_6::ShaderInput>,std::_Uhash_compare<std::basic_string<char,std::char_traits<char>,std::allocator<char> >,std::hash<std::basic_string<char,std::char_traits<char>,std::allocator<char> > >,std::equal_to<std::basic_string<char,std::char_traits<char>,std::allocator<char> > > >,std::allocator<std::pair<std::basic_string<char,std::char_traits<char>,std::allocator<char> > const ,std::shared_ptr<MaterialX_v1_39_6::ShaderInput> > >,0> >::find	xhash	0x1401435ea
                     std::vector<std::basic_string<char,std::char_traits<char>,std::allocator<char> >,std::allocator<std::basic_string<char,std::char_traits<char>,std::allocator<char> > > >::push_back	0.078361	0.081122	0.0		0.0	0.0	0.0	0.0	CpuHotPaths.exe	std::vector<std::basic_string<char,std::char_traits<char>,std::allocator<char> >,std::allocator<std::basic_string<char,std::char_traits<char>,std::allocator<char> > > >::push_back	vector	0x14016973d
                      operator new	0.078361	0.081122	0.0		0.0	0.0	0.0	0.0	CpuHotPaths.exe	operator new(unsigned __int64)	new_scalar.cpp	0x140234c58
                       malloc_base	0.078361	0.081122	0.0		0.014614	0.014614	0.0	0.0	ucrtbase.dll	malloc_base	[Unknown]	0x1800050a0
                     std::basic_string<char,std::char_traits<char>,std::allocator<char> >::operator+=	0.074187	0.076801	0.0		0.013836	0.013836	0.0	0.0	CpuHotPaths.exe	std::basic_string<char,std::char_traits<char>,std::allocator<char> >::operator+=	xstring	0x140169e79
                 MaterialX_v1_39_6::ShaderGenerator::emitLineEnd	0.076099	0.078781	0.0		0.014192	0.014192	0.0	0.0	CpuHotPaths.exe	MaterialX_v1_39_6::ShaderGenerator::emitLineEnd(class MaterialX_v1_39_6::ShaderStage &,bool)	ShaderGenerator.cpp	0x14014e150
              MaterialX_v1_39_6::ShaderGenerator::emitFunctionCall	1.359126	1.255037	4.312684		0.0	0.0	0.0	0.0	CpuHotPaths.exe	MaterialX_v1_39_6::ShaderGenerator::emitFunctionCall(class MaterialX_v1_39_6::ShaderNode const &,class MaterialX_v1_39_6::GenContext &,class MaterialX_v1_39_6::ShaderStage &)	ShaderGenerator.cpp	0x14014d820
               MaterialX_v1_39_6::ShaderStage::addFunctionCall	1.359126	1.255037	4.312684		0.0	0.0	0.0	0.0	CpuHotPaths.exe	MaterialX_v1_39_6::ShaderStage::addFunctionCall(class MaterialX_v1_39_6::ShaderNode const &,class MaterialX_v1_39_6::GenContext &,bool)	ShaderStage.cpp	0x14013a6d0
                MaterialX_v1_39_6::HwSurfaceNode::emitFunctionCall	1.359126	1.255037	4.312684		0.0	0.0	0.0	0.0	CpuHotPaths.exe	MaterialX_v1_39_6::HwSurfaceNode::emitFunctionCall(class MaterialX_v1_39_6::ShaderNode const &,class MaterialX_v1_39_6::GenContext &,class MaterialX_v1_39_6::ShaderStage &)	HwSurfaceNode.cpp	0x140125b00
                 MaterialX_v1_39_6::ShaderGenerator::emitFunctionCall	0.676004	0.624492	2.137703		0.0	0.0	0.0	0.0	CpuHotPaths.exe	MaterialX_v1_39_6::ShaderGenerator::emitFunctionCall(class MaterialX_v1_39_6::ShaderNode const &,class MaterialX_v1_39_6::GenContext &,class MaterialX_v1_39_6::ShaderStage &)	ShaderGenerator.cpp	0x14014d820
                  MaterialX_v1_39_6::ShaderStage::addFunctionCall	0.600919	0.546760	2.137703		0.0	0.0	0.0	0.0	CpuHotPaths.exe	MaterialX_v1_39_6::ShaderStage::addFunctionCall(class MaterialX_v1_39_6::ShaderNode const &,class MaterialX_v1_39_6::GenContext &,bool)	ShaderStage.cpp	0x14013a6d0
                   MaterialX_v1_39_6::SourceCodeNode::emitFunctionCall	0.600919	0.546760	2.137703		0.0	0.0	0.0	0.0	CpuHotPaths.exe	MaterialX_v1_39_6::SourceCodeNode::emitFunctionCall(class MaterialX_v1_39_6::ShaderNode const &,class MaterialX_v1_39_6::GenContext &,class MaterialX_v1_39_6::ShaderStage &)	SourceCodeNode.cpp	0x140169350
                    MaterialX_v1_39_6::ShaderGenerator::emitDependentFunctionCalls	0.600919	0.546760	2.137703		0.0	0.0	0.0	0.0	CpuHotPaths.exe	MaterialX_v1_39_6::ShaderGenerator::emitDependentFunctionCalls(class MaterialX_v1_39_6::ShaderNode const &,class MaterialX_v1_39_6::GenContext &,class MaterialX_v1_39_6::ShaderStage &,unsigned int)	ShaderGenerator.cpp	0x14014d700
                     MaterialX_v1_39_6::ShaderGenerator::emitFunctionCall	0.600919	0.546760	2.137703		0.0	0.0	0.0	0.0	CpuHotPaths.exe	MaterialX_v1_39_6::ShaderGenerator::emitFunctionCall(class MaterialX_v1_39_6::ShaderNode const &,class MaterialX_v1_39_6::GenContext &,class MaterialX_v1_39_6::ShaderStage &)	ShaderGenerator.cpp	0x14014d820
                      MaterialX_v1_39_6::ShaderStage::addFunctionCall	0.600919	0.546760	2.137703		0.0	0.0	0.0	0.0	CpuHotPaths.exe	MaterialX_v1_39_6::ShaderStage::addFunctionCall(class MaterialX_v1_39_6::ShaderNode const &,class MaterialX_v1_39_6::GenContext &,bool)	ShaderStage.cpp	0x14013a6d0
                       MaterialX_v1_39_6::SourceCodeNode::emitFunctionCall	0.600919	0.546760	2.137703		0.0	0.0	0.0	0.0	CpuHotPaths.exe	MaterialX_v1_39_6::SourceCodeNode::emitFunctionCall(class MaterialX_v1_39_6::ShaderNode const &,class MaterialX_v1_39_6::GenContext &,class MaterialX_v1_39_6::ShaderStage &)	SourceCodeNode.cpp	0x140169350
                        MaterialX_v1_39_6::ShaderGenerator::emitDependentFunctionCalls	0.528147	0.546760	0.0		0.0	0.0	0.0	0.0	CpuHotPaths.exe	MaterialX_v1_39_6::ShaderGenerator::emitDependentFunctionCalls(class MaterialX_v1_39_6::ShaderNode const &,class MaterialX_v1_39_6::GenContext &,class MaterialX_v1_39_6::ShaderStage &,unsigned int)	ShaderGenerator.cpp	0x14014d700
                         MaterialX_v1_39_6::ShaderGenerator::emitFunctionCall	0.528147	0.546760	0.0		0.0	0.0	0.0	0.0	CpuHotPaths.exe	MaterialX_v1_39_6::ShaderGenerator::emitFunctionCall(class MaterialX_v1_39_6::ShaderNode const &,class MaterialX_v1_39_6::GenContext &,class MaterialX_v1_39_6::ShaderStage &)	ShaderGenerator.cpp	0x14014d820
                          MaterialX_v1_39_6::ShaderStage::addFunctionCall	0.528147	0.546760	0.0		0.0	0.0	0.0	0.0	CpuHotPaths.exe	MaterialX_v1_39_6::ShaderStage::addFunctionCall(class MaterialX_v1_39_6::ShaderNode const &,class MaterialX_v1_39_6::GenContext &,bool)	ShaderStage.cpp	0x14013a6d0
                           MaterialX_v1_39_6::SourceCodeNode::emitFunctionCall	0.528147	0.546760	0.0		0.0	0.0	0.0	0.0	CpuHotPaths.exe	MaterialX_v1_39_6::SourceCodeNode::emitFunctionCall(class MaterialX_v1_39_6::ShaderNode const &,class MaterialX_v1_39_6::GenContext &,class MaterialX_v1_39_6::ShaderStage &)	SourceCodeNode.cpp	0x140169350
                            MaterialX_v1_39_6::ShaderGenerator::emitDependentFunctionCalls	0.528147	0.546760	0.0		0.0	0.0	0.0	0.0	CpuHotPaths.exe	MaterialX_v1_39_6::ShaderGenerator::emitDependentFunctionCalls(class MaterialX_v1_39_6::ShaderNode const &,class MaterialX_v1_39_6::GenContext &,class MaterialX_v1_39_6::ShaderStage &,unsigned int)	ShaderGenerator.cpp	0x14014d700
                             MaterialX_v1_39_6::ShaderGenerator::emitFunctionCall	0.528147	0.546760	0.0		0.0	0.0	0.0	0.0	CpuHotPaths.exe	MaterialX_v1_39_6::ShaderGenerator::emitFunctionCall(class MaterialX_v1_39_6::ShaderNode const &,class MaterialX_v1_39_6::GenContext &,class MaterialX_v1_39_6::ShaderStage &)	ShaderGenerator.cpp	0x14014d820
                              MaterialX_v1_39_6::ShaderStage::addFunctionCall	0.454319	0.470330	0.0		0.0	0.0	0.0	0.0	CpuHotPaths.exe	MaterialX_v1_39_6::ShaderStage::addFunctionCall(class MaterialX_v1_39_6::ShaderNode const &,class MaterialX_v1_39_6::GenContext &,bool)	ShaderStage.cpp	0x14013a6d0
                               MaterialX_v1_39_6::SourceCodeNode::emitFunctionCall	0.454319	0.470330	0.0		0.0	0.0	0.0	0.0	CpuHotPaths.exe	MaterialX_v1_39_6::SourceCodeNode::emitFunctionCall(class MaterialX_v1_39_6::ShaderNode const &,class MaterialX_v1_39_6::GenContext &,class MaterialX_v1_39_6::ShaderStage &)	SourceCodeNode.cpp	0x140169350
                                MaterialX_v1_39_6::ShaderGenerator::emitDependentFunctionCalls	0.454319	0.470330	0.0		0.0	0.0	0.0	0.0	CpuHotPaths.exe	MaterialX_v1_39_6::ShaderGenerator::emitDependentFunctionCalls(class MaterialX_v1_39_6::ShaderNode const &,class MaterialX_v1_39_6::GenContext &,class MaterialX_v1_39_6::ShaderStage &,unsigned int)	ShaderGenerator.cpp	0x14014d700
                                 MaterialX_v1_39_6::ShaderGenerator::emitFunctionCall	0.379081	0.392440	0.0		0.0	0.0	0.0	0.0	CpuHotPaths.exe	MaterialX_v1_39_6::ShaderGenerator::emitFunctionCall(class MaterialX_v1_39_6::ShaderNode const &,class MaterialX_v1_39_6::GenContext &,class MaterialX_v1_39_6::ShaderStage &)	ShaderGenerator.cpp	0x14014d820
                                  MaterialX_v1_39_6::ShaderStage::addFunctionCall	0.379081	0.392440	0.0		0.0	0.0	0.0	0.0	CpuHotPaths.exe	MaterialX_v1_39_6::ShaderStage::addFunctionCall(class MaterialX_v1_39_6::ShaderNode const &,class MaterialX_v1_39_6::GenContext &,bool)	ShaderStage.cpp	0x14013a6d0
                                   MaterialX_v1_39_6::SourceCodeNode::emitFunctionCall	0.379081	0.392440	0.0		0.0	0.0	0.0	0.0	CpuHotPaths.exe	MaterialX_v1_39_6::SourceCodeNode::emitFunctionCall(class MaterialX_v1_39_6::ShaderNode const &,class MaterialX_v1_39_6::GenContext &,class MaterialX_v1_39_6::ShaderStage &)	SourceCodeNode.cpp	0x140169350
                                    MaterialX_v1_39_6::ShaderGenerator::emitDependentFunctionCalls	0.379081	0.392440	0.0		0.0	0.0	0.0	0.0	CpuHotPaths.exe	MaterialX_v1_39_6::ShaderGenerator::emitDependentFunctionCalls(class MaterialX_v1_39_6::ShaderNode const &,class MaterialX_v1_39_6::GenContext &,class MaterialX_v1_39_6::ShaderStage &,unsigned int)	ShaderGenerator.cpp	0x14014d700
                                     MaterialX_v1_39_6::ShaderGenerator::emitFunctionCall	0.379081	0.392440	0.0		0.0	0.0	0.0	0.0	CpuHotPaths.exe	MaterialX_v1_39_6::ShaderGenerator::emitFunctionCall(class MaterialX_v1_39_6::ShaderNode const &,class MaterialX_v1_39_6::GenContext &,class MaterialX_v1_39_6::ShaderStage &)	ShaderGenerator.cpp	0x14014d820
                                      MaterialX_v1_39_6::ShaderStage::addFunctionCall	0.379081	0.392440	0.0		0.0	0.0	0.0	0.0	CpuHotPaths.exe	MaterialX_v1_39_6::ShaderStage::addFunctionCall(class MaterialX_v1_39_6::ShaderNode const &,class MaterialX_v1_39_6::GenContext &,bool)	ShaderStage.cpp	0x14013a6d0
                                       MaterialX_v1_39_6::SourceCodeNode::emitFunctionCall	0.379081	0.392440	0.0		0.0	0.0	0.0	0.0	CpuHotPaths.exe	MaterialX_v1_39_6::SourceCodeNode::emitFunctionCall(class MaterialX_v1_39_6::ShaderNode const &,class MaterialX_v1_39_6::GenContext &,class MaterialX_v1_39_6::ShaderStage &)	SourceCodeNode.cpp	0x140169350
                                        MaterialX_v1_39_6::ShaderGenerator::emitDependentFunctionCalls	0.306697	0.317506	0.0		0.0	0.0	0.0	0.0	CpuHotPaths.exe	MaterialX_v1_39_6::ShaderGenerator::emitDependentFunctionCalls(class MaterialX_v1_39_6::ShaderNode const &,class MaterialX_v1_39_6::GenContext &,class MaterialX_v1_39_6::ShaderStage &,unsigned int)	ShaderGenerator.cpp	0x14014d700
                                         MaterialX_v1_39_6::ShaderGenerator::emitFunctionCall	0.306697	0.317506	0.0		0.0	0.0	0.0	0.0	CpuHotPaths.exe	MaterialX_v1_39_6::ShaderGenerator::emitFunctionCall(class MaterialX_v1_39_6::ShaderNode const &,class MaterialX_v1_39_6::GenContext &,class MaterialX_v1_39_6::ShaderStage &)	ShaderGenerator.cpp	0x14014d820
                                          MaterialX_v1_39_6::ShaderStage::addFunctionCall	0.306697	0.317506	0.0		0.0	0.0	0.0	0.0	CpuHotPaths.exe	MaterialX_v1_39_6::ShaderStage::addFunctionCall(class MaterialX_v1_39_6::ShaderNode const &,class MaterialX_v1_39_6::GenContext &,bool)	ShaderStage.cpp	0x14013a6d0
                                           MaterialX_v1_39_6::SourceCodeNode::emitFunctionCall	0.306697	0.317506	0.0		0.0	0.0	0.0	0.0	CpuHotPaths.exe	MaterialX_v1_39_6::SourceCodeNode::emitFunctionCall(class MaterialX_v1_39_6::ShaderNode const &,class MaterialX_v1_39_6::GenContext &,class MaterialX_v1_39_6::ShaderStage &)	SourceCodeNode.cpp	0x140169350
                                            MaterialX_v1_39_6::ShaderGenerator::emitDependentFunctionCalls	0.306697	0.317506	0.0		0.0	0.0	0.0	0.0	CpuHotPaths.exe	MaterialX_v1_39_6::ShaderGenerator::emitDependentFunctionCalls(class MaterialX_v1_39_6::ShaderNode const &,class MaterialX_v1_39_6::GenContext &,class MaterialX_v1_39_6::ShaderStage &,unsigned int)	ShaderGenerator.cpp	0x14014d700
                                             MaterialX_v1_39_6::ShaderGenerator::emitFunctionCall	0.306697	0.317506	0.0		0.0	0.0	0.0	0.0	CpuHotPaths.exe	MaterialX_v1_39_6::ShaderGenerator::emitFunctionCall(class MaterialX_v1_39_6::ShaderNode const &,class MaterialX_v1_39_6::GenContext &,class MaterialX_v1_39_6::ShaderStage &)	ShaderGenerator.cpp	0x14014d820
                                              MaterialX_v1_39_6::ShaderStage::addFunctionCall	0.306697	0.317506	0.0		0.0	0.0	0.0	0.0	CpuHotPaths.exe	MaterialX_v1_39_6::ShaderStage::addFunctionCall(class MaterialX_v1_39_6::ShaderNode const &,class MaterialX_v1_39_6::GenContext &,bool)	ShaderStage.cpp	0x14013a6d0
                                               MaterialX_v1_39_6::SourceCodeNode::emitFunctionCall	0.306697	0.317506	0.0		0.0	0.0	0.0	0.0	CpuHotPaths.exe	MaterialX_v1_39_6::SourceCodeNode::emitFunctionCall(class MaterialX_v1_39_6::ShaderNode const &,class MaterialX_v1_39_6::GenContext &,class MaterialX_v1_39_6::ShaderStage &)	SourceCodeNode.cpp	0x140169350
                                                MaterialX_v1_39_6::ShaderGenerator::emitInput	0.154518	0.159964	0.0		0.0	0.0	0.0	0.0	CpuHotPaths.exe	MaterialX_v1_39_6::ShaderGenerator::emitInput(class MaterialX_v1_39_6::ShaderInput const *,class MaterialX_v1_39_6::GenContext &,class MaterialX_v1_39_6::ShaderStage &)	ShaderGenerator.cpp	0x14014de40
                                                 MaterialX_v1_39_6::ShaderGenerator::getUpstreamResult	0.154518	0.159964	0.0		0.0	0.0	0.0	0.0	CpuHotPaths.exe	MaterialX_v1_39_6::ShaderGenerator::getUpstreamResult(class MaterialX_v1_39_6::ShaderInput const *,class MaterialX_v1_39_6::GenContext &)	ShaderGenerator.cpp	0x1401500e0
                                                  MaterialX_v1_39_6::Syntax::getValue	0.154518	0.159964	0.0		0.0	0.0	0.0	0.0	CpuHotPaths.exe	MaterialX_v1_39_6::Syntax::getValue(class MaterialX_v1_39_6::TypeDesc,class MaterialX_v1_39_6::Value const &,bool)	Syntax.cpp	0x140149200
                                                   MaterialX_v1_39_6::ScalarTypeSyntax::getValue	0.154518	0.159964	0.0		0.0	0.0	0.0	0.0	CpuHotPaths.exe	MaterialX_v1_39_6::ScalarTypeSyntax::getValue(class MaterialX_v1_39_6::Value const &,bool)	Syntax.cpp	0x140148c90
                                                    MaterialX_v1_39_6::TypedValue<float>::getValueString	0.077295	0.080019	0.0		0.0	0.0	0.0	0.0	CpuHotPaths.exe	MaterialX_v1_39_6::TypedValue<float>::getValueString(void)	Value.cpp	0x1401f6810
                                                     MaterialX_v1_39_6::toValueString<float>	0.077295	0.080019	0.0		0.0	0.0	0.0	0.0	CpuHotPaths.exe	MaterialX_v1_39_6::toValueString<float>(float const &)	Value.cpp	0x1401fe7e0
                                                      std::basic_ios<char,struct std::char_traits<char> >::imbue	0.077295	0.080019	0.0		0.014415	0.014415	0.0	0.0	MSVCP140.dll	std::basic_ios<char,struct std::char_traits<char> >::imbue(class std::locale const & __ptr64)	[Unknown]	0x18005a0d0
                                                    MaterialX_v1_39_6::TypedValue<int>::getValueString	0.077223	0.079945	0.0		0.0	0.0	0.0	0.0	CpuHotPaths.exe	MaterialX_v1_39_6::TypedValue<int>::getValueString(void)	Value.cpp	0x1401f6790
                                                     MaterialX_v1_39_6::toValueString<int>	0.077223	0.079945	0.0		0.0	0.0	0.0	0.0	CpuHotPaths.exe	MaterialX_v1_39_6::toValueString<int>(int const &)	Value.cpp	0x1401fe0c0
                                                      std::basic_stringstream<char,std::char_traits<char>,std::allocator<char> >::{dtor}	0.077223	0.079945	0.0		0.014402	0.014402	0.0	0.0	CpuHotPaths.exe	std::basic_stringstream<char,std::char_traits<char>,std::allocator<char> >::{dtor}	sstream	0x1401fe320
                                                MaterialX_v1_39_6::ShaderGenerator::emitDependentFunctionCalls	0.152179	0.157542	0.0		0.0	0.0	0.0	0.0	CpuHotPaths.exe	MaterialX_v1_39_6::ShaderGenerator::emitDependentFunctionCalls(class MaterialX_v1_39_6::ShaderNode const &,class MaterialX_v1_39_6::GenContext &,class MaterialX_v1_39_6::ShaderStage &,unsigned int)	ShaderGenerator.cpp	0x14014d700
                                                 MaterialX_v1_39_6::ShaderGenerator::emitFunctionCall	0.152179	0.157542	0.0		0.0	0.0	0.0	0.0	CpuHotPaths.exe	MaterialX_v1_39_6::ShaderGenerator::emitFunctionCall(class MaterialX_v1_39_6::ShaderNode const &,class MaterialX_v1_39_6::GenContext &,class MaterialX_v1_39_6::ShaderStage &)	ShaderGenerator.cpp	0x14014d820
                                                  MaterialX_v1_39_6::ShaderStage::addFunctionCall	0.152179	0.157542	0.0		0.0	0.0	0.0	0.0	CpuHotPaths.exe	MaterialX_v1_39_6::ShaderStage::addFunctionCall(class MaterialX_v1_39_6::ShaderNode const &,class MaterialX_v1_39_6::GenContext &,bool)	ShaderStage.cpp	0x14013a6d0
                                                   MaterialX_v1_39_6::SourceCodeNode::emitFunctionCall	0.152179	0.157542	0.0		0.0	0.0	0.0	0.0	CpuHotPaths.exe	MaterialX_v1_39_6::SourceCodeNode::emitFunctionCall(class MaterialX_v1_39_6::ShaderNode const &,class MaterialX_v1_39_6::GenContext &,class MaterialX_v1_39_6::ShaderStage &)	SourceCodeNode.cpp	0x140169350
                                                    MaterialX_v1_39_6::ShaderGenerator::emitInput	0.076690	0.079392	0.0		0.0	0.0	0.0	0.0	CpuHotPaths.exe	MaterialX_v1_39_6::ShaderGenerator::emitInput(class MaterialX_v1_39_6::ShaderInput const *,class MaterialX_v1_39_6::GenContext &,class MaterialX_v1_39_6::ShaderStage &)	ShaderGenerator.cpp	0x14014de40
                                                     MaterialX_v1_39_6::ShaderGenerator::getUpstreamResult	0.076690	0.079392	0.0		0.0	0.0	0.0	0.0	CpuHotPaths.exe	MaterialX_v1_39_6::ShaderGenerator::getUpstreamResult(class MaterialX_v1_39_6::ShaderInput const *,class MaterialX_v1_39_6::GenContext &)	ShaderGenerator.cpp	0x1401500e0
                                                      MaterialX_v1_39_6::Syntax::getValue	0.076690	0.079392	0.0		0.0	0.0	0.0	0.0	CpuHotPaths.exe	MaterialX_v1_39_6::Syntax::getValue(class MaterialX_v1_39_6::TypeDesc,class MaterialX_v1_39_6::Value const &,bool)	Syntax.cpp	0x140149200
                                                       MaterialX_v1_39_6::ScalarTypeSyntax::getValue	0.076690	0.079392	0.0		0.0	0.0	0.0	0.0	CpuHotPaths.exe	MaterialX_v1_39_6::ScalarTypeSyntax::getValue(class MaterialX_v1_39_6::Value const &,bool)	Syntax.cpp	0x140148c90
                                                        MaterialX_v1_39_6::TypedValue<int>::getValueString	0.076690	0.079392	0.0		0.0	0.0	0.0	0.0	CpuHotPaths.exe	MaterialX_v1_39_6::TypedValue<int>::getValueString(void)	Value.cpp	0x1401f6790
                                                         MaterialX_v1_39_6::toValueString<int>	0.076690	0.079392	0.0		0.0	0.0	0.0	0.0	CpuHotPaths.exe	MaterialX_v1_39_6::toValueString<int>(int const &)	Value.cpp	0x1401fe0c0
                                                          std::basic_ios<char,struct std::char_traits<char> >::imbue	0.076690	0.079392	0.0		0.014303	0.014303	0.0	0.0	MSVCP140.dll	std::basic_ios<char,struct std::char_traits<char> >::imbue(class std::locale const & __ptr64)	[Unknown]	0x18005a0d0
                                                    MaterialX_v1_39_6::ShaderGenerator::emitDependentFunctionCalls	0.075489	0.078150	0.0		0.0	0.0	0.0	0.0	CpuHotPaths.exe	MaterialX_v1_39_6::ShaderGenerator::emitDependentFunctionCalls(class MaterialX_v1_39_6::ShaderNode const &,class MaterialX_v1_39_6::GenContext &,class MaterialX_v1_39_6::ShaderStage &,unsigned int)	ShaderGenerator.cpp	0x14014d700
                                                     MaterialX_v1_39_6::ShaderGenerator::emitFunctionCall	0.075489	0.078150	0.0		0.0	0.0	0.0	0.0	CpuHotPaths.exe	MaterialX_v1_39_6::ShaderGenerator::emitFunctionCall(class MaterialX_v1_39_6::ShaderNode const &,class MaterialX_v1_39_6::GenContext &,class MaterialX_v1_39_6::ShaderStage &)	ShaderGenerator.cpp	0x14014d820
                                                      MaterialX_v1_39_6::ShaderStage::addFunctionCall	0.075489	0.078150	0.0		0.0	0.0	0.0	0.0	CpuHotPaths.exe	MaterialX_v1_39_6::ShaderStage::addFunctionCall(class MaterialX_v1_39_6::ShaderNode const &,class MaterialX_v1_39_6::GenContext &,bool)	ShaderStage.cpp	0x14013a6d0
                                                       MaterialX_v1_39_6::SourceCodeNode::emitFunctionCall	0.075489	0.078150	0.0		0.0	0.0	0.0	0.0	CpuHotPaths.exe	MaterialX_v1_39_6::SourceCodeNode::emitFunctionCall(class MaterialX_v1_39_6::ShaderNode const &,class MaterialX_v1_39_6::GenContext &,class MaterialX_v1_39_6::ShaderStage &)	SourceCodeNode.cpp	0x140169350
                                                        MaterialX_v1_39_6::ShaderGenerator::emitDependentFunctionCalls	0.075489	0.078150	0.0		0.0	0.0	0.0	0.0	CpuHotPaths.exe	MaterialX_v1_39_6::ShaderGenerator::emitDependentFunctionCalls(class MaterialX_v1_39_6::ShaderNode const &,class MaterialX_v1_39_6::GenContext &,class MaterialX_v1_39_6::ShaderStage &,unsigned int)	ShaderGenerator.cpp	0x14014d700
                                                         MaterialX_v1_39_6::ShaderGenerator::emitFunctionCall	0.075489	0.078150	0.0		0.0	0.0	0.0	0.0	CpuHotPaths.exe	MaterialX_v1_39_6::ShaderGenerator::emitFunctionCall(class MaterialX_v1_39_6::ShaderNode const &,class MaterialX_v1_39_6::GenContext &,class MaterialX_v1_39_6::ShaderStage &)	ShaderGenerator.cpp	0x14014d820
                                                          MaterialX_v1_39_6::ShaderStage::addFunctionCall	0.075489	0.078150	0.0		0.0	0.0	0.0	0.0	CpuHotPaths.exe	MaterialX_v1_39_6::ShaderStage::addFunctionCall(class MaterialX_v1_39_6::ShaderNode const &,class MaterialX_v1_39_6::GenContext &,bool)	ShaderStage.cpp	0x14013a6d0
                                                           MaterialX_v1_39_6::SourceCodeNode::emitFunctionCall	0.075489	0.078150	0.0		0.0	0.0	0.0	0.0	CpuHotPaths.exe	MaterialX_v1_39_6::SourceCodeNode::emitFunctionCall(class MaterialX_v1_39_6::ShaderNode const &,class MaterialX_v1_39_6::GenContext &,class MaterialX_v1_39_6::ShaderStage &)	SourceCodeNode.cpp	0x140169350
                                                            MaterialX_v1_39_6::ShaderGenerator::emitOutput	0.075489	0.078150	0.0		0.0	0.0	0.0	0.0	CpuHotPaths.exe	MaterialX_v1_39_6::ShaderGenerator::emitOutput(class MaterialX_v1_39_6::ShaderOutput const *,bool,bool,class MaterialX_v1_39_6::GenContext &,class MaterialX_v1_39_6::ShaderStage &)	ShaderGenerator.cpp	0x14014e160
                                                             std::basic_string<char,struct std::char_traits<char>,class std::allocator<char> >::append	0.075489	0.078150	0.0		0.014079	0.014079	0.0	0.0	CpuHotPaths.exe	std::basic_string<char,struct std::char_traits<char>,class std::allocator<char> >::append(char const * const,unsigned __int64)	xstring	0x1400b0980
                                        std::operator+	0.072383	0.074934	0.0		0.013499	0.013499	0.0	0.0	CpuHotPaths.exe	std::operator+	xstring	0x14016a4bd
                                 MaterialX_v1_39_6::ShaderInput::getConnectedSibling	0.075238	0.077890	0.0		0.014032	0.014032	0.0	0.0	CpuHotPaths.exe	MaterialX_v1_39_6::ShaderInput::getConnectedSibling(void)	ShaderNode.cpp	0x140143360
                              MaterialX_v1_39_6::ShaderStage::isEmitted	0.073828	0.076430	0.0		0.0	0.0	0.0	0.0	CpuHotPaths.exe	MaterialX_v1_39_6::ShaderStage::isEmitted(class MaterialX_v1_39_6::ShaderNode const &,class MaterialX_v1_39_6::GenContext &)	ShaderStage.cpp	0x14013c760
                               std::_Tree<std::_Tset_traits<MaterialX_v1_39_6::ShaderNode const *,std::less<MaterialX_v1_39_6::ShaderNode const *>,std::allocator<MaterialX_v1_39_6::ShaderNode const *>,0> >::count	0.073828	0.076430	0.0		0.013769	0.013769	0.0	0.0	CpuHotPaths.exe	std::_Tree<std::_Tset_traits<MaterialX_v1_39_6::ShaderNode const *,std::less<MaterialX_v1_39_6::ShaderNode const *>,std::allocator<MaterialX_v1_39_6::ShaderNode const *>,0> >::count	xtree	0x14013c770
                        MaterialX_v1_39_6::ShaderGenerator::emitInput	0.072772	0.0	2.137703		0.0	0.0	0.0	0.0	CpuHotPaths.exe	MaterialX_v1_39_6::ShaderGenerator::emitInput(class MaterialX_v1_39_6::ShaderInput const *,class MaterialX_v1_39_6::GenContext &,class MaterialX_v1_39_6::ShaderStage &)	ShaderGenerator.cpp	0x14014de40
                         MaterialX_v1_39_6::ShaderGenerator::getUpstreamResult	0.072772	0.0	2.137703		0.0	0.0	0.0	0.0	CpuHotPaths.exe	MaterialX_v1_39_6::ShaderGenerator::getUpstreamResult(class MaterialX_v1_39_6::ShaderInput const *,class MaterialX_v1_39_6::GenContext &)	ShaderGenerator.cpp	0x1401500e0
                          MaterialX_v1_39_6::Syntax::getValue	0.072772	0.0	2.137703		0.0	0.0	0.0	0.0	CpuHotPaths.exe	MaterialX_v1_39_6::Syntax::getValue(class MaterialX_v1_39_6::TypeDesc,class MaterialX_v1_39_6::Value const &,bool)	Syntax.cpp	0x140149200
                           MaterialX_v1_39_6::ScalarTypeSyntax::getValue	0.072772	0.0	2.137703		0.0	0.0	0.0	0.0	CpuHotPaths.exe	MaterialX_v1_39_6::ScalarTypeSyntax::getValue(class MaterialX_v1_39_6::Value const &,bool)	Syntax.cpp	0x140148c90
                            MaterialX_v1_39_6::TypedValue<float>::getValueString	0.072772	0.0	2.137703		0.0	0.0	0.0	0.0	CpuHotPaths.exe	MaterialX_v1_39_6::TypedValue<float>::getValueString(void)	Value.cpp	0x1401f6810
                             MaterialX_v1_39_6::toValueString<float>	0.072772	0.0	2.137703		0.0	0.0	0.0	0.0	CpuHotPaths.exe	MaterialX_v1_39_6::toValueString<float>(float const &)	Value.cpp	0x1401fe7e0
                              std::basic_ostream<char,struct std::char_traits<char> >::operator<<	0.072772	0.0	2.137703		0.013572	0.0	0.013572	0.0	MSVCP140.dll	std::basic_ostream<char,struct std::char_traits<char> >::operator<<(float)	[Unknown]	0x18004fa10
                  MaterialX_v1_39_6::ShaderStage::isEmitted	0.075086	0.077732	0.0		0.0	0.0	0.0	0.0	CpuHotPaths.exe	MaterialX_v1_39_6::ShaderStage::isEmitted(class MaterialX_v1_39_6::ShaderNode const &,class MaterialX_v1_39_6::GenContext &)	ShaderStage.cpp	0x14013c760
                   std::_Tree<std::_Tset_traits<MaterialX_v1_39_6::ShaderNode const *,std::less<MaterialX_v1_39_6::ShaderNode const *>,std::allocator<MaterialX_v1_39_6::ShaderNode const *>,0> >::count	0.075086	0.077732	0.0		0.014003	0.014003	0.0	0.0	CpuHotPaths.exe	std::_Tree<std::_Tset_traits<MaterialX_v1_39_6::ShaderNode const *,std::less<MaterialX_v1_39_6::ShaderNode const *>,std::allocator<MaterialX_v1_39_6::ShaderNode const *>,0> >::count	xtree	0x14013c770
                 MaterialX_v1_39_6::HwSurfaceNode::emitLightLoop	0.606456	0.551179	2.174981		0.0	0.0	0.0	0.0	CpuHotPaths.exe	MaterialX_v1_39_6::HwSurfaceNode::emitLightLoop(class MaterialX_v1_39_6::ShaderNode const &,class MaterialX_v1_39_6::GenContext &,class MaterialX_v1_39_6::ShaderStage &,class std::basic_string<char,struct std::char_traits<char>,class std::allocator<char> > const &)	HwSurfaceNode.cpp	0x140128510
                  MaterialX_v1_39_6::ShaderGenerator::emitFunctionCall	0.454334	0.393696	2.174981		0.0	0.0	0.0	0.0	CpuHotPaths.exe	MaterialX_v1_39_6::ShaderGenerator::emitFunctionCall(class MaterialX_v1_39_6::ShaderNode const &,class MaterialX_v1_39_6::GenContext &,class MaterialX_v1_39_6::ShaderStage &)	ShaderGenerator.cpp	0x14014d820
                   MaterialX_v1_39_6::ShaderStage::addFunctionCall	0.454334	0.393696	2.174981		0.0	0.0	0.0	0.0	CpuHotPaths.exe	MaterialX_v1_39_6::ShaderStage::addFunctionCall(class MaterialX_v1_39_6::ShaderNode const &,class MaterialX_v1_39_6::GenContext &,bool)	ShaderStage.cpp	0x14013a6d0
                    MaterialX_v1_39_6::SourceCodeNode::emitFunctionCall	0.454334	0.393696	2.174981		0.0	0.0	0.0	0.0	CpuHotPaths.exe	MaterialX_v1_39_6::SourceCodeNode::emitFunctionCall(class MaterialX_v1_39_6::ShaderNode const &,class MaterialX_v1_39_6::GenContext &,class MaterialX_v1_39_6::ShaderStage &)	SourceCodeNode.cpp	0x140169350
                     MaterialX_v1_39_6::ShaderGenerator::emitDependentFunctionCalls	0.454334	0.393696	2.174981		0.0	0.0	0.0	0.0	CpuHotPaths.exe	MaterialX_v1_39_6::ShaderGenerator::emitDependentFunctionCalls(class MaterialX_v1_39_6::ShaderNode const &,class MaterialX_v1_39_6::GenContext &,class MaterialX_v1_39_6::ShaderStage &,unsigned int)	ShaderGenerator.cpp	0x14014d700
                      MaterialX_v1_39_6::ShaderGenerator::emitFunctionCall	0.454334	0.393696	2.174981		0.0	0.0	0.0	0.0	CpuHotPaths.exe	MaterialX_v1_39_6::ShaderGenerator::emitFunctionCall(class MaterialX_v1_39_6::ShaderNode const &,class MaterialX_v1_39_6::GenContext &,class MaterialX_v1_39_6::ShaderStage &)	ShaderGenerator.cpp	0x14014d820
                       MaterialX_v1_39_6::ShaderStage::addFunctionCall	0.454334	0.393696	2.174981		0.0	0.0	0.0	0.0	CpuHotPaths.exe	MaterialX_v1_39_6::ShaderStage::addFunctionCall(class MaterialX_v1_39_6::ShaderNode const &,class MaterialX_v1_39_6::GenContext &,bool)	ShaderStage.cpp	0x14013a6d0
                        MaterialX_v1_39_6::SourceCodeNode::emitFunctionCall	0.454334	0.393696	2.174981		0.0	0.0	0.0	0.0	CpuHotPaths.exe	MaterialX_v1_39_6::SourceCodeNode::emitFunctionCall(class MaterialX_v1_39_6::ShaderNode const &,class MaterialX_v1_39_6::GenContext &,class MaterialX_v1_39_6::ShaderStage &)	SourceCodeNode.cpp	0x140169350
                         MaterialX_v1_39_6::ShaderGenerator::emitDependentFunctionCalls	0.454334	0.393696	2.174981		0.0	0.0	0.0	0.0	CpuHotPaths.exe	MaterialX_v1_39_6::ShaderGenerator::emitDependentFunctionCalls(class MaterialX_v1_39_6::ShaderNode const &,class MaterialX_v1_39_6::GenContext &,class MaterialX_v1_39_6::ShaderStage &,unsigned int)	ShaderGenerator.cpp	0x14014d700
                          MaterialX_v1_39_6::ShaderGenerator::emitFunctionCall	0.454334	0.393696	2.174981		0.0	0.0	0.0	0.0	CpuHotPaths.exe	MaterialX_v1_39_6::ShaderGenerator::emitFunctionCall(class MaterialX_v1_39_6::ShaderNode const &,class MaterialX_v1_39_6::GenContext &,class MaterialX_v1_39_6::ShaderStage &)	ShaderGenerator.cpp	0x14014d820
                           MaterialX_v1_39_6::ShaderStage::addFunctionCall	0.454334	0.393696	2.174981		0.0	0.0	0.0	0.0	CpuHotPaths.exe	MaterialX_v1_39_6::ShaderStage::addFunctionCall(class MaterialX_v1_39_6::ShaderNode const &,class MaterialX_v1_39_6::GenContext &,bool)	ShaderStage.cpp	0x14013a6d0
                            MaterialX_v1_39_6::SourceCodeNode::emitFunctionCall	0.454334	0.393696	2.174981		0.0	0.0	0.0	0.0	CpuHotPaths.exe	MaterialX_v1_39_6::SourceCodeNode::emitFunctionCall(class MaterialX_v1_39_6::ShaderNode const &,class MaterialX_v1_39_6::GenContext &,class MaterialX_v1_39_6::ShaderStage &)	SourceCodeNode.cpp	0x140169350
                             MaterialX_v1_39_6::ShaderGenerator::emitDependentFunctionCalls	0.224165	0.232065	0.0		0.0	0.0	0.0	0.0	CpuHotPaths.exe	MaterialX_v1_39_6::ShaderGenerator::emitDependentFunctionCalls(class MaterialX_v1_39_6::ShaderNode const &,class MaterialX_v1_39_6::GenContext &,class MaterialX_v1_39_6::ShaderStage &,unsigned int)	ShaderGenerator.cpp	0x14014d700
                              MaterialX_v1_39_6::ShaderGenerator::emitFunctionCall	0.153620	0.159033	0.0		0.0	0.0	0.0	0.0	CpuHotPaths.exe	MaterialX_v1_39_6::ShaderGenerator::emitFunctionCall(class MaterialX_v1_39_6::ShaderNode const &,class MaterialX_v1_39_6::GenContext &,class MaterialX_v1_39_6::ShaderStage &)	ShaderGenerator.cpp	0x14014d820
                               MaterialX_v1_39_6::ShaderStage::addFunctionCall	0.153620	0.159033	0.0		0.0	0.0	0.0	0.0	CpuHotPaths.exe	MaterialX_v1_39_6::ShaderStage::addFunctionCall(class MaterialX_v1_39_6::ShaderNode const &,class MaterialX_v1_39_6::GenContext &,bool)	ShaderStage.cpp	0x14013a6d0
                                MaterialX_v1_39_6::SourceCodeNode::emitFunctionCall	0.153620	0.159033	0.0		0.0	0.0	0.0	0.0	CpuHotPaths.exe	MaterialX_v1_39_6::SourceCodeNode::emitFunctionCall(class MaterialX_v1_39_6::ShaderNode const &,class MaterialX_v1_39_6::GenContext &,class MaterialX_v1_39_6::ShaderStage &)	SourceCodeNode.cpp	0x140169350
                                 MaterialX_v1_39_6::ShaderGenerator::emitDependentFunctionCalls	0.153620	0.159033	0.0		0.0	0.0	0.0	0.0	CpuHotPaths.exe	MaterialX_v1_39_6::ShaderGenerator::emitDependentFunctionCalls(class MaterialX_v1_39_6::ShaderNode const &,class MaterialX_v1_39_6::GenContext &,class MaterialX_v1_39_6::ShaderStage &,unsigned int)	ShaderGenerator.cpp	0x14014d700
                                  MaterialX_v1_39_6::ShaderGenerator::emitFunctionCall	0.153620	0.159033	0.0		0.0	0.0	0.0	0.0	CpuHotPaths.exe	MaterialX_v1_39_6::ShaderGenerator::emitFunctionCall(class MaterialX_v1_39_6::ShaderNode const &,class MaterialX_v1_39_6::GenContext &,class MaterialX_v1_39_6::ShaderStage &)	ShaderGenerator.cpp	0x14014d820
                                   MaterialX_v1_39_6::ShaderStage::addFunctionCall	0.153620	0.159033	0.0		0.0	0.0	0.0	0.0	CpuHotPaths.exe	MaterialX_v1_39_6::ShaderStage::addFunctionCall(class MaterialX_v1_39_6::ShaderNode const &,class MaterialX_v1_39_6::GenContext &,bool)	ShaderStage.cpp	0x14013a6d0
                                    MaterialX_v1_39_6::SourceCodeNode::emitFunctionCall	0.153620	0.159033	0.0		0.0	0.0	0.0	0.0	CpuHotPaths.exe	MaterialX_v1_39_6::SourceCodeNode::emitFunctionCall(class MaterialX_v1_39_6::ShaderNode const &,class MaterialX_v1_39_6::GenContext &,class MaterialX_v1_39_6::ShaderStage &)	SourceCodeNode.cpp	0x140169350
                                     MaterialX_v1_39_6::ShaderGenerator::emitDependentFunctionCalls	0.153620	0.159033	0.0		0.0	0.0	0.0	0.0	CpuHotPaths.exe	MaterialX_v1_39_6::ShaderGenerator::emitDependentFunctionCalls(class MaterialX_v1_39_6::ShaderNode const &,class MaterialX_v1_39_6::GenContext &,class MaterialX_v1_39_6::ShaderStage &,unsigned int)	ShaderGenerator.cpp	0x14014d700
                                      MaterialX_v1_39_6::ShaderGenerator::emitFunctionCall	0.153620	0.159033	0.0		0.0	0.0	0.0	0.0	CpuHotPaths.exe	MaterialX_v1_39_6::ShaderGenerator::emitFunctionCall(class MaterialX_v1_39_6::ShaderNode const &,class MaterialX_v1_39_6::GenContext &,class MaterialX_v1_39_6::ShaderStage &)	ShaderGenerator.cpp	0x14014d820
                                       MaterialX_v1_39_6::ShaderStage::addFunctionCall	0.153620	0.159033	0.0		0.0	0.0	0.0	0.0	CpuHotPaths.exe	MaterialX_v1_39_6::ShaderStage::addFunctionCall(class MaterialX_v1_39_6::ShaderNode const &,class MaterialX_v1_39_6::GenContext &,bool)	ShaderStage.cpp	0x14013a6d0
                                        MaterialX_v1_39_6::SourceCodeNode::emitFunctionCall	0.153620	0.159033	0.0		0.0	0.0	0.0	0.0	CpuHotPaths.exe	MaterialX_v1_39_6::SourceCodeNode::emitFunctionCall(class MaterialX_v1_39_6::ShaderNode const &,class MaterialX_v1_39_6::GenContext &,class MaterialX_v1_39_6::ShaderStage &)	SourceCodeNode.cpp	0x140169350
                                         MaterialX_v1_39_6::ShaderNodeImpl::emitOutputVariables	0.077910	0.080656	0.0		0.0	0.0	0.0	0.0	CpuHotPaths.exe	MaterialX_v1_39_6::ShaderNodeImpl::emitOutputVariables(class MaterialX_v1_39_6::ShaderNode const &,class MaterialX_v1_39_6::GenContext &,class MaterialX_v1_39_6::ShaderStage &)	ShaderNodeImpl.cpp	0x140168ac0
                                          MaterialX_v1_39_6::ShaderGenerator::emitOutput	0.077910	0.080656	0.0		0.0	0.0	0.0	0.0	CpuHotPaths.exe	MaterialX_v1_39_6::ShaderGenerator::emitOutput(class MaterialX_v1_39_6::ShaderOutput const *,bool,bool,class MaterialX_v1_39_6::GenContext &,class MaterialX_v1_39_6::ShaderStage &)	ShaderGenerator.cpp	0x14014e160
                                           std::basic_string<char,std::char_traits<char>,std::allocator<char> >::{dtor}	0.077910	0.080656	0.0		0.0	0.0	0.0	0.0	CpuHotPaths.exe	std::basic_string<char,std::char_traits<char>,std::allocator<char> >::{dtor}	xstring	0x14014e453
                                            operator delete	0.077910	0.080656	0.0		0.014530	0.014530	0.0	0.0	CpuHotPaths.exe	operator delete(void *,unsigned __int64)	delete_scalar_size.cpp	0x140234ca4
                                         MaterialX_v1_39_6::ShaderGenerator::emitInput	0.075710	0.078378	0.0		0.0	0.0	0.0	0.0	CpuHotPaths.exe	MaterialX_v1_39_6::ShaderGenerator::emitInput(class MaterialX_v1_39_6::ShaderInput const *,class MaterialX_v1_39_6::GenContext &,class MaterialX_v1_39_6::ShaderStage &)	ShaderGenerator.cpp	0x14014de40
                                          MaterialX_v1_39_6::ShaderGenerator::getUpstreamResult	0.075710	0.078378	0.0		0.0	0.0	0.0	0.0	CpuHotPaths.exe	MaterialX_v1_39_6::ShaderGenerator::getUpstreamResult(class MaterialX_v1_39_6::ShaderInput const *,class MaterialX_v1_39_6::GenContext &)	ShaderGenerator.cpp	0x1401500e0
                                           MaterialX_v1_39_6::Syntax::getValue	0.075710	0.078378	0.0		0.0	0.0	0.0	0.0	CpuHotPaths.exe	MaterialX_v1_39_6::Syntax::getValue(class MaterialX_v1_39_6::TypeDesc,class MaterialX_v1_39_6::Value const &,bool)	Syntax.cpp	0x140149200
                                            MaterialX_v1_39_6::ScalarTypeSyntax::getValue	0.075710	0.078378	0.0		0.0	0.0	0.0	0.0	CpuHotPaths.exe	MaterialX_v1_39_6::ScalarTypeSyntax::getValue(class MaterialX_v1_39_6::Value const &,bool)	Syntax.cpp	0x140148c90
                                             MaterialX_v1_39_6::TypedValue<int>::getValueString	0.075710	0.078378	0.0		0.0	0.0	0.0	0.0	CpuHotPaths.exe	MaterialX_v1_39_6::TypedValue<int>::getValueString(void)	Value.cpp	0x1401f6790
                                              MaterialX_v1_39_6::toValueString<int>	0.075710	0.078378	0.0		0.0	0.0	0.0	0.0	CpuHotPaths.exe	MaterialX_v1_39_6::toValueString<int>(int const &)	Value.cpp	0x1401fe0c0
                                               std::basic_stringstream<char,std::char_traits<char>,std::allocator<char> >::{dtor}	0.075710	0.078378	0.0		0.014120	0.014120	0.0	0.0	CpuHotPaths.exe	std::basic_stringstream<char,std::char_traits<char>,std::allocator<char> >::{dtor}	sstream	0x1401fe320
                              MaterialX_v1_39_6::ShaderInput::getConnectedSibling	0.070545	0.073031	0.0		0.013157	0.013157	0.0	0.0	CpuHotPaths.exe	MaterialX_v1_39_6::ShaderInput::getConnectedSibling(void)	ShaderNode.cpp	0x140143360
                             MaterialX_v1_39_6::ShaderGenerator::emitInput	0.152644	0.081374	2.174981		0.0	0.0	0.0	0.0	CpuHotPaths.exe	MaterialX_v1_39_6::ShaderGenerator::emitInput(class MaterialX_v1_39_6::ShaderInput const *,class MaterialX_v1_39_6::GenContext &,class MaterialX_v1_39_6::ShaderStage &)	ShaderGenerator.cpp	0x14014de40
                              MaterialX_v1_39_6::ShaderGenerator::getUpstreamResult	0.152644	0.081374	2.174981		0.0	0.0	0.0	0.0	CpuHotPaths.exe	MaterialX_v1_39_6::ShaderGenerator::getUpstreamResult(class MaterialX_v1_39_6::ShaderInput const *,class MaterialX_v1_39_6::GenContext &)	ShaderGenerator.cpp	0x1401500e0
                               MaterialX_v1_39_6::Syntax::getValue	0.152644	0.081374	2.174981		0.0	0.0	0.0	0.0	CpuHotPaths.exe	MaterialX_v1_39_6::Syntax::getValue(class MaterialX_v1_39_6::TypeDesc,class MaterialX_v1_39_6::Value const &,bool)	Syntax.cpp	0x140149200
                                MaterialX_v1_39_6::ScalarTypeSyntax::getValue	0.078604	0.081374	0.0		0.0	0.0	0.0	0.0	CpuHotPaths.exe	MaterialX_v1_39_6::ScalarTypeSyntax::getValue(class MaterialX_v1_39_6::Value const &,bool)	Syntax.cpp	0x140148c90
                                 MaterialX_v1_39_6::TypedValue<float>::getValueString	0.078604	0.081374	0.0		0.0	0.0	0.0	0.0	CpuHotPaths.exe	MaterialX_v1_39_6::TypedValue<float>::getValueString(void)	Value.cpp	0x1401f6810
                                  MaterialX_v1_39_6::toValueString<float>	0.078604	0.081374	0.0		0.0	0.0	0.0	0.0	CpuHotPaths.exe	MaterialX_v1_39_6::toValueString<float>(float const &)	Value.cpp	0x1401fe7e0
                                   std::basic_ostream<char,struct std::char_traits<char> >::operator<<	0.078604	0.081374	0.0		0.014660	0.014660	0.0	0.0	MSVCP140.dll	std::basic_ostream<char,struct std::char_traits<char> >::operator<<(float)	[Unknown]	0x18004fa10
                                MaterialX_v1_39_6::AggregateTypeSyntax::getValue	0.074041	0.0	2.174981		0.0	0.0	0.0	0.0	CpuHotPaths.exe	MaterialX_v1_39_6::AggregateTypeSyntax::getValue(class MaterialX_v1_39_6::Value const &,bool)	Syntax.cpp	0x140148880
                                 MaterialX_v1_39_6::TypedValue<class MaterialX_v1_39_6::Color3>::getValueString	0.074041	0.0	2.174981		0.0	0.0	0.0	0.0	CpuHotPaths.exe	MaterialX_v1_39_6::TypedValue<class MaterialX_v1_39_6::Color3>::getValueString(void)	Value.cpp	0x1401f6880
                                  MaterialX_v1_39_6::toValueString	0.074041	0.0	2.174981		0.0	0.0	0.0	0.0	CpuHotPaths.exe	MaterialX_v1_39_6::toValueString	Value.cpp	0x1401f68b2
                                   MaterialX_v1_39_6::toValueString<float>	0.074041	0.0	2.174981		0.0	0.0	0.0	0.0	CpuHotPaths.exe	MaterialX_v1_39_6::toValueString<float>(float const &)	Value.cpp	0x1401fe7e0
                                    std::basic_ostream<char,struct std::char_traits<char> >::operator<<	0.074041	0.0	2.174981		0.013809	0.0	0.013809	0.0	MSVCP140.dll	std::basic_ostream<char,struct std::char_traits<char> >::operator<<(float)	[Unknown]	0x18004fa10
                             std::basic_string<char,struct std::char_traits<char>,class std::allocator<char> >::append	0.077525	0.080257	0.0		0.0	0.0	0.0	0.0	CpuHotPaths.exe	std::basic_string<char,struct std::char_traits<char>,class std::allocator<char> >::append(char const * const,unsigned __int64)	xstring	0x1400b0980
                              [Import thunk memmove]	0.077525	0.080257	0.0		0.014458	0.014458	0.0	0.0	CpuHotPaths.exe	[Import thunk memmove]	[Unknown]	0x1402367ca
                  MaterialX_v1_39_6::ShaderGenerator::emitLineBreak	0.076479	0.079174	0.0		0.014263	0.014263	0.0	0.0	CpuHotPaths.exe	MaterialX_v1_39_6::ShaderGenerator::emitLineBreak(class MaterialX_v1_39_6::ShaderStage &)	ShaderGenerator.cpp	0x14014e140
                  std::basic_string<char,std::char_traits<char>,std::allocator<char> >::{ctor}	0.075643	0.078309	0.0		0.014107	0.014107	0.0	0.0	CpuHotPaths.exe	std::basic_string<char,std::char_traits<char>,std::allocator<char> >::{ctor}	xstring	0x1401291db
                 std::basic_string<char,std::char_traits<char>,std::allocator<char> >::{dtor}	0.076665	0.079367	0.0		0.014298	0.014298	0.0	0.0	CpuHotPaths.exe	std::basic_string<char,std::char_traits<char>,std::allocator<char> >::{dtor}	xstring	0x140127bee
              MaterialX_v1_39_6::ShaderGenerator::emitFunctionCalls	1.339467	1.386672	0.0		0.0	0.0	0.0	0.0	CpuHotPaths.exe	MaterialX_v1_39_6::ShaderGenerator::emitFunctionCalls(class MaterialX_v1_39_6::ShaderGraph const &,class MaterialX_v1_39_6::GenContext &,class MaterialX_v1_39_6::ShaderStage &,unsigned int)	ShaderGenerator.cpp	0x14014d890
               MaterialX_v1_39_6::ShaderGenerator::emitFunctionCall	1.339467	1.386672	0.0		0.0	0.0	0.0	0.0	CpuHotPaths.exe	MaterialX_v1_39_6::ShaderGenerator::emitFunctionCall(class MaterialX_v1_39_6::ShaderNode const &,class MaterialX_v1_39_6::GenContext &,class MaterialX_v1_39_6::ShaderStage &)	ShaderGenerator.cpp	0x14014d820
                MaterialX_v1_39_6::ShaderStage::addFunctionCall	1.339467	1.386672	0.0		0.0	0.0	0.0	0.0	CpuHotPaths.exe	MaterialX_v1_39_6::ShaderStage::addFunctionCall(class MaterialX_v1_39_6::ShaderNode const &,class MaterialX_v1_39_6::GenContext &,bool)	ShaderStage.cpp	0x14013a6d0
                 MaterialX_v1_39_6::SourceCodeNode::emitFunctionCall	1.339467	1.386672	0.0		0.0	0.0	0.0	0.0	CpuHotPaths.exe	MaterialX_v1_39_6::SourceCodeNode::emitFunctionCall(class MaterialX_v1_39_6::ShaderNode const &,class MaterialX_v1_39_6::GenContext &,class MaterialX_v1_39_6::ShaderStage &)	SourceCodeNode.cpp	0x140169350
                  MaterialX_v1_39_6::Syntax::getValue	0.452886	0.468847	0.0		0.0	0.0	0.0	0.0	CpuHotPaths.exe	MaterialX_v1_39_6::Syntax::getValue(class MaterialX_v1_39_6::TypeDesc,class MaterialX_v1_39_6::Value const &,bool)	Syntax.cpp	0x140149200
                   MaterialX_v1_39_6::ScalarTypeSyntax::getValue	0.375927	0.389176	0.0		0.0	0.0	0.0	0.0	CpuHotPaths.exe	MaterialX_v1_39_6::ScalarTypeSyntax::getValue(class MaterialX_v1_39_6::Value const &,bool)	Syntax.cpp	0x140148c90
                    MaterialX_v1_39_6::TypedValue<float>::getValueString	0.375927	0.389176	0.0		0.0	0.0	0.0	0.0	CpuHotPaths.exe	MaterialX_v1_39_6::TypedValue<float>::getValueString(void)	Value.cpp	0x1401f6810
                     MaterialX_v1_39_6::toValueString<float>	0.375927	0.389176	0.0		0.0	0.0	0.0	0.0	CpuHotPaths.exe	MaterialX_v1_39_6::toValueString<float>(float const &)	Value.cpp	0x1401fe7e0
                      std::basic_ostream<char,struct std::char_traits<char> >::operator<<	0.300411	0.310998	0.0		0.056026	0.056026	0.0	0.0	MSVCP140.dll	std::basic_ostream<char,struct std::char_traits<char> >::operator<<(float)	[Unknown]	0x18004fa10
                      std::basic_stringstream<char,struct std::char_traits<char>,class std::allocator<char> >::str	0.075517	0.078178	0.0		0.014084	0.014084	0.0	0.0	CpuHotPaths.exe	std::basic_stringstream<char,struct std::char_traits<char>,class std::allocator<char> >::str(void)	sstream	0x140130300
                   MaterialX_v1_39_6::AggregateTypeSyntax::getValue	0.076959	0.079671	0.0		0.0	0.0	0.0	0.0	CpuHotPaths.exe	MaterialX_v1_39_6::AggregateTypeSyntax::getValue(class MaterialX_v1_39_6::Value const &,bool)	Syntax.cpp	0x140148880
                    MaterialX_v1_39_6::TypedValue<class MaterialX_v1_39_6::Color3>::getValueString	0.076959	0.079671	0.0		0.0	0.0	0.0	0.0	CpuHotPaths.exe	MaterialX_v1_39_6::TypedValue<class MaterialX_v1_39_6::Color3>::getValueString(void)	Value.cpp	0x1401f6880
                     MaterialX_v1_39_6::toValueString	0.076959	0.079671	0.0		0.0	0.0	0.0	0.0	CpuHotPaths.exe	MaterialX_v1_39_6::toValueString	Value.cpp	0x1401f68b2
                      MaterialX_v1_39_6::toValueString<float>	0.076959	0.079671	0.0		0.0	0.0	0.0	0.0	CpuHotPaths.exe	MaterialX_v1_39_6::toValueString<float>(float const &)	Value.cpp	0x1401fe7e0
                       std::basic_stringstream<char,std::char_traits<char>,std::allocator<char> >::{ctor}	0.076959	0.079671	0.0		0.014353	0.014353	0.0	0.0	CpuHotPaths.exe	std::basic_stringstream<char,std::char_traits<char>,std::allocator<char> >::{ctor}	sstream	0x1401fe83c
                  MaterialX_v1_39_6::ShaderGenerator::emitInput	0.227193	0.235199	0.0		0.0	0.0	0.0	0.0	CpuHotPaths.exe	MaterialX_v1_39_6::ShaderGenerator::emitInput(class MaterialX_v1_39_6::ShaderInput const *,class MaterialX_v1_39_6::GenContext &,class MaterialX_v1_39_6::ShaderStage &)	ShaderGenerator.cpp	0x14014de40
                   MaterialX_v1_39_6::ShaderGenerator::getUpstreamResult	0.227193	0.235199	0.0		0.0	0.0	0.0	0.0	CpuHotPaths.exe	MaterialX_v1_39_6::ShaderGenerator::getUpstreamResult(class MaterialX_v1_39_6::ShaderInput const *,class MaterialX_v1_39_6::GenContext &)	ShaderGenerator.cpp	0x1401500e0
                    MaterialX_v1_39_6::Syntax::getValue	0.227193	0.235199	0.0		0.0	0.0	0.0	0.0	CpuHotPaths.exe	MaterialX_v1_39_6::Syntax::getValue(class MaterialX_v1_39_6::TypeDesc,class MaterialX_v1_39_6::Value const &,bool)	Syntax.cpp	0x140149200
                     MaterialX_v1_39_6::AggregateTypeSyntax::getValue	0.227193	0.235199	0.0		0.0	0.0	0.0	0.0	CpuHotPaths.exe	MaterialX_v1_39_6::AggregateTypeSyntax::getValue(class MaterialX_v1_39_6::Value const &,bool)	Syntax.cpp	0x140148880
                      MaterialX_v1_39_6::TypedValue<class MaterialX_v1_39_6::Color3>::getValueString	0.227193	0.235199	0.0		0.0	0.0	0.0	0.0	CpuHotPaths.exe	MaterialX_v1_39_6::TypedValue<class MaterialX_v1_39_6::Color3>::getValueString(void)	Value.cpp	0x1401f6880
                       MaterialX_v1_39_6::toValueString	0.148853	0.154099	0.0		0.0	0.0	0.0	0.0	CpuHotPaths.exe	MaterialX_v1_39_6::toValueString	Value.cpp	0x1401f68b2
                        MaterialX_v1_39_6::toValueString<float>	0.148853	0.154099	0.0		0.0	0.0	0.0	0.0	CpuHotPaths.exe	MaterialX_v1_39_6::toValueString<float>(float const &)	Value.cpp	0x1401fe7e0
                         std::basic_ostream<char,struct std::char_traits<char> >::operator<<	0.148853	0.154099	0.0		0.014054	0.014054	0.0	0.0	MSVCP140.dll	std::basic_ostream<char,struct std::char_traits<char> >::operator<<(float)	[Unknown]	0x18004fa10
                          operator new	0.073498	0.076088	0.0		0.0	0.0	0.0	0.0	CpuHotPaths.exe	operator new(unsigned __int64)	new_scalar.cpp	0x140234c58
                           malloc_base	0.073498	0.076088	0.0		0.013707	0.013707	0.0	0.0	ucrtbase.dll	malloc_base	[Unknown]	0x1800050a0
                       _security_check_cookie	0.078340	0.081101	0.0		0.014610	0.014610	0.0	0.0	CpuHotPaths.exe	_security_check_cookie	amdsecgs.asm	0x140235330
                  std::basic_string<char,struct std::char_traits<char>,class std::allocator<char> >::find	0.151665	0.157010	0.0		0.028285	0.028285	0.0	0.0	CpuHotPaths.exe	std::basic_string<char,struct std::char_traits<char>,class std::allocator<char> >::find(class std::basic_string<char,struct std::char_traits<char>,class std::allocator<char> > const &,unsigned __int64)	xstring	0x14016afe0
                  MaterialX_v1_39_6::ShaderNode::getInput	0.122393	0.126706	0.0		0.0	0.0	0.0	0.0	CpuHotPaths.exe	MaterialX_v1_39_6::ShaderNode::getInput(class std::basic_string<char,struct std::char_traits<char>,class std::allocator<char> > const &)	ShaderNode.cpp	0x1401435e0
                   std::_Hash<std::_Umap_traits<std::basic_string<char,std::char_traits<char>,std::allocator<char> >,std::shared_ptr<MaterialX_v1_39_6::ShaderInput>,std::_Uhash_compare<std::basic_string<char,std::char_traits<char>,std::allocator<char> >,std::hash<std::basic_string<char,std::char_traits<char>,std::allocator<char> > >,std::equal_to<std::basic_string<char,std::char_traits<char>,std::allocator<char> > > >,std::allocator<std::pair<std::basic_string<char,std::char_traits<char>,std::allocator<char> > const ,std::shared_ptr<MaterialX_v1_39_6::ShaderInput> > >,0> >::find	0.122393	0.126706	0.0		0.022826	0.022826	0.0	0.0	CpuHotPaths.exe	std::_Hash<std::_Umap_traits<std::basic_string<char,std::char_traits<char>,std::allocator<char> >,std::shared_ptr<MaterialX_v1_39_6::ShaderInput>,std::_Uhash_compare<std::basic_string<char,std::char_traits<char>,std::allocator<char> >,std::hash<std::basic_string<char,std::char_traits<char>,std::allocator<char> > >,std::equal_to<std::basic_string<char,std::char_traits<char>,std::allocator<char> > > >,std::allocator<std::pair<std::basic_string<char,std::char_traits<char>,std::allocator<char> > const ,std::shared_ptr<MaterialX_v1_39_6::ShaderInput> > >,0> >::find	xhash	0x1401435ea
                  std::vector<std::basic_string<char,std::char_traits<char>,std::allocator<char> >,std::allocator<std::basic_string<char,std::char_traits<char>,std::allocator<char> > > >::push_back	0.080362	0.083194	0.0		0.0	0.0	0.0	0.0	CpuHotPaths.exe	std::vector<std::basic_string<char,std::char_traits<char>,std::allocator<char> >,std::allocator<std::basic_string<char,std::char_traits<char>,std::allocator<char> > > >::push_back	vector	0x14016a2f9
                   operator new	0.080362	0.083194	0.0		0.0	0.0	0.0	0.0	CpuHotPaths.exe	operator new(unsigned __int64)	new_scalar.cpp	0x140234c58
                    malloc_base	0.080362	0.083194	0.0		0.014987	0.014987	0.0	0.0	ucrtbase.dll	malloc_base	[Unknown]	0x1800050a0
                  std::basic_string<char,struct std::char_traits<char>,class std::allocator<char> >::append	0.076952	0.079664	0.0		0.014352	0.014352	0.0	0.0	CpuHotPaths.exe	std::basic_string<char,struct std::char_traits<char>,class std::allocator<char> >::append(char const * const,unsigned __int64)	xstring	0x1400b0980
                  MaterialX_v1_39_6::ShaderGenerator::getUpstreamResult	0.076655	0.079356	0.0		0.0	0.0	0.0	0.0	CpuHotPaths.exe	MaterialX_v1_39_6::ShaderGenerator::getUpstreamResult(class MaterialX_v1_39_6::ShaderInput const *,class MaterialX_v1_39_6::GenContext &)	ShaderGenerator.cpp	0x1401500e0
                   std::basic_string<char,struct std::char_traits<char>,class std::allocator<char> >::basic_string<char,struct std::char_traits<char>,class std::allocator<char> >	0.076655	0.079356	0.0		0.014296	0.014296	0.0	0.0	CpuHotPaths.exe	std::basic_string<char,struct std::char_traits<char>,class std::allocator<char> >::basic_string<char,struct std::char_traits<char>,class std::allocator<char> >(class std::basic_string<char,struct std::char_traits<char>,class std::allocator<char> > const &)	xstring	0x1400aa8e0
                  std::basic_string<char,std::char_traits<char>,std::allocator<char> >::find	0.076008	0.078687	0.0		0.014175	0.014175	0.0	0.0	CpuHotPaths.exe	std::basic_string<char,std::char_traits<char>,std::allocator<char> >::find	xstring	0x140169598
                  std::_Tree<std::_Tset_traits<std::basic_string<char,std::char_traits<char>,std::allocator<char> >,std::less<std::basic_string<char,std::char_traits<char>,std::allocator<char> > >,std::allocator<std::basic_string<char,std::char_traits<char>,std::allocator<char> > >,0> >::insert	0.075352	0.078007	0.0		0.0	0.0	0.0	0.0	CpuHotPaths.exe	std::_Tree<std::_Tset_traits<std::basic_string<char,std::char_traits<char>,std::allocator<char> >,std::less<std::basic_string<char,std::char_traits<char>,std::allocator<char> > >,std::allocator<std::basic_string<char,std::char_traits<char>,std::allocator<char> > >,0> >::insert	xtree	0x140169f1a
                   operator new	0.075352	0.078007	0.0		0.0	0.0	0.0	0.0	CpuHotPaths.exe	operator new(unsigned __int64)	new_scalar.cpp	0x140234c58
                    malloc_base	0.075352	0.078007	0.0		0.014053	0.014053	0.0	0.0	ucrtbase.dll	malloc_base	[Unknown]	0x1800050a0
              MaterialX_v1_39_6::ShaderGenerator::emitFunctionDefinitionParameter	0.079087	0.081874	0.0		0.0	0.0	0.0	0.0	CpuHotPaths.exe	MaterialX_v1_39_6::ShaderGenerator::emitFunctionDefinitionParameter(class MaterialX_v1_39_6::ShaderPort const *,bool,class MaterialX_v1_39_6::GenContext &,class MaterialX_v1_39_6::ShaderStage &)	ShaderGenerator.cpp	0x14014d940
               std::basic_string<char,struct std::char_traits<char>,class std::allocator<char> >::append	0.079087	0.081874	0.0		0.014750	0.014750	0.0	0.0	CpuHotPaths.exe	std::basic_string<char,struct std::char_traits<char>,class std::allocator<char> >::append(char const * const,unsigned __int64)	xstring	0x1400b0980
           MaterialX_v1_39_6::GlslShaderGenerator::emitSpecularEnvironment	6.046840	5.783791	13.510981		0.0	0.0	0.0	0.0	CpuHotPaths.exe	MaterialX_v1_39_6::GlslShaderGenerator::emitSpecularEnvironment(class MaterialX_v1_39_6::GenContext &,class MaterialX_v1_39_6::ShaderStage &)	GlslShaderGenerator.cpp	0x1400be0b0
            MaterialX_v1_39_6::ShaderGenerator::emitLibraryInclude	6.046840	5.783791	13.510981		0.0	0.0	0.0	0.0	CpuHotPaths.exe	MaterialX_v1_39_6::ShaderGenerator::emitLibraryInclude(class MaterialX_v1_39_6::FilePath const &,class MaterialX_v1_39_6::GenContext &,class MaterialX_v1_39_6::ShaderStage &)	ShaderGenerator.cpp	0x14014def0
             MaterialX_v1_39_6::ShaderStage::addInclude	5.676966	5.400882	13.510981		0.0	0.0	0.0	0.0	CpuHotPaths.exe	MaterialX_v1_39_6::ShaderStage::addInclude(class MaterialX_v1_39_6::FilePath const &,class MaterialX_v1_39_6::FilePath const &,class MaterialX_v1_39_6::GenContext &)	ShaderStage.cpp	0x14013a9e0
              MaterialX_v1_39_6::ShaderStage::addBlock	4.162467	3.911261	11.290563		0.0	0.0	0.0	0.0	CpuHotPaths.exe	MaterialX_v1_39_6::ShaderStage::addBlock(class std::basic_string<char,struct std::char_traits<char>,class std::allocator<char> > const &,class MaterialX_v1_39_6::FilePath const &,class MaterialX_v1_39_6::GenContext &)	ShaderStage.cpp	0x140139d50
               MaterialX_v1_39_6::ShaderStage::addInclude	4.088303	3.834483	11.290563		0.0	0.0	0.0	0.0	CpuHotPaths.exe	MaterialX_v1_39_6::ShaderStage::addInclude(class MaterialX_v1_39_6::FilePath const &,class MaterialX_v1_39_6::FilePath const &,class MaterialX_v1_39_6::GenContext &)	ShaderStage.cpp	0x14013a9e0
                MaterialX_v1_39_6::ShaderStage::addBlock	2.340813	2.105736	9.011242		0.0	0.0	0.0	0.0	CpuHotPaths.exe	MaterialX_v1_39_6::ShaderStage::addBlock(class std::basic_string<char,struct std::char_traits<char>,class std::allocator<char> > const &,class MaterialX_v1_39_6::FilePath const &,class MaterialX_v1_39_6::GenContext &)	ShaderStage.cpp	0x140139d50
                 MaterialX_v1_39_6::ShaderStage::addInclude	1.289885	1.178424	4.452648		0.0	0.0	0.0	0.0	CpuHotPaths.exe	MaterialX_v1_39_6::ShaderStage::addInclude(class MaterialX_v1_39_6::FilePath const &,class MaterialX_v1_39_6::FilePath const &,class MaterialX_v1_39_6::GenContext &)	ShaderStage.cpp	0x14013a9e0
                  MaterialX_v1_39_6::readFile	0.834131	0.706609	4.452648		0.0	0.0	0.0	0.0	CpuHotPaths.exe	MaterialX_v1_39_6::readFile(class MaterialX_v1_39_6::FilePath const &)	Util.cpp	0x1400d5610
                   std::basic_ifstream<char,std::char_traits<char> >::{ctor}	0.607509	0.472000	4.452648		0.113300	0.085031	0.028269	0.0	CpuHotPaths.exe	std::basic_ifstream<char,std::char_traits<char> >::{ctor}	fstream	0x1400d565f
                   std::basic_ostream<char,struct std::char_traits<char> >::operator<<	0.226622	0.234608	0.0		0.042265	0.042265	0.0	0.0	MSVCP140.dll	std::basic_ostream<char,struct std::char_traits<char> >::operator<<(class std::basic_streambuf<char,struct std::char_traits<char> > * __ptr64)	[Unknown]	0x180050140
                  MaterialX_v1_39_6::GenContext::resolveSourceFile	0.381025	0.394453	0.0		0.0	0.0	0.0	0.0	CpuHotPaths.exe	MaterialX_v1_39_6::GenContext::resolveSourceFile(class MaterialX_v1_39_6::FilePath const &,class MaterialX_v1_39_6::FilePath const &)	GenContext.h	0x14013c820
                   MaterialX_v1_39_6::FileSearchPath::find	0.381025	0.394453	0.0		0.0	0.0	0.0	0.0	CpuHotPaths.exe	MaterialX_v1_39_6::FileSearchPath::find	File.h	0x14013ca24
                    MaterialX_v1_39_6::FilePath::exists	0.381025	0.394453	0.0		0.0	0.0	0.0	0.0	CpuHotPaths.exe	MaterialX_v1_39_6::FilePath::exists(void)	File.cpp	0x1400ccb40
                     GetFileAttributesA	0.381025	0.394453	0.0		0.071061	0.071061	0.0	0.0	KERNELBASE.dll	GetFileAttributesA	[Unknown]	0x18006d270
                  MaterialX_v1_39_6::ShaderStage::addBlock	0.074729	0.077363	0.0		0.0	0.0	0.0	0.0	CpuHotPaths.exe	MaterialX_v1_39_6::ShaderStage::addBlock(class std::basic_string<char,struct std::char_traits<char>,class std::allocator<char> > const &,class MaterialX_v1_39_6::FilePath const &,class MaterialX_v1_39_6::GenContext &)	ShaderStage.cpp	0x140139d50
                   std::getline	0.074729	0.077363	0.0		0.013937	0.013937	0.0	0.0	CpuHotPaths.exe	std::getline	string	0x140139e58
                 std::getline	0.906421	0.777713	4.558594		0.169047	0.140105	0.028942	0.0	CpuHotPaths.exe	std::getline	string	0x140139e58
                 std::basic_string<char,std::char_traits<char>,std::allocator<char> >::find	0.073890	0.076494	0.0		0.013780	0.013780	0.0	0.0	CpuHotPaths.exe	std::basic_string<char,std::char_traits<char>,std::allocator<char> >::find	xstring	0x140139ea0
                 std::basic_stringstream<char,std::char_traits<char>,std::allocator<char> >::{ctor}	0.070616	0.073105	0.0		0.0	0.0	0.0	0.0	CpuHotPaths.exe	std::basic_stringstream<char,std::char_traits<char>,std::allocator<char> >::{ctor}	sstream	0x140139dbc
                  operator new	0.070616	0.073105	0.0		0.0	0.0	0.0	0.0	CpuHotPaths.exe	operator new(unsigned __int64)	new_scalar.cpp	0x140234c58
                   malloc_base	0.070616	0.073105	0.0		0.013170	0.013170	0.0	0.0	ucrtbase.dll	malloc_base	[Unknown]	0x1800050a0
                MaterialX_v1_39_6::readFile	1.747490	1.728748	2.279321		0.0	0.0	0.0	0.0	CpuHotPaths.exe	MaterialX_v1_39_6::readFile(class MaterialX_v1_39_6::FilePath const &)	Util.cpp	0x1400d5610
                 std::basic_ifstream<char,std::char_traits<char> >::{ctor}	1.060290	1.017330	2.279321		0.197743	0.183272	0.014471	0.0	CpuHotPaths.exe	std::basic_ifstream<char,std::char_traits<char> >::{ctor}	fstream	0x1400d565f
                 std::basic_ostream<char,struct std::char_traits<char> >::operator<<	0.614002	0.635641	0.0		0.114511	0.114511	0.0	0.0	MSVCP140.dll	std::basic_ostream<char,struct std::char_traits<char> >::operator<<(class std::basic_streambuf<char,struct std::char_traits<char> > * __ptr64)	[Unknown]	0x180050140
                 std::basic_ifstream<char,std::char_traits<char> >::close	0.073198	0.075777	0.0		0.013651	0.013651	0.0	0.0	CpuHotPaths.exe	std::basic_ifstream<char,std::char_traits<char> >::close	fstream	0x1400d57b9
               MaterialX_v1_39_6::ShaderStage::addLine	0.074164	0.076778	0.0		0.0	0.0	0.0	0.0	CpuHotPaths.exe	MaterialX_v1_39_6::ShaderStage::addLine	ShaderStage.cpp	0x140139f44
                MaterialX_v1_39_6::ShaderStage::endLine	0.074164	0.076778	0.0		0.0	0.0	0.0	0.0	CpuHotPaths.exe	MaterialX_v1_39_6::ShaderStage::endLine	ShaderStage.cpp	0x140139f80
                 MaterialX_v1_39_6::ShaderStage::newLine	0.074164	0.076778	0.0		0.0	0.0	0.0	0.0	CpuHotPaths.exe	MaterialX_v1_39_6::ShaderStage::newLine	ShaderStage.cpp	0x140139f80
                  std::basic_string<char,std::char_traits<char>,std::allocator<char> >::operator+=	0.074164	0.076778	0.0		0.013832	0.013832	0.0	0.0	CpuHotPaths.exe	std::basic_string<char,std::char_traits<char>,std::allocator<char> >::operator+=	xstring	0x140139f8a
              MaterialX_v1_39_6::readFile	1.215038	1.179606	2.220418		0.0	0.0	0.0	0.0	CpuHotPaths.exe	MaterialX_v1_39_6::readFile(class MaterialX_v1_39_6::FilePath const &)	Util.cpp	0x1400d5610
               std::basic_ifstream<char,std::char_traits<char> >::{ctor}	1.141349	1.103321	2.220418		0.212860	0.198763	0.014097	0.0	CpuHotPaths.exe	std::basic_ifstream<char,std::char_traits<char> >::{ctor}	fstream	0x1400d565f
               std::basic_ostream<char,struct std::char_traits<char> >::operator<<	0.073688	0.076285	0.0		0.013743	0.013743	0.0	0.0	MSVCP140.dll	std::basic_ostream<char,struct std::char_traits<char> >::operator<<(class std::basic_streambuf<char,struct std::char_traits<char> > * __ptr64)	[Unknown]	0x180050140
              MaterialX_v1_39_6::GenContext::resolveSourceFile	0.224317	0.232222	0.0		0.0	0.0	0.0	0.0	CpuHotPaths.exe	MaterialX_v1_39_6::GenContext::resolveSourceFile(class MaterialX_v1_39_6::FilePath const &,class MaterialX_v1_39_6::FilePath const &)	GenContext.h	0x14013c820
               MaterialX_v1_39_6::FileSearchPath::find	0.224317	0.232222	0.0		0.0	0.0	0.0	0.0	CpuHotPaths.exe	MaterialX_v1_39_6::FileSearchPath::find	File.h	0x14013ca24
                MaterialX_v1_39_6::FilePath::exists	0.224317	0.232222	0.0		0.0	0.0	0.0	0.0	CpuHotPaths.exe	MaterialX_v1_39_6::FilePath::exists(void)	File.cpp	0x1400ccb40
                 GetFileAttributesA	0.224317	0.232222	0.0		0.041835	0.041835	0.0	0.0	KERNELBASE.dll	GetFileAttributesA	[Unknown]	0x18006d270
              MaterialX_v1_39_6::FilePath::{dtor}	0.075144	0.077792	0.0		0.0	0.0	0.0	0.0	CpuHotPaths.exe	MaterialX_v1_39_6::FilePath::{dtor}	File.h	0x14013aba2
               std::vector<std::basic_string<char,std::char_traits<char>,std::allocator<char> >,std::allocator<std::basic_string<char,std::char_traits<char>,std::allocator<char> > > >::{dtor}	0.075144	0.077792	0.0		0.014014	0.014014	0.0	0.0	CpuHotPaths.exe	std::vector<std::basic_string<char,std::char_traits<char>,std::allocator<char> >,std::allocator<std::basic_string<char,std::char_traits<char>,std::allocator<char> > > >::{dtor}	vector	0x14013aba2
             MaterialX_v1_39_6::GenContext::resolveSourceFile	0.369874	0.382909	0.0		0.0	0.0	0.0	0.0	CpuHotPaths.exe	MaterialX_v1_39_6::GenContext::resolveSourceFile(class MaterialX_v1_39_6::FilePath const &,class MaterialX_v1_39_6::FilePath const &)	GenContext.h	0x14013c820
              MaterialX_v1_39_6::FileSearchPath::find	0.298367	0.308882	0.0		0.0	0.0	0.0	0.0	CpuHotPaths.exe	MaterialX_v1_39_6::FileSearchPath::find	File.h	0x14013ca24
               MaterialX_v1_39_6::FilePath::exists	0.222291	0.230125	0.0		0.0	0.0	0.0	0.0	CpuHotPaths.exe	MaterialX_v1_39_6::FilePath::exists(void)	File.cpp	0x1400ccb40
                GetFileAttributesA	0.222291	0.230125	0.0		0.041457	0.041457	0.0	0.0	KERNELBASE.dll	GetFileAttributesA	[Unknown]	0x18006d270
               std::vector<std::basic_string<char,std::char_traits<char>,std::allocator<char> >,std::allocator<std::basic_string<char,std::char_traits<char>,std::allocator<char> > > >::{ctor}	0.076076	0.078757	0.0		0.0	0.0	0.0	0.0	CpuHotPaths.exe	std::vector<std::basic_string<char,std::char_traits<char>,std::allocator<char> >,std::allocator<std::basic_string<char,std::char_traits<char>,std::allocator<char> > > >::{ctor}	vector	0x14013cb36
                operator new	0.076076	0.078757	0.0		0.0	0.0	0.0	0.0	CpuHotPaths.exe	operator new(unsigned __int64)	new_scalar.cpp	0x140234c58
                 malloc_base	0.076076	0.078757	0.0		0.014188	0.014188	0.0	0.0	ucrtbase.dll	malloc_base	[Unknown]	0x1800050a0
              MaterialX_v1_39_6::FilePath::getNormalized	0.071507	0.074027	0.0		0.0	0.0	0.0	0.0	CpuHotPaths.exe	MaterialX_v1_39_6::FilePath::getNormalized(void)	File.cpp	0x1400cd880
               std::vector<std::basic_string<char,std::char_traits<char>,std::allocator<char> >,std::allocator<std::basic_string<char,std::char_traits<char>,std::allocator<char> > > >::push_back	0.071507	0.074027	0.0		0.0	0.0	0.0	0.0	CpuHotPaths.exe	std::vector<std::basic_string<char,std::char_traits<char>,std::allocator<char> >,std::allocator<std::basic_string<char,std::char_traits<char>,std::allocator<char> > > >::push_back	vector	0x1400cda89
                operator new	0.071507	0.074027	0.0		0.0	0.0	0.0	0.0	CpuHotPaths.exe	operator new(unsigned __int64)	new_scalar.cpp	0x140234c58
                 malloc_base	0.071507	0.074027	0.0		0.013336	0.013336	0.0	0.0	ucrtbase.dll	malloc_base	[Unknown]	0x1800050a0
           MaterialX_v1_39_6::ShaderGenerator::emitLibraryInclude	2.475711	2.484876	2.215630		0.0	0.0	0.0	0.0	CpuHotPaths.exe	MaterialX_v1_39_6::ShaderGenerator::emitLibraryInclude(class MaterialX_v1_39_6::FilePath const &,class MaterialX_v1_39_6::GenContext &,class MaterialX_v1_39_6::ShaderStage &)	ShaderGenerator.cpp	0x14014def0
            MaterialX_v1_39_6::ShaderStage::addInclude	1.947163	1.937701	2.215630		0.0	0.0	0.0	0.0	CpuHotPaths.exe	MaterialX_v1_39_6::ShaderStage::addInclude(class MaterialX_v1_39_6::FilePath const &,class MaterialX_v1_39_6::FilePath const &,class MaterialX_v1_39_6::GenContext &)	ShaderStage.cpp	0x14013a9e0
             MaterialX_v1_39_6::readFile	1.648589	1.628605	2.215630		0.0	0.0	0.0	0.0	CpuHotPaths.exe	MaterialX_v1_39_6::readFile(class MaterialX_v1_39_6::FilePath const &)	Util.cpp	0x1400d5610
              std::basic_ifstream<char,std::char_traits<char> >::{ctor}	1.197358	1.161472	2.215630		0.223306	0.209239	0.014067	0.0	CpuHotPaths.exe	std::basic_ifstream<char,std::char_traits<char> >::{ctor}	fstream	0x1400d565f
              std::basic_ostream<char,struct std::char_traits<char> >::operator<<	0.227683	0.235707	0.0		0.042463	0.042463	0.0	0.0	MSVCP140.dll	std::basic_ostream<char,struct std::char_traits<char> >::operator<<(class std::basic_streambuf<char,struct std::char_traits<char> > * __ptr64)	[Unknown]	0x180050140
              std::basic_ifstream<char,std::char_traits<char> >::close	0.223548	0.231426	0.0		0.041691	0.041691	0.0	0.0	CpuHotPaths.exe	std::basic_ifstream<char,std::char_traits<char> >::close	fstream	0x1400d57b9
             MaterialX_v1_39_6::GenContext::resolveSourceFile	0.222946	0.230803	0.0		0.0	0.0	0.0	0.0	CpuHotPaths.exe	MaterialX_v1_39_6::GenContext::resolveSourceFile(class MaterialX_v1_39_6::FilePath const &,class MaterialX_v1_39_6::FilePath const &)	GenContext.h	0x14013c820
              MaterialX_v1_39_6::FileSearchPath::find	0.222946	0.230803	0.0		0.0	0.0	0.0	0.0	CpuHotPaths.exe	MaterialX_v1_39_6::FileSearchPath::find	File.h	0x14013ca24
               MaterialX_v1_39_6::FilePath::exists	0.222946	0.230803	0.0		0.0	0.0	0.0	0.0	CpuHotPaths.exe	MaterialX_v1_39_6::FilePath::exists(void)	File.cpp	0x1400ccb40
                GetFileAttributesA	0.222946	0.230803	0.0		0.041579	0.041579	0.0	0.0	KERNELBASE.dll	GetFileAttributesA	[Unknown]	0x18006d270
             MaterialX_v1_39_6::FilePath::operator class std::basic_string<char,struct std::char_traits<char>,class std::allocator<char> >	0.075628	0.078293	0.0		0.0	0.0	0.0	0.0	CpuHotPaths.exe	MaterialX_v1_39_6::FilePath::operator class std::basic_string<char,struct std::char_traits<char>,class std::allocator<char> >	File.h	0x14013acfa
              MaterialX_v1_39_6::FilePath::asString	0.075628	0.078293	0.0		0.0	0.0	0.0	0.0	CpuHotPaths.exe	MaterialX_v1_39_6::FilePath::asString(enum MaterialX_v1_39_6::FilePath::Format)	File.cpp	0x1400cb990
               std::basic_string<char,std::char_traits<char>,std::allocator<char> >::operator+=	0.075628	0.078293	0.0		0.014105	0.014105	0.0	0.0	CpuHotPaths.exe	std::basic_string<char,std::char_traits<char>,std::allocator<char> >::operator+=	xstring	0x1400cba94
            MaterialX_v1_39_6::GenContext::resolveSourceFile	0.528548	0.547175	0.0		0.0	0.0	0.0	0.0	CpuHotPaths.exe	MaterialX_v1_39_6::GenContext::resolveSourceFile(class MaterialX_v1_39_6::FilePath const &,class MaterialX_v1_39_6::FilePath const &)	GenContext.h	0x14013c820
             MaterialX_v1_39_6::FileSearchPath::find	0.528548	0.547175	0.0		0.0	0.0	0.0	0.0	CpuHotPaths.exe	MaterialX_v1_39_6::FileSearchPath::find	File.h	0x14013ca24
              MaterialX_v1_39_6::FilePath::exists	0.528548	0.547175	0.0		0.0	0.0	0.0	0.0	CpuHotPaths.exe	MaterialX_v1_39_6::FilePath::exists(void)	File.cpp	0x1400ccb40
               GetFileAttributesA	0.528548	0.547175	0.0		0.098574	0.098574	0.0	0.0	KERNELBASE.dll	GetFileAttributesA	[Unknown]	0x18006d270
           MaterialX_v1_39_6::GlslShaderGenerator::emitTransmissionRender	2.267724	2.272772	2.124489		0.0	0.0	0.0	0.0	CpuHotPaths.exe	MaterialX_v1_39_6::GlslShaderGenerator::emitTransmissionRender(class MaterialX_v1_39_6::GenContext &,class MaterialX_v1_39_6::ShaderStage &)	GlslShaderGenerator.cpp	0x1400be260
            MaterialX_v1_39_6::ShaderGenerator::emitLibraryInclude	2.116127	2.115832	2.124489		0.0	0.0	0.0	0.0	CpuHotPaths.exe	MaterialX_v1_39_6::ShaderGenerator::emitLibraryInclude(class MaterialX_v1_39_6::FilePath const &,class MaterialX_v1_39_6::GenContext &,class MaterialX_v1_39_6::ShaderStage &)	ShaderGenerator.cpp	0x14014def0
             MaterialX_v1_39_6::ShaderStage::addInclude	1.890440	1.882192	2.124489		0.0	0.0	0.0	0.0	CpuHotPaths.exe	MaterialX_v1_39_6::ShaderStage::addInclude(class MaterialX_v1_39_6::FilePath const &,class MaterialX_v1_39_6::FilePath const &,class MaterialX_v1_39_6::GenContext &)	ShaderStage.cpp	0x14013a9e0
              MaterialX_v1_39_6::readFile	1.213657	1.181558	2.124489		0.0	0.0	0.0	0.0	CpuHotPaths.exe	MaterialX_v1_39_6::readFile(class MaterialX_v1_39_6::FilePath const &)	Util.cpp	0x1400d5610
               std::basic_ifstream<char,std::char_traits<char> >::{ctor}	0.763626	0.715667	2.124489		0.142416	0.128928	0.013488	0.0	CpuHotPaths.exe	std::basic_ifstream<char,std::char_traits<char> >::{ctor}	fstream	0x1400d565f
               std::basic_ostream<char,struct std::char_traits<char> >::operator<<	0.377428	0.390729	0.0		0.070390	0.070390	0.0	0.0	MSVCP140.dll	std::basic_ostream<char,struct std::char_traits<char> >::operator<<(class std::basic_streambuf<char,struct std::char_traits<char> > * __ptr64)	[Unknown]	0x180050140
               std::basic_ifstream<char,std::char_traits<char> >::close	0.072603	0.075161	0.0		0.013540	0.013540	0.0	0.0	CpuHotPaths.exe	std::basic_ifstream<char,std::char_traits<char> >::close	fstream	0x1400d57b9
              MaterialX_v1_39_6::GenContext::resolveSourceFile	0.377631	0.390939	0.0		0.0	0.0	0.0	0.0	CpuHotPaths.exe	MaterialX_v1_39_6::GenContext::resolveSourceFile(class MaterialX_v1_39_6::FilePath const &,class MaterialX_v1_39_6::FilePath const &)	GenContext.h	0x14013c820
               MaterialX_v1_39_6::FileSearchPath::find	0.377631	0.390939	0.0		0.0	0.0	0.0	0.0	CpuHotPaths.exe	MaterialX_v1_39_6::FileSearchPath::find	File.h	0x14013ca24
                MaterialX_v1_39_6::FilePath::exists	0.377631	0.390939	0.0		0.0	0.0	0.0	0.0	CpuHotPaths.exe	MaterialX_v1_39_6::FilePath::exists(void)	File.cpp	0x1400ccb40
                 GetFileAttributesA	0.377631	0.390939	0.0		0.070428	0.070428	0.0	0.0	KERNELBASE.dll	GetFileAttributesA	[Unknown]	0x18006d270
              MaterialX_v1_39_6::ShaderStage::addBlock	0.226295	0.234270	0.0		0.0	0.0	0.0	0.0	CpuHotPaths.exe	MaterialX_v1_39_6::ShaderStage::addBlock(class std::basic_string<char,struct std::char_traits<char>,class std::allocator<char> > const &,class MaterialX_v1_39_6::FilePath const &,class MaterialX_v1_39_6::GenContext &)	ShaderStage.cpp	0x140139d50
               MaterialX_v1_39_6::ShaderStage::addInclude	0.226295	0.234270	0.0		0.0	0.0	0.0	0.0	CpuHotPaths.exe	MaterialX_v1_39_6::ShaderStage::addInclude(class MaterialX_v1_39_6::FilePath const &,class MaterialX_v1_39_6::FilePath const &,class MaterialX_v1_39_6::GenContext &)	ShaderStage.cpp	0x14013a9e0
                MaterialX_v1_39_6::GenContext::resolveSourceFile	0.226295	0.234270	0.0		0.0	0.0	0.0	0.0	CpuHotPaths.exe	MaterialX_v1_39_6::GenContext::resolveSourceFile(class MaterialX_v1_39_6::FilePath const &,class MaterialX_v1_39_6::FilePath const &)	GenContext.h	0x14013c820
                 MaterialX_v1_39_6::FileSearchPath::find	0.226295	0.234270	0.0		0.0	0.0	0.0	0.0	CpuHotPaths.exe	MaterialX_v1_39_6::FileSearchPath::find	File.h	0x14013ca24
                  MaterialX_v1_39_6::FilePath::exists	0.226295	0.234270	0.0		0.0	0.0	0.0	0.0	CpuHotPaths.exe	MaterialX_v1_39_6::FilePath::exists(void)	File.cpp	0x1400ccb40
                   GetFileAttributesA	0.150417	0.155718	0.0		0.028053	0.028053	0.0	0.0	KERNELBASE.dll	GetFileAttributesA	[Unknown]	0x18006d270
                   MaterialX_v1_39_6::FilePath::asString	0.075878	0.078552	0.0		0.0	0.0	0.0	0.0	CpuHotPaths.exe	MaterialX_v1_39_6::FilePath::asString	File.cpp	0x1400ccb74
                    std::basic_string<char,std::char_traits<char>,std::allocator<char> >::operator+=	0.075878	0.078552	0.0		0.014151	0.014151	0.0	0.0	CpuHotPaths.exe	std::basic_string<char,std::char_traits<char>,std::allocator<char> >::operator+=	xstring	0x1400ccbd4
              MaterialX_v1_39_6::FilePath::operator class std::basic_string<char,struct std::char_traits<char>,class std::allocator<char> >	0.072857	0.075425	0.0		0.0	0.0	0.0	0.0	CpuHotPaths.exe	MaterialX_v1_39_6::FilePath::operator class std::basic_string<char,struct std::char_traits<char>,class std::allocator<char> >	File.h	0x14013acfa
               MaterialX_v1_39_6::FilePath::asString	0.072857	0.075425	0.0		0.0	0.0	0.0	0.0	CpuHotPaths.exe	MaterialX_v1_39_6::FilePath::asString(enum MaterialX_v1_39_6::FilePath::Format)	File.cpp	0x1400cb990
                std::basic_string<char,std::char_traits<char>,std::allocator<char> >::operator+=	0.072857	0.075425	0.0		0.013588	0.013588	0.0	0.0	CpuHotPaths.exe	std::basic_string<char,std::char_traits<char>,std::allocator<char> >::operator+=	xstring	0x1400cba94
             MaterialX_v1_39_6::GenContext::resolveSourceFile	0.225687	0.233640	0.0		0.0	0.0	0.0	0.0	CpuHotPaths.exe	MaterialX_v1_39_6::GenContext::resolveSourceFile(class MaterialX_v1_39_6::FilePath const &,class MaterialX_v1_39_6::FilePath const &)	GenContext.h	0x14013c820
              MaterialX_v1_39_6::FileSearchPath::find	0.225687	0.233640	0.0		0.0	0.0	0.0	0.0	CpuHotPaths.exe	MaterialX_v1_39_6::FileSearchPath::find	File.h	0x14013ca24
               MaterialX_v1_39_6::FilePath::exists	0.225687	0.233640	0.0		0.0	0.0	0.0	0.0	CpuHotPaths.exe	MaterialX_v1_39_6::FilePath::exists(void)	File.cpp	0x1400ccb40
                GetFileAttributesA	0.225687	0.233640	0.0		0.042090	0.042090	0.0	0.0	KERNELBASE.dll	GetFileAttributesA	[Unknown]	0x18006d270
            MaterialX_v1_39_6::FilePath::FilePath	0.151597	0.156939	0.0		0.0	0.0	0.0	0.0	CpuHotPaths.exe	MaterialX_v1_39_6::FilePath::FilePath(char const *)	File.h	0x1400ab350
             MaterialX_v1_39_6::FilePath::assign	0.151597	0.156939	0.0		0.0	0.0	0.0	0.0	CpuHotPaths.exe	MaterialX_v1_39_6::FilePath::assign(class std::basic_string<char,struct std::char_traits<char>,class std::allocator<char> > const &)	File.cpp	0x1400cbbd0
              MaterialX_v1_39_6::splitString	0.151597	0.156939	0.0		0.0	0.0	0.0	0.0	CpuHotPaths.exe	MaterialX_v1_39_6::splitString(class std::basic_string<char,struct std::char_traits<char>,class std::allocator<char> > const &,class std::basic_string<char,struct std::char_traits<char>,class std::allocator<char> > const &)	Util.cpp	0x14017fd80
               std::vector<std::basic_string<char,std::char_traits<char>,std::allocator<char> >,std::allocator<std::basic_string<char,std::char_traits<char>,std::allocator<char> > > >::push_back	0.151597	0.156939	0.0		0.013959	0.013959	0.0	0.0	CpuHotPaths.exe	std::vector<std::basic_string<char,std::char_traits<char>,std::allocator<char> >,std::allocator<std::basic_string<char,std::char_traits<char>,std::allocator<char> > > >::push_back	vector	0x14017fe59
                operator new	0.076750	0.079455	0.0		0.0	0.0	0.0	0.0	CpuHotPaths.exe	operator new(unsigned __int64)	new_scalar.cpp	0x140234c58
                 malloc_base	0.076750	0.079455	0.0		0.014314	0.014314	0.0	0.0	ucrtbase.dll	malloc_base	[Unknown]	0x1800050a0
           MaterialX_v1_39_6::GlslShaderGenerator::emitUniforms	0.608752	0.630206	0.0		0.0	0.0	0.0	0.0	CpuHotPaths.exe	MaterialX_v1_39_6::GlslShaderGenerator::emitUniforms(class MaterialX_v1_39_6::GenContext &,class MaterialX_v1_39_6::ShaderStage &)	GlslShaderGenerator.cpp	0x1400be3d0
            MaterialX_v1_39_6::ShaderGenerator::emitVariableDeclarations	0.608752	0.630206	0.0		0.0	0.0	0.0	0.0	CpuHotPaths.exe	MaterialX_v1_39_6::ShaderGenerator::emitVariableDeclarations(class MaterialX_v1_39_6::VariableBlock const &,class std::basic_string<char,struct std::char_traits<char>,class std::allocator<char> > const &,class std::basic_string<char,struct std::char_traits<char>,class std::allocator<char> > const &,class MaterialX_v1_39_6::GenContext &,class MaterialX_v1_39_6::ShaderStage &,bool)	ShaderGenerator.cpp	0x14014f520
             MaterialX_v1_39_6::GlslShaderGenerator::emitVariableDeclaration	0.608752	0.630206	0.0		0.0	0.0	0.0	0.0	CpuHotPaths.exe	MaterialX_v1_39_6::GlslShaderGenerator::emitVariableDeclaration(class MaterialX_v1_39_6::ShaderPort const *,class std::basic_string<char,struct std::char_traits<char>,class std::allocator<char> > const &,class MaterialX_v1_39_6::GenContext &,class MaterialX_v1_39_6::ShaderStage &,bool)	GlslShaderGenerator.cpp	0x1400be720
              MaterialX_v1_39_6::Syntax::getValue	0.385264	0.398841	0.0		0.0	0.0	0.0	0.0	CpuHotPaths.exe	MaterialX_v1_39_6::Syntax::getValue(class MaterialX_v1_39_6::TypeDesc,class MaterialX_v1_39_6::Value const &,bool)	Syntax.cpp	0x140149200
               MaterialX_v1_39_6::AggregateTypeSyntax::getValue	0.233494	0.241723	0.0		0.0	0.0	0.0	0.0	CpuHotPaths.exe	MaterialX_v1_39_6::AggregateTypeSyntax::getValue(class MaterialX_v1_39_6::Value const &,bool)	Syntax.cpp	0x140148880
                MaterialX_v1_39_6::TypedValue<class MaterialX_v1_39_6::Color3>::getValueString	0.159662	0.165289	0.0		0.0	0.0	0.0	0.0	CpuHotPaths.exe	MaterialX_v1_39_6::TypedValue<class MaterialX_v1_39_6::Color3>::getValueString(void)	Value.cpp	0x1401f6880
                 MaterialX_v1_39_6::toValueString	0.159662	0.165289	0.0		0.0	0.0	0.0	0.0	CpuHotPaths.exe	MaterialX_v1_39_6::toValueString	Value.cpp	0x1401f68b2
                  MaterialX_v1_39_6::toValueString<float>	0.159662	0.165289	0.0		0.0	0.0	0.0	0.0	CpuHotPaths.exe	MaterialX_v1_39_6::toValueString<float>(float const &)	Value.cpp	0x1401fe7e0
                   std::basic_stringstream<char,std::char_traits<char>,std::allocator<char> >::{ctor}	0.079979	0.082798	0.0		0.014916	0.014916	0.0	0.0	CpuHotPaths.exe	std::basic_stringstream<char,std::char_traits<char>,std::allocator<char> >::{ctor}	sstream	0x1401fe83c
                   std::basic_ostream<char,struct std::char_traits<char> >::operator<<	0.079683	0.082491	0.0		0.014861	0.014861	0.0	0.0	MSVCP140.dll	std::basic_ostream<char,struct std::char_traits<char> >::operator<<(float)	[Unknown]	0x18004fa10
                MaterialX_v1_39_6::TypedValue<class MaterialX_v1_39_6::Matrix44>::getValueString	0.073832	0.076434	0.0		0.0	0.0	0.0	0.0	CpuHotPaths.exe	MaterialX_v1_39_6::TypedValue<class MaterialX_v1_39_6::Matrix44>::getValueString(void)	Value.cpp	0x1401f7b20
                 MaterialX_v1_39_6::toValueString	0.073832	0.076434	0.0		0.0	0.0	0.0	0.0	CpuHotPaths.exe	MaterialX_v1_39_6::toValueString	Value.cpp	0x1401f7b55
                  MaterialX_v1_39_6::toValueString<float>	0.073832	0.076434	0.0		0.0	0.0	0.0	0.0	CpuHotPaths.exe	MaterialX_v1_39_6::toValueString<float>(float const &)	Value.cpp	0x1401fe7e0
                   std::basic_stringstream<char,std::char_traits<char>,std::allocator<char> >::{ctor}	0.073832	0.076434	0.0		0.013770	0.013770	0.0	0.0	CpuHotPaths.exe	std::basic_stringstream<char,std::char_traits<char>,std::allocator<char> >::{ctor}	sstream	0x1401fe83c
               MaterialX_v1_39_6::ScalarTypeSyntax::getValue	0.151770	0.157119	0.0		0.0	0.0	0.0	0.0	CpuHotPaths.exe	MaterialX_v1_39_6::ScalarTypeSyntax::getValue(class MaterialX_v1_39_6::Value const &,bool)	Syntax.cpp	0x140148c90
                MaterialX_v1_39_6::TypedValue<float>::getValueString	0.151770	0.157119	0.0		0.0	0.0	0.0	0.0	CpuHotPaths.exe	MaterialX_v1_39_6::TypedValue<float>::getValueString(void)	Value.cpp	0x1401f6810
                 MaterialX_v1_39_6::toValueString<float>	0.151770	0.157119	0.0		0.0	0.0	0.0	0.0	CpuHotPaths.exe	MaterialX_v1_39_6::toValueString<float>(float const &)	Value.cpp	0x1401fe7e0
                  std::basic_stringstream<char,std::char_traits<char>,std::allocator<char> >::{ctor}	0.076711	0.079415	0.0		0.014307	0.014307	0.0	0.0	CpuHotPaths.exe	std::basic_stringstream<char,std::char_traits<char>,std::allocator<char> >::{ctor}	sstream	0x1401fe83c
                  std::basic_ostream<char,struct std::char_traits<char> >::operator<<	0.075059	0.077704	0.0		0.013998	0.013998	0.0	0.0	MSVCP140.dll	std::basic_ostream<char,struct std::char_traits<char> >::operator<<(float)	[Unknown]	0x18004fa10
              std::basic_string<char,std::char_traits<char>,std::allocator<char> >::operator+=	0.076515	0.079212	0.0		0.014270	0.014270	0.0	0.0	CpuHotPaths.exe	std::basic_string<char,std::char_traits<char>,std::allocator<char> >::operator+=	xstring	0x1400bee93
              std::basic_string<char,struct std::char_traits<char>,class std::allocator<char> >::append	0.074075	0.076686	0.0		0.0	0.0	0.0	0.0	CpuHotPaths.exe	std::basic_string<char,struct std::char_traits<char>,class std::allocator<char> >::append(char const * const,unsigned __int64)	xstring	0x1400b0980
               operator delete	0.074075	0.076686	0.0		0.013815	0.013815	0.0	0.0	CpuHotPaths.exe	operator delete(void *)	delete_scalar.cpp	0x140235d64
              std::operator+	0.072898	0.075467	0.0		0.013595	0.013595	0.0	0.0	CpuHotPaths.exe	std::operator+	xstring	0x1400be9fa
           MaterialX_v1_39_6::GlslShaderGenerator::emitLightFunctionDefinitions	0.075070	0.077715	0.0		0.0	0.0	0.0	0.0	CpuHotPaths.exe	MaterialX_v1_39_6::GlslShaderGenerator::emitLightFunctionDefinitions(class MaterialX_v1_39_6::ShaderGraph const &,class MaterialX_v1_39_6::GenContext &,class MaterialX_v1_39_6::ShaderStage &)	GlslShaderGenerator.cpp	0x1400baf80
            MaterialX_v1_39_6::ShaderStage::addFunctionDefinition	0.075070	0.077715	0.0		0.0	0.0	0.0	0.0	CpuHotPaths.exe	MaterialX_v1_39_6::ShaderStage::addFunctionDefinition(class MaterialX_v1_39_6::ShaderNode const &,class MaterialX_v1_39_6::GenContext &)	ShaderStage.cpp	0x14013a830
             MaterialX_v1_39_6::HwLightSamplerNode::emitFunctionDefinition	0.075070	0.077715	0.0		0.0	0.0	0.0	0.0	CpuHotPaths.exe	MaterialX_v1_39_6::HwLightSamplerNode::emitFunctionDefinition(class MaterialX_v1_39_6::ShaderNode const &,class MaterialX_v1_39_6::GenContext &,class MaterialX_v1_39_6::ShaderStage &)	HwLightSamplerNode.cpp	0x140122c80
              MaterialX_v1_39_6::Syntax::getValue	0.075070	0.077715	0.0		0.0	0.0	0.0	0.0	CpuHotPaths.exe	MaterialX_v1_39_6::Syntax::getValue(class MaterialX_v1_39_6::TypeDesc,class MaterialX_v1_39_6::Value const &,bool)	Syntax.cpp	0x140149200
               MaterialX_v1_39_6::AggregateTypeSyntax::getValue	0.075070	0.077715	0.0		0.0	0.0	0.0	0.0	CpuHotPaths.exe	MaterialX_v1_39_6::AggregateTypeSyntax::getValue(class MaterialX_v1_39_6::Value const &,bool)	Syntax.cpp	0x140148880
                MaterialX_v1_39_6::TypedValue<class MaterialX_v1_39_6::Vector3>::getValueString	0.075070	0.077715	0.0		0.0	0.0	0.0	0.0	CpuHotPaths.exe	MaterialX_v1_39_6::TypedValue<class MaterialX_v1_39_6::Vector3>::getValueString(void)	Value.cpp	0x1401f7190
                 MaterialX_v1_39_6::toValueString	0.075070	0.077715	0.0		0.0	0.0	0.0	0.0	CpuHotPaths.exe	MaterialX_v1_39_6::toValueString	Value.cpp	0x1401f71c2
                  MaterialX_v1_39_6::toValueString<float>	0.075070	0.077715	0.0		0.0	0.0	0.0	0.0	CpuHotPaths.exe	MaterialX_v1_39_6::toValueString<float>(float const &)	Value.cpp	0x1401fe7e0
                   std::basic_ostream<char,struct std::char_traits<char> >::operator<<	0.075070	0.077715	0.0		0.014000	0.014000	0.0	0.0	MSVCP140.dll	std::basic_ostream<char,struct std::char_traits<char> >::operator<<(float)	[Unknown]	0x18004fa10
          MaterialX_v1_39_6::GlslShaderGenerator::emitVertexStage	3.113941	3.150062	2.088974		0.0	0.0	0.0	0.0	CpuHotPaths.exe	MaterialX_v1_39_6::GlslShaderGenerator::emitVertexStage(class MaterialX_v1_39_6::ShaderGraph const &,class MaterialX_v1_39_6::GenContext &,class MaterialX_v1_39_6::ShaderStage &)	GlslShaderGenerator.cpp	0x1400bfc10
           MaterialX_v1_39_6::ShaderGenerator::emitLibraryInclude	2.506786	2.521510	2.088974		0.0	0.0	0.0	0.0	CpuHotPaths.exe	MaterialX_v1_39_6::ShaderGenerator::emitLibraryInclude(class MaterialX_v1_39_6::FilePath const &,class MaterialX_v1_39_6::GenContext &,class MaterialX_v1_39_6::ShaderStage &)	ShaderGenerator.cpp	0x14014def0
            MaterialX_v1_39_6::ShaderStage::addInclude	2.199873	2.203782	2.088974		0.0	0.0	0.0	0.0	CpuHotPaths.exe	MaterialX_v1_39_6::ShaderStage::addInclude(class MaterialX_v1_39_6::FilePath const &,class MaterialX_v1_39_6::FilePath const &,class MaterialX_v1_39_6::GenContext &)	ShaderStage.cpp	0x14013a9e0
             MaterialX_v1_39_6::readFile	1.441677	1.418865	2.088974		0.0	0.0	0.0	0.0	CpuHotPaths.exe	MaterialX_v1_39_6::readFile(class MaterialX_v1_39_6::FilePath const &)	Util.cpp	0x1400d5610
              std::basic_ifstream<char,std::char_traits<char> >::{ctor}	1.059627	1.023351	2.088974		0.197619	0.184357	0.013262	0.0	CpuHotPaths.exe	std::basic_ifstream<char,std::char_traits<char> >::{ctor}	fstream	0x1400d565f
              std::basic_ifstream<char,std::char_traits<char> >::close	0.230527	0.238651	0.0		0.042993	0.042993	0.0	0.0	CpuHotPaths.exe	std::basic_ifstream<char,std::char_traits<char> >::close	fstream	0x1400d57b9
              std::basic_ostream<char,struct std::char_traits<char> >::operator<<	0.151522	0.156862	0.0		0.014427	0.014427	0.0	0.0	MSVCP140.dll	std::basic_ostream<char,struct std::char_traits<char> >::operator<<(class std::basic_streambuf<char,struct std::char_traits<char> > * __ptr64)	[Unknown]	0x180050140
               operator new	0.074166	0.076779	0.0		0.0	0.0	0.0	0.0	CpuHotPaths.exe	operator new(unsigned __int64)	new_scalar.cpp	0x140234c58
                malloc_base	0.074166	0.076779	0.0		0.013832	0.013832	0.0	0.0	ucrtbase.dll	malloc_base	[Unknown]	0x1800050a0
             MaterialX_v1_39_6::GenContext::resolveSourceFile	0.679853	0.703812	0.0		0.0	0.0	0.0	0.0	CpuHotPaths.exe	MaterialX_v1_39_6::GenContext::resolveSourceFile(class MaterialX_v1_39_6::FilePath const &,class MaterialX_v1_39_6::FilePath const &)	GenContext.h	0x14013c820
              MaterialX_v1_39_6::FileSearchPath::find	0.679853	0.703812	0.0		0.0	0.0	0.0	0.0	CpuHotPaths.exe	MaterialX_v1_39_6::FileSearchPath::find	File.h	0x14013ca24
               MaterialX_v1_39_6::FilePath::exists	0.679853	0.703812	0.0		0.0	0.0	0.0	0.0	CpuHotPaths.exe	MaterialX_v1_39_6::FilePath::exists(void)	File.cpp	0x1400ccb40
                GetFileAttributesA	0.679853	0.703812	0.0		0.126792	0.126792	0.0	0.0	KERNELBASE.dll	GetFileAttributesA	[Unknown]	0x18006d270
             MaterialX_v1_39_6::FilePath::operator class std::basic_string<char,struct std::char_traits<char>,class std::allocator<char> >	0.078344	0.081105	0.0		0.0	0.0	0.0	0.0	CpuHotPaths.exe	MaterialX_v1_39_6::FilePath::operator class std::basic_string<char,struct std::char_traits<char>,class std::allocator<char> >	File.h	0x14013acfa
              MaterialX_v1_39_6::FilePath::asString	0.078344	0.081105	0.0		0.0	0.0	0.0	0.0	CpuHotPaths.exe	MaterialX_v1_39_6::FilePath::asString(enum MaterialX_v1_39_6::FilePath::Format)	File.cpp	0x1400cb990
               std::vector<std::basic_string<char,std::char_traits<char>,std::allocator<char> >,std::allocator<std::basic_string<char,std::char_traits<char>,std::allocator<char> > > >::size	0.078344	0.081105	0.0		0.014611	0.014611	0.0	0.0	CpuHotPaths.exe	std::vector<std::basic_string<char,std::char_traits<char>,std::allocator<char> >,std::allocator<std::basic_string<char,std::char_traits<char>,std::allocator<char> > > >::size	vector	0x1400cba6d
            MaterialX_v1_39_6::GenContext::resolveSourceFile	0.306912	0.317728	0.0		0.0	0.0	0.0	0.0	CpuHotPaths.exe	MaterialX_v1_39_6::GenContext::resolveSourceFile(class MaterialX_v1_39_6::FilePath const &,class MaterialX_v1_39_6::FilePath const &)	GenContext.h	0x14013c820
             MaterialX_v1_39_6::FileSearchPath::find	0.306912	0.317728	0.0		0.0	0.0	0.0	0.0	CpuHotPaths.exe	MaterialX_v1_39_6::FileSearchPath::find	File.h	0x14013ca24
              MaterialX_v1_39_6::FilePath::exists	0.306912	0.317728	0.0		0.0	0.0	0.0	0.0	CpuHotPaths.exe	MaterialX_v1_39_6::FilePath::exists(void)	File.cpp	0x1400ccb40
               GetFileAttributesA	0.306912	0.317728	0.0		0.057239	0.057239	0.0	0.0	KERNELBASE.dll	GetFileAttributesA	[Unknown]	0x18006d270
           MaterialX_v1_39_6::ShaderGenerator::emitFunctionCall	0.454006	0.470006	0.0		0.0	0.0	0.0	0.0	CpuHotPaths.exe	MaterialX_v1_39_6::ShaderGenerator::emitFunctionCall(class MaterialX_v1_39_6::ShaderNode const &,class MaterialX_v1_39_6::GenContext &,class MaterialX_v1_39_6::ShaderStage &)	ShaderGenerator.cpp	0x14014d820
            MaterialX_v1_39_6::ShaderStage::addFunctionCall	0.454006	0.470006	0.0		0.0	0.0	0.0	0.0	CpuHotPaths.exe	MaterialX_v1_39_6::ShaderStage::addFunctionCall(class MaterialX_v1_39_6::ShaderNode const &,class MaterialX_v1_39_6::GenContext &,bool)	ShaderStage.cpp	0x14013a6d0
             MaterialX_v1_39_6::CompoundNode::emitFunctionCall	0.381663	0.395113	0.0		0.0	0.0	0.0	0.0	CpuHotPaths.exe	MaterialX_v1_39_6::CompoundNode::emitFunctionCall(class MaterialX_v1_39_6::ShaderNode const &,class MaterialX_v1_39_6::GenContext &,class MaterialX_v1_39_6::ShaderStage &)	CompoundNode.cpp	0x140167460
              MaterialX_v1_39_6::ShaderGenerator::emitFunctionCalls	0.381663	0.395113	0.0		0.0	0.0	0.0	0.0	CpuHotPaths.exe	MaterialX_v1_39_6::ShaderGenerator::emitFunctionCalls(class MaterialX_v1_39_6::ShaderGraph const &,class MaterialX_v1_39_6::GenContext &,class MaterialX_v1_39_6::ShaderStage &,unsigned int)	ShaderGenerator.cpp	0x14014d890
               MaterialX_v1_39_6::ShaderGenerator::emitFunctionCall	0.381663	0.395113	0.0		0.0	0.0	0.0	0.0	CpuHotPaths.exe	MaterialX_v1_39_6::ShaderGenerator::emitFunctionCall(class MaterialX_v1_39_6::ShaderNode const &,class MaterialX_v1_39_6::GenContext &,class MaterialX_v1_39_6::ShaderStage &)	ShaderGenerator.cpp	0x14014d820
                MaterialX_v1_39_6::ShaderStage::addFunctionCall	0.381663	0.395113	0.0		0.014454	0.014454	0.0	0.0	CpuHotPaths.exe	MaterialX_v1_39_6::ShaderStage::addFunctionCall(class MaterialX_v1_39_6::ShaderNode const &,class MaterialX_v1_39_6::GenContext &,bool)	ShaderStage.cpp	0x14013a6d0
                 MaterialX_v1_39_6::HwSurfaceNode::emitFunctionCall	0.231180	0.239327	0.0		0.0	0.0	0.0	0.0	CpuHotPaths.exe	MaterialX_v1_39_6::HwSurfaceNode::emitFunctionCall(class MaterialX_v1_39_6::ShaderNode const &,class MaterialX_v1_39_6::GenContext &,class MaterialX_v1_39_6::ShaderStage &)	HwSurfaceNode.cpp	0x140125b00
                  MaterialX_v1_39_6::Syntax::getValue	0.231180	0.239327	0.0		0.0	0.0	0.0	0.0	CpuHotPaths.exe	MaterialX_v1_39_6::Syntax::getValue(class MaterialX_v1_39_6::TypeDesc,class MaterialX_v1_39_6::Value const &,bool)	Syntax.cpp	0x140149200
                   MaterialX_v1_39_6::AggregateTypeSyntax::getValue	0.231180	0.239327	0.0		0.0	0.0	0.0	0.0	CpuHotPaths.exe	MaterialX_v1_39_6::AggregateTypeSyntax::getValue(class MaterialX_v1_39_6::Value const &,bool)	Syntax.cpp	0x140148880
                    MaterialX_v1_39_6::TypedValue<class MaterialX_v1_39_6::Vector3>::getValueString	0.231180	0.239327	0.0		0.0	0.0	0.0	0.0	CpuHotPaths.exe	MaterialX_v1_39_6::TypedValue<class MaterialX_v1_39_6::Vector3>::getValueString(void)	Value.cpp	0x1401f7190
                     MaterialX_v1_39_6::toValueString	0.231180	0.239327	0.0		0.0	0.0	0.0	0.0	CpuHotPaths.exe	MaterialX_v1_39_6::toValueString	Value.cpp	0x1401f71c2
                      MaterialX_v1_39_6::toValueString<float>	0.231180	0.239327	0.0		0.0	0.0	0.0	0.0	CpuHotPaths.exe	MaterialX_v1_39_6::toValueString<float>(float const &)	Value.cpp	0x1401fe7e0
                       std::basic_ostream<char,struct std::char_traits<char> >::operator<<	0.231180	0.239327	0.0		0.043115	0.043115	0.0	0.0	MSVCP140.dll	std::basic_ostream<char,struct std::char_traits<char> >::operator<<(float)	[Unknown]	0x18004fa10
                 std::_Tree<std::_Tset_traits<MaterialX_v1_39_6::ShaderNode const *,std::less<MaterialX_v1_39_6::ShaderNode const *>,std::allocator<MaterialX_v1_39_6::ShaderNode const *>,0> >::insert	0.072979	0.075551	0.0		0.0	0.0	0.0	0.0	CpuHotPaths.exe	std::_Tree<std::_Tset_traits<MaterialX_v1_39_6::ShaderNode const *,std::less<MaterialX_v1_39_6::ShaderNode const *>,std::allocator<MaterialX_v1_39_6::ShaderNode const *>,0> >::insert	xtree	0x14013a6fd
                  operator new	0.072979	0.075551	0.0		0.0	0.0	0.0	0.0	CpuHotPaths.exe	operator new(unsigned __int64)	new_scalar.cpp	0x140234c58
                   malloc_base	0.072979	0.075551	0.0		0.013611	0.013611	0.0	0.0	ucrtbase.dll	malloc_base	[Unknown]	0x1800050a0
             MaterialX_v1_39_6::HwTangentNode::emitFunctionCall	0.072343	0.074893	0.0		0.0	0.0	0.0	0.0	CpuHotPaths.exe	MaterialX_v1_39_6::HwTangentNode::emitFunctionCall(class MaterialX_v1_39_6::ShaderNode const &,class MaterialX_v1_39_6::GenContext &,class MaterialX_v1_39_6::ShaderStage &)	HwTangentNode.cpp	0x14011ac70
              MaterialX_v1_39_6::ShaderNode::getInput	0.072343	0.074893	0.0		0.0	0.0	0.0	0.0	CpuHotPaths.exe	MaterialX_v1_39_6::ShaderNode::getInput(class std::basic_string<char,struct std::char_traits<char>,class std::allocator<char> > const &)	ShaderNode.cpp	0x1401435e0
               std::_Hash<std::_Umap_traits<std::basic_string<char,std::char_traits<char>,std::allocator<char> >,std::shared_ptr<MaterialX_v1_39_6::ShaderInput>,std::_Uhash_compare<std::basic_string<char,std::char_traits<char>,std::allocator<char> >,std::hash<std::basic_string<char,std::char_traits<char>,std::allocator<char> > >,std::equal_to<std::basic_string<char,std::char_traits<char>,std::allocator<char> > > >,std::allocator<std::pair<std::basic_string<char,std::char_traits<char>,std::allocator<char> > const ,std::shared_ptr<MaterialX_v1_39_6::ShaderInput> > >,0> >::find	0.072343	0.074893	0.0		0.013492	0.013492	0.0	0.0	CpuHotPaths.exe	std::_Hash<std::_Umap_traits<std::basic_string<char,std::char_traits<char>,std::allocator<char> >,std::shared_ptr<MaterialX_v1_39_6::ShaderInput>,std::_Uhash_compare<std::basic_string<char,std::char_traits<char>,std::allocator<char> >,std::hash<std::basic_string<char,std::char_traits<char>,std::allocator<char> > >,std::equal_to<std::basic_string<char,std::char_traits<char>,std::allocator<char> > > >,std::allocator<std::pair<std::basic_string<char,std::char_traits<char>,std::allocator<char> > const ,std::shared_ptr<MaterialX_v1_39_6::ShaderInput> > >,0> >::find	xhash	0x1401435ea
           MaterialX_v1_39_6::ShaderGenerator::emitFunctionBodyEnd	0.153149	0.158546	0.0		0.0	0.0	0.0	0.0	CpuHotPaths.exe	MaterialX_v1_39_6::ShaderGenerator::emitFunctionBodyEnd(class MaterialX_v1_39_6::ShaderNode const &,class MaterialX_v1_39_6::GenContext &,class MaterialX_v1_39_6::ShaderStage &)	ShaderGenerator.cpp	0x14014d7d0
            MaterialX_v1_39_6::ShaderStage::endScope	0.153149	0.158546	0.0		0.0	0.0	0.0	0.0	CpuHotPaths.exe	MaterialX_v1_39_6::ShaderStage::endScope(bool,bool)	ShaderStage.cpp	0x14013bc30
             std::vector<MaterialX_v1_39_6::ShaderStage::Scope,std::allocator<MaterialX_v1_39_6::ShaderStage::Scope> >::pop_back	0.153149	0.158546	0.0		0.028562	0.028562	0.0	0.0	CpuHotPaths.exe	std::vector<MaterialX_v1_39_6::ShaderStage::Scope,std::allocator<MaterialX_v1_39_6::ShaderStage::Scope> >::pop_back	vector	0x14013bc78
          MaterialX_v1_39_6::ShaderGenerator::replaceTokens	0.671405	0.695067	0.0		0.0	0.0	0.0	0.0	CpuHotPaths.exe	MaterialX_v1_39_6::ShaderGenerator::replaceTokens(class std::unordered_map<class std::basic_string<char,struct std::char_traits<char>,class std::allocator<char> >,class std::basic_string<char,struct std::char_traits<char>,class std::allocator<char> >,struct std::hash<class std::basic_string<char,struct std::char_traits<char>,class std::allocator<char> > >,struct std::equal_to<class std::basic_string<char,struct std::char_traits<char>,class std::allocator<char> > >,class std::allocator<struct std::pair<class std::basic_string<char,struct std::char_traits<char>,class std::allocator<char> > const ,class std::basic_string<char,struct std::char_traits<char>,class std::allocator<char> > > > > const &,class MaterialX_v1_39_6::ShaderStage &)	ShaderGenerator.cpp	0x140152f40
           MaterialX_v1_39_6::tokenSubstitution	0.381487	0.394932	0.0		0.0	0.0	0.0	0.0	CpuHotPaths.exe	MaterialX_v1_39_6::tokenSubstitution(class std::unordered_map<class std::basic_string<char,struct std::char_traits<char>,class std::allocator<char> >,class std::basic_string<char,struct std::char_traits<char>,class std::allocator<char> >,struct std::hash<class std::basic_string<char,struct std::char_traits<char>,class std::allocator<char> > >,struct std::equal_to<class std::basic_string<char,struct std::char_traits<char>,class std::allocator<char> > >,class std::allocator<struct std::pair<class std::basic_string<char,struct std::char_traits<char>,class std::allocator<char> > const ,class std::basic_string<char,struct std::char_traits<char>,class std::allocator<char> > > > > const &,class std::basic_string<char,struct std::char_traits<char>,class std::allocator<char> > &)	Util.cpp	0x140175180
            std::_Hash<std::_Umap_traits<std::basic_string<char,std::char_traits<char>,std::allocator<char> >,std::basic_string<char,std::char_traits<char>,std::allocator<char> >,std::_Uhash_compare<std::basic_string<char,std::char_traits<char>,std::allocator<char> >,std::hash<std::basic_string<char,std::char_traits<char>,std::allocator<char> > >,std::equal_to<std::basic_string<char,std::char_traits<char>,std::allocator<char> > > >,std::allocator<std::pair<std::basic_string<char,std::char_traits<char>,std::allocator<char> > const ,std::basic_string<char,std::char_traits<char>,std::allocator<char> > > >,0> >::find	0.152166	0.157529	0.0		0.028379	0.028379	0.0	0.0	CpuHotPaths.exe	std::_Hash<std::_Umap_traits<std::basic_string<char,std::char_traits<char>,std::allocator<char> >,std::basic_string<char,std::char_traits<char>,std::allocator<char> >,std::_Uhash_compare<std::basic_string<char,std::char_traits<char>,std::allocator<char> >,std::hash<std::basic_string<char,std::char_traits<char>,std::allocator<char> > >,std::equal_to<std::basic_string<char,std::char_traits<char>,std::allocator<char> > > >,std::allocator<std::pair<std::basic_string<char,std::char_traits<char>,std::allocator<char> > const ,std::basic_string<char,std::char_traits<char>,std::allocator<char> > > >,0> >::find	xhash	0x1401753d6
            std::basic_string<char,std::char_traits<char>,std::allocator<char> >::substr	0.078599	0.081369	0.0		0.0	0.0	0.0	0.0	CpuHotPaths.exe	std::basic_string<char,std::char_traits<char>,std::allocator<char> >::substr	xstring	0x14017524a
             operator new	0.078599	0.081369	0.0		0.0	0.0	0.0	0.0	CpuHotPaths.exe	operator new(unsigned __int64)	new_scalar.cpp	0x140234c58
              malloc_base	0.078599	0.081369	0.0		0.014659	0.014659	0.0	0.0	ucrtbase.dll	malloc_base	[Unknown]	0x1800050a0
            std::basic_string<char,std::char_traits<char>,std::allocator<char> >::substr	0.076611	0.079311	0.0		0.0	0.0	0.0	0.0	CpuHotPaths.exe	std::basic_string<char,std::char_traits<char>,std::allocator<char> >::substr	xstring	0x140175561
             operator new	0.076611	0.079311	0.0		0.0	0.0	0.0	0.0	CpuHotPaths.exe	operator new(unsigned __int64)	new_scalar.cpp	0x140234c58
              malloc_base	0.076611	0.079311	0.0		0.014288	0.014288	0.0	0.0	ucrtbase.dll	malloc_base	[Unknown]	0x1800050a0
            std::basic_string<char,std::char_traits<char>,std::allocator<char> >::operator+=	0.074111	0.076723	0.0		0.013822	0.013822	0.0	0.0	CpuHotPaths.exe	std::basic_string<char,std::char_traits<char>,std::allocator<char> >::operator+=	xstring	0x1401754a9
           MaterialX_v1_39_6::`anonymous namespace'::replace	0.289918	0.300135	0.0		0.0	0.0	0.0	0.0	CpuHotPaths.exe	MaterialX_v1_39_6::`anonymous namespace'::replace(const class std::unordered_map<std::basic_string<char,std::char_traits<char>,std::allocator<char> >,std::basic_string<char,std::char_traits<char>,std::allocator<char> >,std::hash<std::basic_string<char,std::char_traits<char>,std::allocator<char> > >,std::equal_to<std::basic_string<char,std::char_traits<char>,std::allocator<char> > >,std::allocator<std::pair<std::basic_string<char,std::char_traits<char>,std::allocator<char> > const ,std::basic_string<char,std::char_traits<char>,std::allocator<char> > > > > & const, class MaterialX_v1_39_6::ShaderPort *)	ShaderGenerator.cpp	0x140152d70
            MaterialX_v1_39_6::tokenSubstitution	0.289918	0.300135	0.0		0.0	0.0	0.0	0.0	CpuHotPaths.exe	MaterialX_v1_39_6::tokenSubstitution(class std::unordered_map<class std::basic_string<char,struct std::char_traits<char>,class std::allocator<char> >,class std::basic_string<char,struct std::char_traits<char>,class std::allocator<char> >,struct std::hash<class std::basic_string<char,struct std::char_traits<char>,class std::allocator<char> > >,struct std::equal_to<class std::basic_string<char,struct std::char_traits<char>,class std::allocator<char> > >,class std::allocator<struct std::pair<class std::basic_string<char,struct std::char_traits<char>,class std::allocator<char> > const ,class std::basic_string<char,struct std::char_traits<char>,class std::allocator<char> > > > > const &,class std::basic_string<char,struct std::char_traits<char>,class std::allocator<char> > &)	Util.cpp	0x140175180
             std::_Hash<std::_Umap_traits<std::basic_string<char,std::char_traits<char>,std::allocator<char> >,std::basic_string<char,std::char_traits<char>,std::allocator<char> >,std::_Uhash_compare<std::basic_string<char,std::char_traits<char>,std::allocator<char> >,std::hash<std::basic_string<char,std::char_traits<char>,std::allocator<char> > >,std::equal_to<std::basic_string<char,std::char_traits<char>,std::allocator<char> > > >,std::allocator<std::pair<std::basic_string<char,std::char_traits<char>,std::allocator<char> > const ,std::basic_string<char,std::char_traits<char>,std::allocator<char> > > >,0> >::find	0.076836	0.079544	0.0		0.014330	0.014330	0.0	0.0	CpuHotPaths.exe	std::_Hash<std::_Umap_traits<std::basic_string<char,std::char_traits<char>,std::allocator<char> >,std::basic_string<char,std::char_traits<char>,std::allocator<char> >,std::_Uhash_compare<std::basic_string<char,std::char_traits<char>,std::allocator<char> >,std::hash<std::basic_string<char,std::char_traits<char>,std::allocator<char> > >,std::equal_to<std::basic_string<char,std::char_traits<char>,std::allocator<char> > > >,std::allocator<std::pair<std::basic_string<char,std::char_traits<char>,std::allocator<char> > const ,std::basic_string<char,std::char_traits<char>,std::allocator<char> > > >,0> >::find	xhash	0x1401753d6
             std::basic_string<char,std::char_traits<char>,std::allocator<char> >::substr	0.073275	0.075857	0.0		0.0	0.0	0.0	0.0	CpuHotPaths.exe	std::basic_string<char,std::char_traits<char>,std::allocator<char> >::substr	xstring	0x140175561
              operator new	0.073275	0.075857	0.0		0.0	0.0	0.0	0.0	CpuHotPaths.exe	operator new(unsigned __int64)	new_scalar.cpp	0x140234c58
               malloc_base	0.073275	0.075857	0.0		0.013666	0.013666	0.0	0.0	ucrtbase.dll	malloc_base	[Unknown]	0x1800050a0
             std::basic_string<char,std::char_traits<char>,std::allocator<char> >::{dtor}	0.072875	0.075443	0.0		0.013591	0.013591	0.0	0.0	CpuHotPaths.exe	std::basic_string<char,std::char_traits<char>,std::allocator<char> >::{dtor}	xstring	0x140175617
             std::basic_string<char,std::char_traits<char>,std::allocator<char> >::operator+=	0.066932	0.069291	0.0		0.012483	0.012483	0.0	0.0	CpuHotPaths.exe	std::basic_string<char,std::char_traits<char>,std::allocator<char> >::operator+=	xstring	0x140175394
         MaterialX_v1_39_6::ShaderGenerator::registerTypeDefs	3.086199	3.194962	0.0		0.014082	0.014082	0.0	0.0	CpuHotPaths.exe	MaterialX_v1_39_6::ShaderGenerator::registerTypeDefs(class std::shared_ptr<class MaterialX_v1_39_6::Document> const &)	ShaderGenerator.cpp	0x140151610
          MaterialX_v1_39_6::Document::getTypeDefs	3.010693	3.116795	0.0		0.0	0.0	0.0	0.0	CpuHotPaths.exe	MaterialX_v1_39_6::Document::getTypeDefs	Document.h	0x14015164d
           MaterialX_v1_39_6::Element::getChildrenOfType<class MaterialX_v1_39_6::TypeDef>	3.010693	3.116795	0.0		0.0	0.0	0.0	0.0	CpuHotPaths.exe	MaterialX_v1_39_6::Element::getChildrenOfType<class MaterialX_v1_39_6::TypeDef>(class std::basic_string<char,struct std::char_traits<char>,class std::allocator<char> > const &)	Element.cpp	0x1401a4be0
            MaterialX_v1_39_6::Element::getChildrenOfType<class MaterialX_v1_39_6::TypeDef>	3.010693	3.116795	0.0		0.0	0.0	0.0	0.0	CpuHotPaths.exe	MaterialX_v1_39_6::Element::getChildrenOfType<class MaterialX_v1_39_6::TypeDef>(class std::basic_string<char,struct std::char_traits<char>,class std::allocator<char> > const &)	Element.cpp	0x1401a4be0
             std::shared_ptr<MaterialX_v1_39_6::Element>::{ctor}	1.666468	1.725197	0.0		0.310794	0.310794	0.0	0.0	CpuHotPaths.exe	std::shared_ptr<MaterialX_v1_39_6::Element>::{ctor}	memory	0x1401a4df5
             MaterialX_v1_39_6::Element::asA<class MaterialX_v1_39_6::TypeDef>	0.975969	1.010364	0.0		0.0	0.0	0.0	0.0	CpuHotPaths.exe	MaterialX_v1_39_6::Element::asA<class MaterialX_v1_39_6::TypeDef>(void)	Element.cpp	0x1401924f0
              MaterialX_v1_39_6::Element::getSelf	0.517505	0.535743	0.0		0.0	0.0	0.0	0.0	CpuHotPaths.exe	MaterialX_v1_39_6::Element::getSelf	Element.h	0x140192507
               std::enable_shared_from_this<MaterialX_v1_39_6::Element>::shared_from_this	0.517505	0.535743	0.0		0.096514	0.096514	0.0	0.0	CpuHotPaths.exe	std::enable_shared_from_this<MaterialX_v1_39_6::Element>::shared_from_this	memory	0x140192507
              std::dynamic_pointer_cast	0.383441	0.396954	0.0		0.071511	0.071511	0.0	0.0	CpuHotPaths.exe	std::dynamic_pointer_cast	memory	0x140192538
              std::shared_ptr<MaterialX_v1_39_6::Element>::{dtor}	0.075023	0.077667	0.0		0.013992	0.013992	0.0	0.0	CpuHotPaths.exe	std::shared_ptr<MaterialX_v1_39_6::Element>::{dtor}	memory	0x140192579
             std::shared_ptr<MaterialX_v1_39_6::Element>::{dtor}	0.368256	0.381234	0.0		0.068679	0.068679	0.0	0.0	CpuHotPaths.exe	std::shared_ptr<MaterialX_v1_39_6::Element>::{dtor}	memory	0x1401a4e62
         MaterialX_v1_39_6::GenContext::~GenContext	0.231123	0.239268	0.0		0.0	0.0	0.0	0.0	CpuHotPaths.exe	MaterialX_v1_39_6::GenContext::~GenContext(void)	[Unknown]	0x1400ad7c0
          std::list<std::pair<std::basic_string<char,std::char_traits<char>,std::allocator<char> > const ,std::shared_ptr<MaterialX_v1_39_6::ShaderNodeImpl> >,std::allocator<std::pair<std::basic_string<char,std::char_traits<char>,std::allocator<char> > const ,std::shared_ptr<MaterialX_v1_39_6::ShaderNodeImpl> > > >::{dtor}	0.231123	0.239268	0.0		0.014100	0.014100	0.0	0.0	CpuHotPaths.exe	std::list<std::pair<std::basic_string<char,std::char_traits<char>,std::allocator<char> > const ,std::shared_ptr<MaterialX_v1_39_6::ShaderNodeImpl> >,std::allocator<std::pair<std::basic_string<char,std::char_traits<char>,std::allocator<char> > const ,std::shared_ptr<MaterialX_v1_39_6::ShaderNodeImpl> > > >::{dtor}	list	0x1400adb2b
           MaterialX_v1_39_6::SourceCodeNode::`scalar deleting destructor'	0.155517	0.160998	0.0		0.0	0.0	0.0	0.0	CpuHotPaths.exe	MaterialX_v1_39_6::SourceCodeNode::`scalar deleting destructor'(unsigned int)	[Unknown]	0x14010cbb0
            MaterialX_v1_39_6::ShaderNodeImpl::~ShaderNodeImpl	0.155517	0.160998	0.0		0.0	0.0	0.0	0.0	CpuHotPaths.exe	MaterialX_v1_39_6::ShaderNodeImpl::~ShaderNodeImpl(void)	ShaderNodeImpl.h	0x14010c8d0
             std::basic_string<char,std::char_traits<char>,std::allocator<char> >::{dtor}	0.155517	0.160998	0.0		0.029004	0.029004	0.0	0.0	CpuHotPaths.exe	std::basic_string<char,std::char_traits<char>,std::allocator<char> >::{dtor}	xstring	0x14010c8e3
         MaterialX_v1_39_6::GenContext::GenContext	0.152516	0.157891	0.0		0.0	0.0	0.0	0.0	CpuHotPaths.exe	MaterialX_v1_39_6::GenContext::GenContext(class std::shared_ptr<class MaterialX_v1_39_6::ShaderGenerator>)	GenContext.cpp	0x1401318c0
          std::set<std::basic_string<char,std::char_traits<char>,std::allocator<char> >,std::less<std::basic_string<char,std::char_traits<char>,std::allocator<char> > >,std::allocator<std::basic_string<char,std::char_traits<char>,std::allocator<char> > > >::operator=	0.076724	0.079428	0.0		0.0	0.0	0.0	0.0	CpuHotPaths.exe	std::set<std::basic_string<char,std::char_traits<char>,std::allocator<char> >,std::less<std::basic_string<char,std::char_traits<char>,std::allocator<char> > >,std::allocator<std::basic_string<char,std::char_traits<char>,std::allocator<char> > > >::operator=	set	0x140131c00
           operator new	0.076724	0.079428	0.0		0.0	0.0	0.0	0.0	CpuHotPaths.exe	operator new(unsigned __int64)	new_scalar.cpp	0x140234c58
            malloc_base	0.076724	0.079428	0.0		0.014309	0.014309	0.0	0.0	ucrtbase.dll	malloc_base	[Unknown]	0x1800050a0
          MaterialX_v1_39_6::GenContext::addReservedWords	0.075792	0.078463	0.0		0.0	0.0	0.0	0.0	CpuHotPaths.exe	MaterialX_v1_39_6::GenContext::addReservedWords	GenContext.h	0x140131e76
           std::_Tree<std::_Tset_traits<std::basic_string<char,std::char_traits<char>,std::allocator<char> >,std::less<std::basic_string<char,std::char_traits<char>,std::allocator<char> > >,std::allocator<std::basic_string<char,std::char_traits<char>,std::allocator<char> > >,0> >::insert	0.075792	0.078463	0.0		0.014135	0.014135	0.0	0.0	CpuHotPaths.exe	std::_Tree<std::_Tset_traits<std::basic_string<char,std::char_traits<char>,std::allocator<char> >,std::less<std::basic_string<char,std::char_traits<char>,std::allocator<char> > >,std::allocator<std::basic_string<char,std::char_traits<char>,std::allocator<char> > >,0> >::insert	xtree	0x140131e7a
        std::shared_ptr<MaterialX_v1_39_6::Shader>::{dtor}	1.518653	1.572173	0.0		0.0	0.0	0.0	0.0	CpuHotPaths.exe	std::shared_ptr<MaterialX_v1_39_6::Shader>::{dtor}	memory	0x1400a9862
         MaterialX_v1_39_6::Shader::`scalar deleting destructor'	1.518653	1.572173	0.0		0.0	0.0	0.0	0.0	CpuHotPaths.exe	MaterialX_v1_39_6::Shader::`scalar deleting destructor'(unsigned int)	[Unknown]	0x140135c50
          MaterialX_v1_39_6::Shader::{dtor}	1.361105	1.409072	0.0		0.0	0.0	0.0	0.0	CpuHotPaths.exe	MaterialX_v1_39_6::Shader::{dtor}	Shader.h	0x140135c60
           std::shared_ptr<MaterialX_v1_39_6::ShaderGraph>::{dtor}	1.361105	1.409072	0.0		0.0	0.0	0.0	0.0	CpuHotPaths.exe	std::shared_ptr<MaterialX_v1_39_6::ShaderGraph>::{dtor}	memory	0x140135cdf
            MaterialX_v1_39_6::ShaderGraph::`scalar deleting destructor'	1.361105	1.409072	0.0		0.0	0.0	0.0	0.0	CpuHotPaths.exe	MaterialX_v1_39_6::ShaderGraph::`scalar deleting destructor'(unsigned int)	[Unknown]	0x140158c80
             std::list<struct std::pair<class std::basic_string<char,struct std::char_traits<char>,class std::allocator<char> > const ,class std::shared_ptr<class MaterialX_v1_39_6::ShaderNode> >,class std::allocator<struct std::pair<class std::basic_string<char,struct std::char_traits<char>,class std::allocator<char> > const ,class std::shared_ptr<class MaterialX_v1_39_6::ShaderNode> > > >::~list<struct std::pair<class std::basic_string<char,struct std::char_traits<char>,class std::allocator<char> > const ,class std::shared_ptr<class MaterialX_v1_39_6::ShaderNode> >,class std::allocator<struct std::pair<class std::basic_string<char,struct std::char_traits<char>,class std::allocator<char> > const ,class std::shared_ptr<class MaterialX_v1_39_6::ShaderNode> > > >	1.283008	1.328223	0.0		0.0	0.0	0.0	0.0	CpuHotPaths.exe	std::list<struct std::pair<class std::basic_string<char,struct std::char_traits<char>,class std::allocator<char> > const ,class std::shared_ptr<class MaterialX_v1_39_6::ShaderNode> >,class std::allocator<struct std::pair<class std::basic_string<char,struct std::char_traits<char>,class std::allocator<char> > const ,class std::shared_ptr<class MaterialX_v1_39_6::ShaderNode> > > >::~list<struct std::pair<class std::basic_string<char,struct std::char_traits<char>,class std::allocator<char> > const ,class std::shared_ptr<class MaterialX_v1_39_6::ShaderNode> >,class std::allocator<struct std::pair<class std::basic_string<char,struct std::char_traits<char>,class std::allocator<char> > const ,class std::shared_ptr<class MaterialX_v1_39_6::ShaderNode> > > >(void)	list	0x140157c50
              MaterialX_v1_39_6::ShaderNode::`scalar deleting destructor'	1.283008	1.328223	0.0		0.0	0.0	0.0	0.0	CpuHotPaths.exe	MaterialX_v1_39_6::ShaderNode::`scalar deleting destructor'(unsigned int)	[Unknown]	0x14013fc60
               MaterialX_v1_39_6::ShaderNode::~ShaderNode	1.283008	1.328223	0.0		0.0	0.0	0.0	0.0	CpuHotPaths.exe	MaterialX_v1_39_6::ShaderNode::~ShaderNode(void)	ShaderNode.h	0x14013f7c0
                std::shared_ptr<MaterialX_v1_39_6::ShaderNodeImpl>::{dtor}	1.052138	1.089218	0.0		0.0	0.0	0.0	0.0	CpuHotPaths.exe	std::shared_ptr<MaterialX_v1_39_6::ShaderNodeImpl>::{dtor}	memory	0x14013f816
                 MaterialX_v1_39_6::CompoundNode::`scalar deleting destructor'	1.052138	1.089218	0.0		0.0	0.0	0.0	0.0	CpuHotPaths.exe	MaterialX_v1_39_6::CompoundNode::`scalar deleting destructor'(unsigned int)	[Unknown]	0x1401298b0
                  MaterialX_v1_39_6::CompoundNode::~CompoundNode	1.052138	1.089218	0.0		0.0	0.0	0.0	0.0	CpuHotPaths.exe	MaterialX_v1_39_6::CompoundNode::~CompoundNode(void)	[Unknown]	0x140129790
                   std::shared_ptr<MaterialX_v1_39_6::ShaderGraph>::{dtor}	1.052138	1.089218	0.0		0.0	0.0	0.0	0.0	CpuHotPaths.exe	std::shared_ptr<MaterialX_v1_39_6::ShaderGraph>::{dtor}	memory	0x1401297e9
                    MaterialX_v1_39_6::ShaderGraph::`scalar deleting destructor'	1.052138	1.089218	0.0		0.0	0.0	0.0	0.0	CpuHotPaths.exe	MaterialX_v1_39_6::ShaderGraph::`scalar deleting destructor'(unsigned int)	[Unknown]	0x140158c80
                     std::list<struct std::pair<class std::basic_string<char,struct std::char_traits<char>,class std::allocator<char> > const ,class std::shared_ptr<class MaterialX_v1_39_6::ShaderNode> >,class std::allocator<struct std::pair<class std::basic_string<char,struct std::char_traits<char>,class std::allocator<char> > const ,class std::shared_ptr<class MaterialX_v1_39_6::ShaderNode> > > >::~list<struct std::pair<class std::basic_string<char,struct std::char_traits<char>,class std::allocator<char> > const ,class std::shared_ptr<class MaterialX_v1_39_6::ShaderNode> >,class std::allocator<struct std::pair<class std::basic_string<char,struct std::char_traits<char>,class std::allocator<char> > const ,class std::shared_ptr<class MaterialX_v1_39_6::ShaderNode> > > >	0.818336	0.847175	0.0		0.027151	0.027151	0.0	0.0	CpuHotPaths.exe	std::list<struct std::pair<class std::basic_string<char,struct std::char_traits<char>,class std::allocator<char> > const ,class std::shared_ptr<class MaterialX_v1_39_6::ShaderNode> >,class std::allocator<struct std::pair<class std::basic_string<char,struct std::char_traits<char>,class std::allocator<char> > const ,class std::shared_ptr<class MaterialX_v1_39_6::ShaderNode> > > >::~list<struct std::pair<class std::basic_string<char,struct std::char_traits<char>,class std::allocator<char> > const ,class std::shared_ptr<class MaterialX_v1_39_6::ShaderNode> >,class std::allocator<struct std::pair<class std::basic_string<char,struct std::char_traits<char>,class std::allocator<char> > const ,class std::shared_ptr<class MaterialX_v1_39_6::ShaderNode> > > >(void)	list	0x140157c50
                      MaterialX_v1_39_6::ShaderNode::`scalar deleting destructor'	0.672751	0.696460	0.0		0.0	0.0	0.0	0.0	CpuHotPaths.exe	MaterialX_v1_39_6::ShaderNode::`scalar deleting destructor'(unsigned int)	[Unknown]	0x14013fc60
                       MaterialX_v1_39_6::ShaderNode::~ShaderNode	0.672751	0.696460	0.0		0.0	0.0	0.0	0.0	CpuHotPaths.exe	MaterialX_v1_39_6::ShaderNode::~ShaderNode(void)	ShaderNode.h	0x14013f7c0
                        std::list<struct std::pair<class std::basic_string<char,struct std::char_traits<char>,class std::allocator<char> > const ,class std::shared_ptr<class MaterialX_v1_39_6::ShaderInput> >,class std::allocator<struct std::pair<class std::basic_string<char,struct std::char_traits<char>,class std::allocator<char> > const ,class std::shared_ptr<class MaterialX_v1_39_6::ShaderInput> > > >::~list<struct std::pair<class std::basic_string<char,struct std::char_traits<char>,class std::allocator<char> > const ,class std::shared_ptr<class MaterialX_v1_39_6::ShaderInput> >,class std::allocator<struct std::pair<class std::basic_string<char,struct std::char_traits<char>,class std::allocator<char> > const ,class std::shared_ptr<class MaterialX_v1_39_6::ShaderInput> > > >	0.303040	0.313719	0.0		0.014275	0.014275	0.0	0.0	CpuHotPaths.exe	std::list<struct std::pair<class std::basic_string<char,struct std::char_traits<char>,class std::allocator<char> > const ,class std::shared_ptr<class MaterialX_v1_39_6::ShaderInput> >,class std::allocator<struct std::pair<class std::basic_string<char,struct std::char_traits<char>,class std::allocator<char> > const ,class std::shared_ptr<class MaterialX_v1_39_6::ShaderInput> > > >::~list<struct std::pair<class std::basic_string<char,struct std::char_traits<char>,class std::allocator<char> > const ,class std::shared_ptr<class MaterialX_v1_39_6::ShaderInput> >,class std::allocator<struct std::pair<class std::basic_string<char,struct std::char_traits<char>,class std::allocator<char> > const ,class std::shared_ptr<class MaterialX_v1_39_6::ShaderInput> > > >(void)	list	0x14013f100
                         MaterialX_v1_39_6::ShaderPort::~ShaderPort	0.226496	0.234478	0.0		0.0	0.0	0.0	0.0	CpuHotPaths.exe	MaterialX_v1_39_6::ShaderPort::~ShaderPort(void)	[Unknown]	0x1401385c0
                          std::basic_string<char,std::char_traits<char>,std::allocator<char> >::{dtor}	0.148971	0.154221	0.0		0.027783	0.027783	0.0	0.0	CpuHotPaths.exe	std::basic_string<char,std::char_traits<char>,std::allocator<char> >::{dtor}	xstring	0x140138801
                          std::shared_ptr<MaterialX_v1_39_6::Value>::{dtor}	0.077525	0.080257	0.0		0.014458	0.014458	0.0	0.0	CpuHotPaths.exe	std::shared_ptr<MaterialX_v1_39_6::Value>::{dtor}	memory	0x140138721
                        std::shared_ptr<MaterialX_v1_39_6::ShaderNodeImpl>::{dtor}	0.149731	0.155007	0.0		0.0	0.0	0.0	0.0	CpuHotPaths.exe	std::shared_ptr<MaterialX_v1_39_6::ShaderNodeImpl>::{dtor}	memory	0x14013f816
                         MaterialX_v1_39_6::SourceCodeNode::`scalar deleting destructor'	0.149731	0.155007	0.0		0.0	0.0	0.0	0.0	CpuHotPaths.exe	MaterialX_v1_39_6::SourceCodeNode::`scalar deleting destructor'(unsigned int)	[Unknown]	0x14010cbb0
                          MaterialX_v1_39_6::SourceCodeNode::~SourceCodeNode	0.075911	0.078586	0.0		0.0	0.0	0.0	0.0	CpuHotPaths.exe	MaterialX_v1_39_6::SourceCodeNode::~SourceCodeNode(void)	[Unknown]	0x14010c960
                           MaterialX_v1_39_6::FilePath::{dtor}	0.075911	0.078586	0.0		0.0	0.0	0.0	0.0	CpuHotPaths.exe	MaterialX_v1_39_6::FilePath::{dtor}	File.h	0x14010c969
                            std::vector<std::basic_string<char,std::char_traits<char>,std::allocator<char> >,std::allocator<std::basic_string<char,std::char_traits<char>,std::allocator<char> > > >::{dtor}	0.075911	0.078586	0.0		0.014157	0.014157	0.0	0.0	CpuHotPaths.exe	std::vector<std::basic_string<char,std::char_traits<char>,std::allocator<char> >,std::allocator<std::basic_string<char,std::char_traits<char>,std::allocator<char> > > >::{dtor}	vector	0x14010c96d
                          MaterialX_v1_39_6::ShaderNodeImpl::~ShaderNodeImpl	0.073820	0.076421	0.0		0.0	0.0	0.0	0.0	CpuHotPaths.exe	MaterialX_v1_39_6::ShaderNodeImpl::~ShaderNodeImpl(void)	ShaderNodeImpl.h	0x14010c8d0
                           std::basic_string<char,std::char_traits<char>,std::allocator<char> >::{dtor}	0.073820	0.076421	0.0		0.013767	0.013767	0.0	0.0	CpuHotPaths.exe	std::basic_string<char,std::char_traits<char>,std::allocator<char> >::{dtor}	xstring	0x14010c8e3
                        std::basic_string<char,std::char_traits<char>,std::allocator<char> >::{dtor}	0.074553	0.077180	0.0		0.013904	0.013904	0.0	0.0	CpuHotPaths.exe	std::basic_string<char,std::char_traits<char>,std::allocator<char> >::{dtor}	xstring	0x14013f912
                        free_base	0.073336	0.075921	0.0		0.013677	0.013677	0.0	0.0	ucrtbase.dll	free_base	[Unknown]	0x180012d60
                        std::list<struct std::pair<class std::basic_string<char,struct std::char_traits<char>,class std::allocator<char> > const ,class std::shared_ptr<class MaterialX_v1_39_6::ShaderOutput> >,class std::allocator<struct std::pair<class std::basic_string<char,struct std::char_traits<char>,class std::allocator<char> > const ,class std::shared_ptr<class MaterialX_v1_39_6::ShaderOutput> > > >::~list<struct std::pair<class std::basic_string<char,struct std::char_traits<char>,class std::allocator<char> > const ,class std::shared_ptr<class MaterialX_v1_39_6::ShaderOutput> >,class std::allocator<struct std::pair<class std::basic_string<char,struct std::char_traits<char>,class std::allocator<char> > const ,class std::shared_ptr<class MaterialX_v1_39_6::ShaderOutput> > > >	0.072092	0.074632	0.0		0.0	0.0	0.0	0.0	CpuHotPaths.exe	std::list<struct std::pair<class std::basic_string<char,struct std::char_traits<char>,class std::allocator<char> > const ,class std::shared_ptr<class MaterialX_v1_39_6::ShaderOutput> >,class std::allocator<struct std::pair<class std::basic_string<char,struct std::char_traits<char>,class std::allocator<char> > const ,class std::shared_ptr<class MaterialX_v1_39_6::ShaderOutput> > > >::~list<struct std::pair<class std::basic_string<char,struct std::char_traits<char>,class std::allocator<char> > const ,class std::shared_ptr<class MaterialX_v1_39_6::ShaderOutput> >,class std::allocator<struct std::pair<class std::basic_string<char,struct std::char_traits<char>,class std::allocator<char> > const ,class std::shared_ptr<class MaterialX_v1_39_6::ShaderOutput> > > >(void)	list	0x14013f190
                         MaterialX_v1_39_6::ShaderPort::~ShaderPort	0.072092	0.074632	0.0		0.0	0.0	0.0	0.0	CpuHotPaths.exe	MaterialX_v1_39_6::ShaderPort::~ShaderPort(void)	[Unknown]	0x1401385c0
                          std::basic_string<char,std::char_traits<char>,std::allocator<char> >::{dtor}	0.072092	0.074632	0.0		0.013445	0.013445	0.0	0.0	CpuHotPaths.exe	std::basic_string<char,std::char_traits<char>,std::allocator<char> >::{dtor}	xstring	0x14013866d
                     MaterialX_v1_39_6::ShaderGraph::{dtor}	0.157928	0.163494	0.0		0.0	0.0	0.0	0.0	CpuHotPaths.exe	MaterialX_v1_39_6::ShaderGraph::{dtor}	ShaderGraph.h	0x140158c8a
                      MaterialX_v1_39_6::ShaderNode::~ShaderNode	0.157928	0.163494	0.0		0.0	0.0	0.0	0.0	CpuHotPaths.exe	MaterialX_v1_39_6::ShaderNode::~ShaderNode(void)	ShaderNode.h	0x14013f7c0
                       std::list<struct std::pair<class std::basic_string<char,struct std::char_traits<char>,class std::allocator<char> > const ,class std::shared_ptr<class MaterialX_v1_39_6::ShaderOutput> >,class std::allocator<struct std::pair<class std::basic_string<char,struct std::char_traits<char>,class std::allocator<char> > const ,class std::shared_ptr<class MaterialX_v1_39_6::ShaderOutput> > > >::~list<struct std::pair<class std::basic_string<char,struct std::char_traits<char>,class std::allocator<char> > const ,class std::shared_ptr<class MaterialX_v1_39_6::ShaderOutput> >,class std::allocator<struct std::pair<class std::basic_string<char,struct std::char_traits<char>,class std::allocator<char> > const ,class std::shared_ptr<class MaterialX_v1_39_6::ShaderOutput> > > >	0.157928	0.163494	0.0		0.0	0.0	0.0	0.0	CpuHotPaths.exe	std::list<struct std::pair<class std::basic_string<char,struct std::char_traits<char>,class std::allocator<char> > const ,class std::shared_ptr<class MaterialX_v1_39_6::ShaderOutput> >,class std::allocator<struct std::pair<class std::basic_string<char,struct std::char_traits<char>,class std::allocator<char> > const ,class std::shared_ptr<class MaterialX_v1_39_6::ShaderOutput> > > >::~list<struct std::pair<class std::basic_string<char,struct std::char_traits<char>,class std::allocator<char> > const ,class std::shared_ptr<class MaterialX_v1_39_6::ShaderOutput> >,class std::allocator<struct std::pair<class std::basic_string<char,struct std::char_traits<char>,class std::allocator<char> > const ,class std::shared_ptr<class MaterialX_v1_39_6::ShaderOutput> > > >(void)	list	0x14013f190
                        MaterialX_v1_39_6::ShaderPort::~ShaderPort	0.157928	0.163494	0.0		0.0	0.0	0.0	0.0	CpuHotPaths.exe	MaterialX_v1_39_6::ShaderPort::~ShaderPort(void)	[Unknown]	0x1401385c0
                         std::shared_ptr<MaterialX_v1_39_6::Value>::{dtor}	0.157928	0.163494	0.0		0.029453	0.029453	0.0	0.0	CpuHotPaths.exe	std::shared_ptr<MaterialX_v1_39_6::Value>::{dtor}	memory	0x140138721
                     std::_Hash<class std::_Umap_traits<class std::basic_string<char,struct std::char_traits<char>,class std::allocator<char> >,unsigned __int64,class std::_Uhash_compare<class std::basic_string<char,struct std::char_traits<char>,class std::allocator<char> >,struct std::hash<class std::basic_string<char,struct std::char_traits<char>,class std::allocator<char> > >,struct std::equal_to<class std::basic_string<char,struct std::char_traits<char>,class std::allocator<char> > > >,class std::allocator<struct std::pair<class std::basic_string<char,struct std::char_traits<char>,class std::allocator<char> > const ,unsigned __int64> >,0> >::~_Hash<class std::_Umap_traits<class std::basic_string<char,struct std::char_traits<char>,class std::allocator<char> >,unsigned __int64,class std::_Uhash_compare<class std::basic_string<char,struct std::char_traits<char>,class std::allocator<char> >,struct std::hash<class std::basic_string<char,struct std::char_traits<char>,class std::allocator<char> > >,struct std::equal_to<class std::basic_string<char,struct std::char_traits<char>,class std::allocator<char> > > >,class std::allocator<struct std::pair<class std::basic_string<char,struct std::char_traits<char>,class std::allocator<char> > const ,unsigned __int64> >,0> >	0.075875	0.078549	0.0		0.014151	0.014151	0.0	0.0	CpuHotPaths.exe	std::_Hash<class std::_Umap_traits<class std::basic_string<char,struct std::char_traits<char>,class std::allocator<char> >,unsigned __int64,class std::_Uhash_compare<class std::basic_string<char,struct std::char_traits<char>,class std::allocator<char> >,struct std::hash<class std::basic_string<char,struct std::char_traits<char>,class std::allocator<char> > >,struct std::equal_to<class std::basic_string<char,struct std::char_traits<char>,class std::allocator<char> > > >,class std::allocator<struct std::pair<class std::basic_string<char,struct std::char_traits<char>,class std::allocator<char> > const ,unsigned __int64> >,0> >::~_Hash<class std::_Umap_traits<class std::basic_string<char,struct std::char_traits<char>,class std::allocator<char> >,unsigned __int64,class std::_Uhash_compare<class std::basic_string<char,struct std::char_traits<char>,class std::allocator<char> >,struct std::hash<class std::basic_string<char,struct std::char_traits<char>,class std::allocator<char> > >,struct std::equal_to<class std::basic_string<char,struct std::char_traits<char>,class std::allocator<char> > > >,class std::allocator<struct std::pair<class std::basic_string<char,struct std::char_traits<char>,class std::allocator<char> > const ,unsigned __int64> >,0> >(void)	[Unknown]	0x14014bc00
                std::list<struct std::pair<class std::basic_string<char,struct std::char_traits<char>,class std::allocator<char> > const ,class std::shared_ptr<class MaterialX_v1_39_6::ShaderInput> >,class std::allocator<struct std::pair<class std::basic_string<char,struct std::char_traits<char>,class std::allocator<char> > const ,class std::shared_ptr<class MaterialX_v1_39_6::ShaderInput> > > >::~list<struct std::pair<class std::basic_string<char,struct std::char_traits<char>,class std::allocator<char> > const ,class std::shared_ptr<class MaterialX_v1_39_6::ShaderInput> >,class std::allocator<struct std::pair<class std::basic_string<char,struct std::char_traits<char>,class std::allocator<char> > const ,class std::shared_ptr<class MaterialX_v1_39_6::ShaderInput> > > >	0.230870	0.239006	0.0		0.0	0.0	0.0	0.0	CpuHotPaths.exe	std::list<struct std::pair<class std::basic_string<char,struct std::char_traits<char>,class std::allocator<char> > const ,class std::shared_ptr<class MaterialX_v1_39_6::ShaderInput> >,class std::allocator<struct std::pair<class std::basic_string<char,struct std::char_traits<char>,class std::allocator<char> > const ,class std::shared_ptr<class MaterialX_v1_39_6::ShaderInput> > > >::~list<struct std::pair<class std::basic_string<char,struct std::char_traits<char>,class std::allocator<char> > const ,class std::shared_ptr<class MaterialX_v1_39_6::ShaderInput> >,class std::allocator<struct std::pair<class std::basic_string<char,struct std::char_traits<char>,class std::allocator<char> > const ,class std::shared_ptr<class MaterialX_v1_39_6::ShaderInput> > > >(void)	list	0x14013f100
                 MaterialX_v1_39_6::ShaderPort::~ShaderPort	0.230870	0.239006	0.0		0.0	0.0	0.0	0.0	CpuHotPaths.exe	MaterialX_v1_39_6::ShaderPort::~ShaderPort(void)	[Unknown]	0x1401385c0
                  std::shared_ptr<MaterialX_v1_39_6::Value>::{dtor}	0.153347	0.158752	0.0		0.028599	0.028599	0.0	0.0	CpuHotPaths.exe	std::shared_ptr<MaterialX_v1_39_6::Value>::{dtor}	memory	0x140138721
                  std::basic_string<char,std::char_traits<char>,std::allocator<char> >::{dtor}	0.077522	0.080254	0.0		0.014458	0.014458	0.0	0.0	CpuHotPaths.exe	std::basic_string<char,std::char_traits<char>,std::allocator<char> >::{dtor}	xstring	0x140138801
             MaterialX_v1_39_6::ShaderGraph::{dtor}	0.078097	0.080849	0.0		0.0	0.0	0.0	0.0	CpuHotPaths.exe	MaterialX_v1_39_6::ShaderGraph::{dtor}	ShaderGraph.h	0x140158c8a
              std::shared_ptr<MaterialX_v1_39_6::Document const >::{dtor}	0.078097	0.080849	0.0		0.0	0.0	0.0	0.0	CpuHotPaths.exe	std::shared_ptr<MaterialX_v1_39_6::Document const >::{dtor}	memory	0x140158d41
               MaterialX_v1_39_6::Document::`scalar deleting destructor'	0.078097	0.080849	0.0		0.0	0.0	0.0	0.0	CpuHotPaths.exe	MaterialX_v1_39_6::Document::`scalar deleting destructor'(unsigned int)	[Unknown]	0x1401ed7d0
                MaterialX_v1_39_6::Document::{dtor}	0.078097	0.080849	0.0		0.0	0.0	0.0	0.0	CpuHotPaths.exe	MaterialX_v1_39_6::Document::{dtor}	Document.cpp	0x1401ed7d6
                 std::unique_ptr<class MaterialX_v1_39_6::Document::Cache,struct std::default_delete<class MaterialX_v1_39_6::Document::Cache> >::~unique_ptr<class MaterialX_v1_39_6::Document::Cache,struct std::default_delete<class MaterialX_v1_39_6::Document::Cache> >	0.078097	0.080849	0.0		0.014565	0.014565	0.0	0.0	CpuHotPaths.exe	std::unique_ptr<class MaterialX_v1_39_6::Document::Cache,struct std::default_delete<class MaterialX_v1_39_6::Document::Cache> >::~unique_ptr<class MaterialX_v1_39_6::Document::Cache,struct std::default_delete<class MaterialX_v1_39_6::Document::Cache> >(void)	memory	0x1401ed650
          std::list<struct std::pair<class std::basic_string<char,struct std::char_traits<char>,class std::allocator<char> > const ,class std::shared_ptr<class MaterialX_v1_39_6::ShaderStage> >,class std::allocator<struct std::pair<class std::basic_string<char,struct std::char_traits<char>,class std::allocator<char> > const ,class std::shared_ptr<class MaterialX_v1_39_6::ShaderStage> > > >::~list<struct std::pair<class std::basic_string<char,struct std::char_traits<char>,class std::allocator<char> > const ,class std::shared_ptr<class MaterialX_v1_39_6::ShaderStage> >,class std::allocator<struct std::pair<class std::basic_string<char,struct std::char_traits<char>,class std::allocator<char> > const ,class std::shared_ptr<class MaterialX_v1_39_6::ShaderStage> > > >	0.157548	0.163101	0.0		0.0	0.0	0.0	0.0	CpuHotPaths.exe	std::list<struct std::pair<class std::basic_string<char,struct std::char_traits<char>,class std::allocator<char> > const ,class std::shared_ptr<class MaterialX_v1_39_6::ShaderStage> >,class std::allocator<struct std::pair<class std::basic_string<char,struct std::char_traits<char>,class std::allocator<char> > const ,class std::shared_ptr<class MaterialX_v1_39_6::ShaderStage> > > >::~list<struct std::pair<class std::basic_string<char,struct std::char_traits<char>,class std::allocator<char> > const ,class std::shared_ptr<class MaterialX_v1_39_6::ShaderStage> >,class std::allocator<struct std::pair<class std::basic_string<char,struct std::char_traits<char>,class std::allocator<char> > const ,class std::shared_ptr<class MaterialX_v1_39_6::ShaderStage> > > >(void)	list	0x140135810
           MaterialX_v1_39_6::ShaderStage::~ShaderStage	0.157548	0.163101	0.0		0.0	0.0	0.0	0.0	CpuHotPaths.exe	MaterialX_v1_39_6::ShaderStage::~ShaderStage(void)	[Unknown]	0x140116e40
            std::_Tree<std::_Tset_traits<unsigned __int64,std::less<unsigned __int64>,std::allocator<unsigned __int64>,0> >::{dtor}	0.079153	0.081942	0.0		0.014762	0.014762	0.0	0.0	CpuHotPaths.exe	std::_Tree<std::_Tset_traits<unsigned __int64,std::less<unsigned __int64>,std::allocator<unsigned __int64>,0> >::{dtor}	xtree	0x140116f4c
            std::_Tree<std::_Tmap_traits<std::basic_string<char,std::char_traits<char>,std::allocator<char> >,std::shared_ptr<MaterialX_v1_39_6::VariableBlock>,std::less<std::basic_string<char,std::char_traits<char>,std::allocator<char> > >,std::allocator<std::pair<std::basic_string<char,std::char_traits<char>,std::allocator<char> > const ,std::shared_ptr<MaterialX_v1_39_6::VariableBlock> > >,0> >::{dtor}	0.078396	0.081159	0.0		0.0	0.0	0.0	0.0	CpuHotPaths.exe	std::_Tree<std::_Tmap_traits<std::basic_string<char,std::char_traits<char>,std::allocator<char> >,std::shared_ptr<MaterialX_v1_39_6::VariableBlock>,std::less<std::basic_string<char,std::char_traits<char>,std::allocator<char> > >,std::allocator<std::pair<std::basic_string<char,std::char_traits<char>,std::allocator<char> > const ,std::shared_ptr<MaterialX_v1_39_6::VariableBlock> > >,0> >::{dtor}	xtree	0x140116f0a
             MaterialX_v1_39_6::VariableBlock::~VariableBlock	0.078396	0.081159	0.0		0.0	0.0	0.0	0.0	CpuHotPaths.exe	MaterialX_v1_39_6::VariableBlock::~VariableBlock(void)	[Unknown]	0x140117130
              std::list<struct std::pair<class std::basic_string<char,struct std::char_traits<char>,class std::allocator<char> > const ,class std::shared_ptr<class MaterialX_v1_39_6::ShaderPort> >,class std::allocator<struct std::pair<class std::basic_string<char,struct std::char_traits<char>,class std::allocator<char> > const ,class std::shared_ptr<class MaterialX_v1_39_6::ShaderPort> > > >::~list<struct std::pair<class std::basic_string<char,struct std::char_traits<char>,class std::allocator<char> > const ,class std::shared_ptr<class MaterialX_v1_39_6::ShaderPort> >,class std::allocator<struct std::pair<class std::basic_string<char,struct std::char_traits<char>,class std::allocator<char> > const ,class std::shared_ptr<class MaterialX_v1_39_6::ShaderPort> > > >	0.078396	0.081159	0.0		0.014621	0.014621	0.0	0.0	CpuHotPaths.exe	std::list<struct std::pair<class std::basic_string<char,struct std::char_traits<char>,class std::allocator<char> > const ,class std::shared_ptr<class MaterialX_v1_39_6::ShaderPort> >,class std::allocator<struct std::pair<class std::basic_string<char,struct std::char_traits<char>,class std::allocator<char> > const ,class std::shared_ptr<class MaterialX_v1_39_6::ShaderPort> > > >::~list<struct std::pair<class std::basic_string<char,struct std::char_traits<char>,class std::allocator<char> > const ,class std::shared_ptr<class MaterialX_v1_39_6::ShaderPort> >,class std::allocator<struct std::pair<class std::basic_string<char,struct std::char_traits<char>,class std::allocator<char> > const ,class std::shared_ptr<class MaterialX_v1_39_6::ShaderPort> > > >(void)	list	0x140116ce0
        [Unknown stack frame(s)]	0.075782	0.078452	0.0		0.0	0.0	0.0	0.0	[Unknown]	[Unknown stack frame(s)]	[Unknown]	0x0
         [pincrt.dll]	0.075782	0.078452	0.0		0.014133	0.014133	0.0	0.0	pincrt.dll	[pincrt.dll]	[Unknown]	0x0
       main::__l30::<lambda_aa6e5505e88b4e9c807a5075eba91706>::operator()	0.305954	0.316736	0.0		0.0	0.0	0.0	0.0	CpuHotPaths.exe	main::__l30::<lambda_aa6e5505e88b4e9c807a5075eba91706>::operator()	CpuHotPaths.cpp	0x1400a9770
        <lambda_01f1892c40223c166c8f3d9ac33c6fe2>::operator()	0.305954	0.316736	0.0		0.0	0.0	0.0	0.0	CpuHotPaths.exe	<lambda_01f1892c40223c166c8f3d9ac33c6fe2>::operator()()	CpuHotPaths.cpp	0x1400ae2f0
         MaterialX_v1_39_6::GlslShaderGenerator::generate	0.305954	0.316736	0.0		0.0	0.0	0.0	0.0	CpuHotPaths.exe	MaterialX_v1_39_6::GlslShaderGenerator::generate(class std::basic_string<char,struct std::char_traits<char>,class std::allocator<char> > const &,class std::shared_ptr<class MaterialX_v1_39_6::Element>,class MaterialX_v1_39_6::GenContext &)	GlslShaderGenerator.cpp	0x1400c07c0
          MaterialX_v1_39_6::HwShaderGenerator::createShader	0.305954	0.316736	0.0		0.0	0.0	0.0	0.0	CpuHotPaths.exe	MaterialX_v1_39_6::HwShaderGenerator::createShader(class std::basic_string<char,struct std::char_traits<char>,class std::allocator<char> > const &,class std::shared_ptr<class MaterialX_v1_39_6::Element>,class MaterialX_v1_39_6::GenContext &)	HwShaderGenerator.cpp	0x140108330
           MaterialX_v1_39_6::ShaderGraph::create	0.305954	0.316736	0.0		0.0	0.0	0.0	0.0	CpuHotPaths.exe	MaterialX_v1_39_6::ShaderGraph::create(class MaterialX_v1_39_6::ShaderGraph const *,class std::basic_string<char,struct std::char_traits<char>,class std::allocator<char> > const &,class std::shared_ptr<class MaterialX_v1_39_6::Element>,class MaterialX_v1_39_6::GenContext &)	ShaderGraph.cpp	0x140160010
            MaterialX_v1_39_6::ShaderGraph::addUpstreamDependencies	0.305954	0.316736	0.0		0.0	0.0	0.0	0.0	CpuHotPaths.exe	MaterialX_v1_39_6::ShaderGraph::addUpstreamDependencies(class MaterialX_v1_39_6::Element const &,class MaterialX_v1_39_6::GenContext &)	ShaderGraph.cpp	0x14015e1a0
             MaterialX_v1_39_6::ShaderGraph::createConnectedNodes	0.305954	0.316736	0.0		0.0	0.0	0.0	0.0	CpuHotPaths.exe	MaterialX_v1_39_6::ShaderGraph::createConnectedNodes(class std::shared_ptr<class MaterialX_v1_39_6::Element> const &,class std::shared_ptr<class MaterialX_v1_39_6::Element> const &,class std::shared_ptr<class MaterialX_v1_39_6::Element>,class MaterialX_v1_39_6::GenContext &)	ShaderGraph.cpp	0x140161e40
              MaterialX_v1_39_6::ShaderGraph::createNode	0.305954	0.316736	0.0		0.0	0.0	0.0	0.0	CpuHotPaths.exe	MaterialX_v1_39_6::ShaderGraph::createNode(class std::shared_ptr<class MaterialX_v1_39_6::Node const >,class MaterialX_v1_39_6::GenContext &)	ShaderGraph.cpp	0x140162d90
               MaterialX_v1_39_6::ShaderGraph::createNode	0.305954	0.316736	0.0		0.0	0.0	0.0	0.0	CpuHotPaths.exe	MaterialX_v1_39_6::ShaderGraph::createNode(class std::basic_string<char,struct std::char_traits<char>,class std::allocator<char> > const &,class std::basic_string<char,struct std::char_traits<char>,class std::allocator<char> > const &,class std::shared_ptr<class MaterialX_v1_39_6::NodeDef const >,class MaterialX_v1_39_6::GenContext &)	ShaderGraph.cpp	0x140162b10
                MaterialX_v1_39_6::ShaderNode::create	0.305954	0.316736	0.0		0.0	0.0	0.0	0.0	CpuHotPaths.exe	MaterialX_v1_39_6::ShaderNode::create(class MaterialX_v1_39_6::ShaderGraph const *,class std::basic_string<char,struct std::char_traits<char>,class std::allocator<char> > const &,class MaterialX_v1_39_6::NodeDef const &,class MaterialX_v1_39_6::GenContext &)	ShaderNode.cpp	0x1401413a0
                 MaterialX_v1_39_6::ShaderGenerator::getImplementation	0.305954	0.316736	0.0		0.0	0.0	0.0	0.0	CpuHotPaths.exe	MaterialX_v1_39_6::ShaderGenerator::getImplementation(class MaterialX_v1_39_6::NodeDef const &,class MaterialX_v1_39_6::GenContext &)	ShaderGenerator.cpp	0x14014f640
                  MaterialX_v1_39_6::CompoundNode::initialize	0.305954	0.316736	0.0		0.0	0.0	0.0	0.0	CpuHotPaths.exe	MaterialX_v1_39_6::CompoundNode::initialize(class MaterialX_v1_39_6::InterfaceElement const &,class MaterialX_v1_39_6::GenContext &)	CompoundNode.cpp	0x140168580
                   MaterialX_v1_39_6::ShaderGraph::create	0.305954	0.316736	0.0		0.0	0.0	0.0	0.0	CpuHotPaths.exe	MaterialX_v1_39_6::ShaderGraph::create(class MaterialX_v1_39_6::ShaderGraph const *,class MaterialX_v1_39_6::NodeGraph const &,class MaterialX_v1_39_6::GenContext &)	ShaderGraph.cpp	0x140161a60
                    MaterialX_v1_39_6::ShaderGraph::addUpstreamDependencies	0.305954	0.316736	0.0		0.0	0.0	0.0	0.0	CpuHotPaths.exe	MaterialX_v1_39_6::ShaderGraph::addUpstreamDependencies(class MaterialX_v1_39_6::Element const &,class MaterialX_v1_39_6::GenContext &)	ShaderGraph.cpp	0x14015e1a0
                     MaterialX_v1_39_6::ShaderGraph::createConnectedNodes	0.305954	0.316736	0.0		0.0	0.0	0.0	0.0	CpuHotPaths.exe	MaterialX_v1_39_6::ShaderGraph::createConnectedNodes(class std::shared_ptr<class MaterialX_v1_39_6::Element> const &,class std::shared_ptr<class MaterialX_v1_39_6::Element> const &,class std::shared_ptr<class MaterialX_v1_39_6::Element>,class MaterialX_v1_39_6::GenContext &)	ShaderGraph.cpp	0x140161e40
                      MaterialX_v1_39_6::ShaderGraph::createNode	0.230565	0.238690	0.0		0.0	0.0	0.0	0.0	CpuHotPaths.exe	MaterialX_v1_39_6::ShaderGraph::createNode(class std::shared_ptr<class MaterialX_v1_39_6::Node const >,class MaterialX_v1_39_6::GenContext &)	ShaderGraph.cpp	0x140162d90
                       MaterialX_v1_39_6::ShaderGraph::createNode	0.154439	0.159882	0.0		0.0	0.0	0.0	0.0	CpuHotPaths.exe	MaterialX_v1_39_6::ShaderGraph::createNode(class std::basic_string<char,struct std::char_traits<char>,class std::allocator<char> > const &,class std::basic_string<char,struct std::char_traits<char>,class std::allocator<char> > const &,class std::shared_ptr<class MaterialX_v1_39_6::NodeDef const >,class MaterialX_v1_39_6::GenContext &)	ShaderGraph.cpp	0x140162b10
                        MaterialX_v1_39_6::ShaderNode::create	0.154439	0.159882	0.0		0.0	0.0	0.0	0.0	CpuHotPaths.exe	MaterialX_v1_39_6::ShaderNode::create(class MaterialX_v1_39_6::ShaderGraph const *,class std::basic_string<char,struct std::char_traits<char>,class std::allocator<char> > const &,class MaterialX_v1_39_6::NodeDef const &,class MaterialX_v1_39_6::GenContext &)	ShaderNode.cpp	0x1401413a0
                         MaterialX_v1_39_6::ShaderGenerator::getImplementation	0.154439	0.159882	0.0		0.0	0.0	0.0	0.0	CpuHotPaths.exe	MaterialX_v1_39_6::ShaderGenerator::getImplementation(class MaterialX_v1_39_6::NodeDef const &,class MaterialX_v1_39_6::GenContext &)	ShaderGenerator.cpp	0x14014f640
                          MaterialX_v1_39_6::SourceCodeNode::initialize	0.154439	0.159882	0.0		0.0	0.0	0.0	0.0	CpuHotPaths.exe	MaterialX_v1_39_6::SourceCodeNode::initialize(class MaterialX_v1_39_6::InterfaceElement const &,class MaterialX_v1_39_6::GenContext &)	SourceCodeNode.cpp	0x14016b2e0
                           MaterialX_v1_39_6::SourceCodeNode::resolveSourceCode	0.154439	0.159882	0.0		0.0	0.0	0.0	0.0	CpuHotPaths.exe	MaterialX_v1_39_6::SourceCodeNode::resolveSourceCode(class MaterialX_v1_39_6::InterfaceElement const &,class MaterialX_v1_39_6::GenContext &)	SourceCodeNode.cpp	0x14016bb60
                            MaterialX_v1_39_6::readFile	0.081281	0.084145	0.0		0.0	0.0	0.0	0.0	CpuHotPaths.exe	MaterialX_v1_39_6::readFile(class MaterialX_v1_39_6::FilePath const &)	Util.cpp	0x1400d5610
                             std::basic_ifstream<char,std::char_traits<char> >::{ctor}	0.081281	0.084145	0.0		0.015159	0.015159	0.0	0.0	CpuHotPaths.exe	std::basic_ifstream<char,std::char_traits<char> >::{ctor}	fstream	0x1400d565f
                            MaterialX_v1_39_6::GenContext::resolveSourceFile	0.073159	0.075737	0.0		0.0	0.0	0.0	0.0	CpuHotPaths.exe	MaterialX_v1_39_6::GenContext::resolveSourceFile(class MaterialX_v1_39_6::FilePath const &,class MaterialX_v1_39_6::FilePath const &)	GenContext.h	0x14013c820
                             MaterialX_v1_39_6::FileSearchPath::find	0.073159	0.075737	0.0		0.0	0.0	0.0	0.0	CpuHotPaths.exe	MaterialX_v1_39_6::FileSearchPath::find	File.h	0x14013ca24
                              MaterialX_v1_39_6::FilePath::exists	0.073159	0.075737	0.0		0.0	0.0	0.0	0.0	CpuHotPaths.exe	MaterialX_v1_39_6::FilePath::exists(void)	File.cpp	0x1400ccb40
                               GetFileAttributesA	0.073159	0.075737	0.0		0.013644	0.013644	0.0	0.0	KERNELBASE.dll	GetFileAttributesA	[Unknown]	0x18006d270
                       MaterialX_v1_39_6::ShaderNode::initialize	0.076125	0.078808	0.0		0.0	0.0	0.0	0.0	CpuHotPaths.exe	MaterialX_v1_39_6::ShaderNode::initialize(class MaterialX_v1_39_6::Node const &,class MaterialX_v1_39_6::NodeDef const &,class MaterialX_v1_39_6::GenContext &)	ShaderNode.cpp	0x140143bd0
                        MaterialX_v1_39_6::Element::getNamePath	0.076125	0.078808	0.0		0.0	0.0	0.0	0.0	CpuHotPaths.exe	MaterialX_v1_39_6::Element::getNamePath(class std::shared_ptr<class MaterialX_v1_39_6::Element const >)	Element.cpp	0x1401a41f0
                         std::operator+	0.076125	0.078808	0.0		0.0	0.0	0.0	0.0	CpuHotPaths.exe	std::operator+	xstring	0x1401a4487
                          operator new	0.076125	0.078808	0.0		0.0	0.0	0.0	0.0	CpuHotPaths.exe	operator new(unsigned __int64)	new_scalar.cpp	0x140234c58
                           malloc_base	0.076125	0.078808	0.0		0.014197	0.014197	0.0	0.0	ucrtbase.dll	malloc_base	[Unknown]	0x1800050a0
                      MaterialX_v1_39_6::Element::getNamePath	0.075389	0.078046	0.0		0.0	0.0	0.0	0.0	CpuHotPaths.exe	MaterialX_v1_39_6::Element::getNamePath(class std::shared_ptr<class MaterialX_v1_39_6::Element const >)	Element.cpp	0x1401a41f0
                       MaterialX_v1_39_6::Element::getSelf	0.075389	0.078046	0.0		0.0	0.0	0.0	0.0	CpuHotPaths.exe	MaterialX_v1_39_6::Element::getSelf	Element.h	0x1401a42fa
                        std::enable_shared_from_this<MaterialX_v1_39_6::Element>::shared_from_this	0.075389	0.078046	0.0		0.014060	0.014060	0.0	0.0	CpuHotPaths.exe	std::enable_shared_from_this<MaterialX_v1_39_6::Element>::shared_from_this	memory	0x1401a42fa
      MaterialX_v1_39_6::loadLibraries	0.158577	0.164165	0.0		0.0	0.0	0.0	0.0	CpuHotPaths.exe	MaterialX_v1_39_6::loadLibraries(class std::vector<class MaterialX_v1_39_6::FilePath,class std::allocator<class MaterialX_v1_39_6::FilePath> > const &,class MaterialX_v1_39_6::FileSearchPath const &,class std::shared_ptr<class MaterialX_v1_39_6::Document>,class std::set<class std::basic_string<char,struct std::char_traits<char>,class std::allocator<char> >,struct std::less<class std::basic_string<char,struct std::char_traits<char>,class std::allocator<char> > >,class std::allocator<class std::basic_string<char,struct std::char_traits<char>,class std::allocator<char> > > > const &,class MaterialX_v1_39_6::XmlReadOptions const *)	Util.cpp	0x1400d40c0
       MaterialX_v1_39_6::loadLibrary	0.158577	0.164165	0.0		0.0	0.0	0.0	0.0	CpuHotPaths.exe	MaterialX_v1_39_6::loadLibrary(class MaterialX_v1_39_6::FilePath const &,class std::shared_ptr<class MaterialX_v1_39_6::Document>,class MaterialX_v1_39_6::FileSearchPath const &,class MaterialX_v1_39_6::XmlReadOptions const *)	Util.cpp	0x1400d50f0
        MaterialX_v1_39_6::Document::importLibrary	0.080994	0.083848	0.0		0.0	0.0	0.0	0.0	CpuHotPaths.exe	MaterialX_v1_39_6::Document::importLibrary(class std::shared_ptr<class MaterialX_v1_39_6::Document const > const &)	Document.cpp	0x1401f2600
         MaterialX_v1_39_6::Element::copyContentFrom	0.080994	0.083848	0.0		0.0	0.0	0.0	0.0	CpuHotPaths.exe	MaterialX_v1_39_6::Element::copyContentFrom(class std::shared_ptr<class MaterialX_v1_39_6::Element const > const &)	Element.cpp	0x1401a3650
          MaterialX_v1_39_6::Element::addChildOfCategory	0.080994	0.083848	0.0		0.0	0.0	0.0	0.0	CpuHotPaths.exe	MaterialX_v1_39_6::Element::addChildOfCategory(class std::basic_string<char,struct std::char_traits<char>,class std::allocator<char> > const &,class std::basic_string<char,struct std::char_traits<char>,class std::allocator<char> >)	Element.cpp	0x1401a1bf0
           MaterialX_v1_39_6::Element::createElement<class MaterialX_v1_39_6::Output>	0.080994	0.083848	0.0		0.0	0.0	0.0	0.0	CpuHotPaths.exe	MaterialX_v1_39_6::Element::createElement<class MaterialX_v1_39_6::Output>(class std::shared_ptr<class MaterialX_v1_39_6::Element>,class std::basic_string<char,struct std::char_traits<char>,class std::allocator<char> > const &)	Element.h	0x140194f70
            std::make_shared<MaterialX_v1_39_6::Output,std::shared_ptr<MaterialX_v1_39_6::Element> &,std::basic_string<char,std::char_traits<char>,std::allocator<char> > const &>	0.080994	0.083848	0.0		0.0	0.0	0.0	0.0	CpuHotPaths.exe	std::make_shared<MaterialX_v1_39_6::Output,std::shared_ptr<MaterialX_v1_39_6::Element> &,std::basic_string<char,std::char_traits<char>,std::allocator<char> > const &>(class std::shared_ptr<MaterialX_v1_39_6::Element> & const, const class std::basic_string<char,std::char_traits<char>,std::allocator<char> > & const)	memory	0x1401ae400
             MaterialX_v1_39_6::Output::Output	0.080994	0.083848	0.0		0.0	0.0	0.0	0.0	CpuHotPaths.exe	MaterialX_v1_39_6::Output::Output(class std::shared_ptr<class MaterialX_v1_39_6::Element>,class std::basic_string<char,struct std::char_traits<char>,class std::allocator<char> > const &)	Interface.h	0x1401b4560
              MaterialX_v1_39_6::PortElement::PortElement	0.080994	0.083848	0.0		0.0	0.0	0.0	0.0	CpuHotPaths.exe	MaterialX_v1_39_6::PortElement::PortElement(class std::shared_ptr<class MaterialX_v1_39_6::Element>,class std::basic_string<char,struct std::char_traits<char>,class std::allocator<char> > const &,class std::basic_string<char,struct std::char_traits<char>,class std::allocator<char> > const &)	Interface.h	0x1400ab850
               MaterialX_v1_39_6::ValueElement::ValueElement	0.080994	0.083848	0.0		0.0	0.0	0.0	0.0	CpuHotPaths.exe	MaterialX_v1_39_6::ValueElement::ValueElement(class std::shared_ptr<class MaterialX_v1_39_6::Element>,class std::basic_string<char,struct std::char_traits<char>,class std::allocator<char> > const &,class std::basic_string<char,struct std::char_traits<char>,class std::allocator<char> > const &)	Element.h	0x1400ab9f0
                MaterialX_v1_39_6::TypedElement::TypedElement	0.080994	0.083848	0.0		0.0	0.0	0.0	0.0	CpuHotPaths.exe	MaterialX_v1_39_6::TypedElement::TypedElement(class std::shared_ptr<class MaterialX_v1_39_6::Element>,class std::basic_string<char,struct std::char_traits<char>,class std::allocator<char> > const &,class std::basic_string<char,struct std::char_traits<char>,class std::allocator<char> > const &)	Element.h	0x1400ab920
                 MaterialX_v1_39_6::Element::Element	0.080994	0.083848	0.0		0.0	0.0	0.0	0.0	CpuHotPaths.exe	MaterialX_v1_39_6::Element::Element(class std::shared_ptr<class MaterialX_v1_39_6::Element>,class std::basic_string<char,struct std::char_traits<char>,class std::allocator<char> > const &,class std::basic_string<char,struct std::char_traits<char>,class std::allocator<char> > const &)	Element.h	0x1400aae10
                  std::unordered_map<class std::basic_string<char,struct std::char_traits<char>,class std::allocator<char> >,class std::basic_string<char,struct std::char_traits<char>,class std::allocator<char> >,struct std::hash<class std::basic_string<char,struct std::char_traits<char>,class std::allocator<char> > >,struct std::equal_to<class std::basic_string<char,struct std::char_traits<char>,class std::allocator<char> > >,class std::allocator<struct std::pair<class std::basic_string<char,struct std::char_traits<char>,class std::allocator<char> > const ,class std::basic_string<char,struct std::char_traits<char>,class std::allocator<char> > > > >::unordered_map<class std::basic_string<char,struct std::char_traits<char>,class std::allocator<char> >,class std::basic_string<char,struct std::char_traits<char>,class std::allocator<char> >,struct std::hash<class std::basic_string<char,struct std::char_traits<char>,class std::allocator<char> > >,struct std::equal_to<class std::basic_string<char,struct std::char_traits<char>,class std::allocator<char> > >,class std::allocator<struct std::pair<class std::basic_string<char,struct std::char_traits<char>,class std::allocator<char> > const ,class std::basic_string<char,struct std::char_traits<char>,class std::allocator<char> > > > >	0.080994	0.083848	0.0		0.0	0.0	0.0	0.0	CpuHotPaths.exe	std::unordered_map<class std::basic_string<char,struct std::char_traits<char>,class std::allocator<char> >,class std::basic_string<char,struct std::char_traits<char>,class std::allocator<char> >,struct std::hash<class std::basic_string<char,struct std::char_traits<char>,class std::allocator<char> > >,struct std::equal_to<class std::basic_string<char,struct std::char_traits<char>,class std::allocator<char> > >,class std::allocator<struct std::pair<class std::basic_string<char,struct std::char_traits<char>,class std::allocator<char> > const ,class std::basic_string<char,struct std::char_traits<char>,class std::allocator<char> > > > >::unordered_map<class std::basic_string<char,struct std::char_traits<char>,class std::allocator<char> >,class std::basic_string<char,struct std::char_traits<char>,class std::allocator<char> >,struct std::hash<class std::basic_string<char,struct std::char_traits<char>,class std::allocator<char> > >,struct std::equal_to<class std::basic_string<char,struct std::char_traits<char>,class std::allocator<char> > >,class std::allocator<struct std::pair<class std::basic_string<char,struct std::char_traits<char>,class std::allocator<char> > const ,class std::basic_string<char,struct std::char_traits<char>,class std::allocator<char> > > > >(void)	unordered_map	0x1400aad80
                   operator new	0.080994	0.083848	0.0		0.0	0.0	0.0	0.0	CpuHotPaths.exe	operator new(unsigned __int64)	new_scalar.cpp	0x140234c58
                    malloc_base	0.080994	0.083848	0.0		0.015105	0.015105	0.0	0.0	ucrtbase.dll	malloc_base	[Unknown]	0x1800050a0
        MaterialX_v1_39_6::readFromXmlFile	0.077583	0.080317	0.0		0.0	0.0	0.0	0.0	CpuHotPaths.exe	MaterialX_v1_39_6::readFromXmlFile(class std::shared_ptr<class MaterialX_v1_39_6::Document>,class MaterialX_v1_39_6::FilePath,class MaterialX_v1_39_6::FileSearchPath,class MaterialX_v1_39_6::XmlReadOptions const *)	XmlIo.cpp	0x1400dadf0
         MaterialX_v1_39_6::`anonymous namespace'::documentFromXml	0.077583	0.080317	0.0		0.0	0.0	0.0	0.0	CpuHotPaths.exe	MaterialX_v1_39_6::`anonymous namespace'::documentFromXml(class std::shared_ptr<MaterialX_v1_39_6::Document>, const class pugi::xml_document & const, const class MaterialX_v1_39_6::FileSearchPath & const, const class MaterialX_v1_39_6::XmlReadOptions *)	XmlIo.cpp	0x1400d7b40
          MaterialX_v1_39_6::`anonymous namespace'::elementFromXml	0.077583	0.080317	0.0		0.0	0.0	0.0	0.0	CpuHotPaths.exe	MaterialX_v1_39_6::`anonymous namespace'::elementFromXml(const class pugi::xml_node & const, class std::shared_ptr<MaterialX_v1_39_6::Element>, const class MaterialX_v1_39_6::XmlReadOptions *, int)	XmlIo.cpp	0x1400d9b00
           MaterialX_v1_39_6::`anonymous namespace'::elementFromXml	0.077583	0.080317	0.0		0.0	0.0	0.0	0.0	CpuHotPaths.exe	MaterialX_v1_39_6::`anonymous namespace'::elementFromXml(const class pugi::xml_node & const, class std::shared_ptr<MaterialX_v1_39_6::Element>, const class MaterialX_v1_39_6::XmlReadOptions *, int)	XmlIo.cpp	0x1400d9b00
            MaterialX_v1_39_6::Element::addChildOfCategory	0.077583	0.080317	0.0		0.0	0.0	0.0	0.0	CpuHotPaths.exe	MaterialX_v1_39_6::Element::addChildOfCategory(class std::basic_string<char,struct std::char_traits<char>,class std::allocator<char> > const &,class std::basic_string<char,struct std::char_traits<char>,class std::allocator<char> >)	Element.cpp	0x1401a1bf0
             MaterialX_v1_39_6::Element::createElement<class MaterialX_v1_39_6::Output>	0.077583	0.080317	0.0		0.0	0.0	0.0	0.0	CpuHotPaths.exe	MaterialX_v1_39_6::Element::createElement<class MaterialX_v1_39_6::Output>(class std::shared_ptr<class MaterialX_v1_39_6::Element>,class std::basic_string<char,struct std::char_traits<char>,class std::allocator<char> > const &)	Element.h	0x140194f70
              std::make_shared<MaterialX_v1_39_6::Output,std::shared_ptr<MaterialX_v1_39_6::Element> &,std::basic_string<char,std::char_traits<char>,std::allocator<char> > const &>	0.077583	0.080317	0.0		0.014469	0.014469	0.0	0.0	CpuHotPaths.exe	std::make_shared<MaterialX_v1_39_6::Output,std::shared_ptr<MaterialX_v1_39_6::Element> &,std::basic_string<char,std::char_traits<char>,std::allocator<char> > const &>(class std::shared_ptr<MaterialX_v1_39_6::Element> & const, const class std::basic_string<char,std::char_traits<char>,std::allocator<char> > & const)	memory	0x1401ae400
      std::shared_ptr<MaterialX_v1_39_6::Document>::{dtor}	0.078466	0.081232	0.0		0.0	0.0	0.0	0.0	CpuHotPaths.exe	std::shared_ptr<MaterialX_v1_39_6::Document>::{dtor}	memory	0x1400b4eb0
       MaterialX_v1_39_6::Document::`scalar deleting destructor'	0.078466	0.081232	0.0		0.0	0.0	0.0	0.0	CpuHotPaths.exe	MaterialX_v1_39_6::Document::`scalar deleting destructor'(unsigned int)	[Unknown]	0x1401ed7d0
        MaterialX_v1_39_6::Document::{dtor}	0.078466	0.081232	0.0		0.0	0.0	0.0	0.0	CpuHotPaths.exe	MaterialX_v1_39_6::Document::{dtor}	Document.cpp	0x1401ed7d6
         MaterialX_v1_39_6::GraphElement::{dtor}	0.078466	0.081232	0.0		0.0	0.0	0.0	0.0	CpuHotPaths.exe	MaterialX_v1_39_6::GraphElement::{dtor}	Node.h	0x1401ed83d
          MaterialX_v1_39_6::InterfaceElement::{dtor}	0.078466	0.081232	0.0		0.0	0.0	0.0	0.0	CpuHotPaths.exe	MaterialX_v1_39_6::InterfaceElement::{dtor}	Interface.h	0x1401ed83d
           MaterialX_v1_39_6::TypedElement::{dtor}	0.078466	0.081232	0.0		0.0	0.0	0.0	0.0	CpuHotPaths.exe	MaterialX_v1_39_6::TypedElement::{dtor}	Element.h	0x1401ed83d
            MaterialX_v1_39_6::Element::~Element	0.078466	0.081232	0.0		0.0	0.0	0.0	0.0	CpuHotPaths.exe	MaterialX_v1_39_6::Element::~Element(void)	Element.h	0x1400ad500
             std::list<struct std::pair<class std::basic_string<char,struct std::char_traits<char>,class std::allocator<char> > const ,class std::shared_ptr<class MaterialX_v1_39_6::Element> >,class std::allocator<struct std::pair<class std::basic_string<char,struct std::char_traits<char>,class std::allocator<char> > const ,class std::shared_ptr<class MaterialX_v1_39_6::Element> > > >::~list<struct std::pair<class std::basic_string<char,struct std::char_traits<char>,class std::allocator<char> > const ,class std::shared_ptr<class MaterialX_v1_39_6::Element> >,class std::allocator<struct std::pair<class std::basic_string<char,struct std::char_traits<char>,class std::allocator<char> > const ,class std::shared_ptr<class MaterialX_v1_39_6::Element> > > >	0.078466	0.081232	0.0		0.014634	0.014634	0.0	0.0	CpuHotPaths.exe	std::list<struct std::pair<class std::basic_string<char,struct std::char_traits<char>,class std::allocator<char> > const ,class std::shared_ptr<class MaterialX_v1_39_6::Element> >,class std::allocator<struct std::pair<class std::basic_string<char,struct std::char_traits<char>,class std::allocator<char> > const ,class std::shared_ptr<class MaterialX_v1_39_6::Element> > > >::~list<struct std::pair<class std::basic_string<char,struct std::char_traits<char>,class std::allocator<char> > const ,class std::shared_ptr<class MaterialX_v1_39_6::Element> >,class std::allocator<struct std::pair<class std::basic_string<char,struct std::char_traits<char>,class std::allocator<char> > const ,class std::shared_ptr<class MaterialX_v1_39_6::Element> > > >(void)	list	0x1400aca10
