Function Stack	CPU Time:Total	CPU Time:Effective Time:Total	CPU Time:Spin Time:Total	CPU Time:Overhead Time:Total	CPU Time:Self	CPU Time:Effective Time:Self	CPU Time:Spin Time:Self	CPU Time:Overhead Time:Self	Module	Function (Full)	Source File	Start Address
Total	100.000000	100.000000	100.000000		0.0	0.0	0.0	0.0	[Unknown]	[Unknown]	[Unknown]	[Unknown]
 RtlUserThreadStart	100.000000	100.000000	100.000000		0.0	0.0	0.0	0.0	ntdll.dll	RtlUserThreadStart	[Unknown]	0x1800acac0
  BaseThreadInitThunk	100.000000	100.000000	100.000000		0.0	0.0	0.0	0.0	KERNEL32.DLL	BaseThreadInitThunk	[Unknown]	0x18002cd70
   __scrt_common_main_seh	100.000000	100.000000	100.000000		0.0	0.0	0.0	0.0	CpuHotPaths.exe	__scrt_common_main_seh()	exe_common.inl	0x1402352e4
    invoke_main	100.000000	100.000000	100.000000		0.0	0.0	0.0	0.0	CpuHotPaths.exe	invoke_main	exe_common.inl	0x1402353ce
     main	100.000000	100.000000	100.000000		0.0	0.0	0.0	0.0	CpuHotPaths.exe	main	CpuHotPaths.cpp	0x1400b2d90
      measure<<lambda_aa6e5505e88b4e9c807a5075eba91706> >	99.923731	99.921051	100.000000		0.0	0.0	0.0	0.0	CpuHotPaths.exe	measure<<lambda_aa6e5505e88b4e9c807a5075eba91706> >(const char *, unsigned __int64, class main::__l30::<lambda_aa6e5505e88b4e9c807a5075eba91706>)	CpuHotPaths.cpp	0x1400a9730
       main::__l30::<lambda_aa6e5505e88b4e9c807a5075eba91706>::operator()	99.706510	99.696195	100.000000		0.0	0.0	0.0	0.0	CpuHotPaths.exe	main::__l30::<lambda_aa6e5505e88b4e9c807a5075eba91706>::operator()	CpuHotPaths.cpp	0x1400a9810
        <lambda_01f1892c40223c166c8f3d9ac33c6fe2>::operator()	98.555554	98.504791	100.000000		0.0	0.0	0.0	0.0	CpuHotPaths.exe	<lambda_01f1892c40223c166c8f3d9ac33c6fe2>::operator()()	CpuHotPaths.cpp	0x1400ae2e0
         MaterialX_v1_39_6::GlslShaderGenerator::generate	95.965058	95.823255	100.000000		0.0	0.0	0.0	0.0	CpuHotPaths.exe	MaterialX_v1_39_6::GlslShaderGenerator::generate(class std::basic_string<char,struct std::char_traits<char>,class std::allocator<char> > const &,class std::shared_ptr<class MaterialX_v1_39_6::Element>,class MaterialX_v1_39_6::GenContext &)	GlslShaderGenerator.cpp	0x1400c07b0
          MaterialX_v1_39_6::HwShaderGenerator::createShader	68.096326	68.240110	64.005026		0.0	0.0	0.0	0.0	CpuHotPaths.exe	MaterialX_v1_39_6::HwShaderGenerator::createShader(class std::basic_string<char,struct std::char_traits<char>,class std::allocator<char> > const &,class std::shared_ptr<class MaterialX_v1_39_6::Element>,class MaterialX_v1_39_6::GenContext &)	HwShaderGenerator.cpp	0x140108320
           MaterialX_v1_39_6::ShaderGraph::create	67.876405	68.012460	64.005026		0.0	0.0	0.0	0.0	CpuHotPaths.exe	MaterialX_v1_39_6::ShaderGraph::create(class MaterialX_v1_39_6::ShaderGraph const *,class std::basic_string<char,struct std::char_traits<char>,class std::allocator<char> > const &,class std::shared_ptr<class MaterialX_v1_39_6::Element>,class MaterialX_v1_39_6::GenContext &)	ShaderGraph.cpp	0x140160000
            MaterialX_v1_39_6::ShaderGraph::addUpstreamDependencies	66.057629	66.129766	64.005026		0.0	0.0	0.0	0.0	CpuHotPaths.exe	MaterialX_v1_39_6::ShaderGraph::addUpstreamDependencies(class MaterialX_v1_39_6::Element const &,class MaterialX_v1_39_6::GenContext &)	ShaderGraph.cpp	0x14015e190
             MaterialX_v1_39_6::ShaderGraph::createConnectedNodes	65.908683	65.975585	64.005026		0.0	0.0	0.0	0.0	CpuHotPaths.exe	MaterialX_v1_39_6::ShaderGraph::createConnectedNodes(class std::shared_ptr<class MaterialX_v1_39_6::Element> const &,class std::shared_ptr<class MaterialX_v1_39_6::Element> const &,class std::shared_ptr<class MaterialX_v1_39_6::Element>,class MaterialX_v1_39_6::GenContext &)	ShaderGraph.cpp	0x140161e30
              MaterialX_v1_39_6::ShaderGraph::createNode	65.836964	65.901346	64.005026		0.0	0.0	0.0	0.0	CpuHotPaths.exe	MaterialX_v1_39_6::ShaderGraph::createNode(class std::shared_ptr<class MaterialX_v1_39_6::Node const >,class MaterialX_v1_39_6::GenContext &)	ShaderGraph.cpp	0x140162d80
               MaterialX_v1_39_6::ShaderGraph::createNode	65.054255	65.091129	64.005026		0.0	0.0	0.0	0.0	CpuHotPaths.exe	MaterialX_v1_39_6::ShaderGraph::createNode(class std::basic_string<char,struct std::char_traits<char>,class std::allocator<char> > const &,class std::basic_string<char,struct std::char_traits<char>,class std::allocator<char> > const &,class std::shared_ptr<class MaterialX_v1_39_6::NodeDef const >,class MaterialX_v1_39_6::GenContext &)	ShaderGraph.cpp	0x140162b00
                MaterialX_v1_39_6::ShaderNode::create	64.983531	65.017919	64.005026		0.0	0.0	0.0	0.0	CpuHotPaths.exe	MaterialX_v1_39_6::ShaderNode::create(class MaterialX_v1_39_6::ShaderGraph const *,class std::basic_string<char,struct std::char_traits<char>,class std::allocator<char> > const &,class MaterialX_v1_39_6::NodeDef const &,class MaterialX_v1_39_6::GenContext &)	ShaderNode.cpp	0x140141390
                 MaterialX_v1_39_6::ShaderGenerator::getImplementation	64.336689	64.348345	64.005026		0.0	0.0	0.0	0.0	CpuHotPaths.exe	MaterialX_v1_39_6::ShaderGenerator::getImplementation(class MaterialX_v1_39_6::NodeDef const &,class MaterialX_v1_39_6::GenContext &)	ShaderGenerator.cpp	0x14014f630
                  MaterialX_v1_39_6::CompoundNode::initialize	64.265299	64.274446	64.005026		0.0	0.0	0.0	0.0	CpuHotPaths.exe	MaterialX_v1_39_6::CompoundNode::initialize(class MaterialX_v1_39_6::InterfaceElement const &,class MaterialX_v1_39_6::GenContext &)	CompoundNode.cpp	0x140168570
                   MaterialX_v1_39_6::ShaderGraph::create	64.191656	64.198215	64.005026		0.0	0.0	0.0	0.0	CpuHotPaths.exe	MaterialX_v1_39_6::ShaderGraph::create(class MaterialX_v1_39_6::ShaderGraph const *,class MaterialX_v1_39_6::NodeGraph const &,class MaterialX_v1_39_6::GenContext &)	ShaderGraph.cpp	0x140161a50
                    MaterialX_v1_39_6::ShaderGraph::addUpstreamDependencies	53.784772	53.724025	55.513307		0.0	0.0	0.0	0.0	CpuHotPaths.exe	MaterialX_v1_39_6::ShaderGraph::addUpstreamDependencies(class MaterialX_v1_39_6::Element const &,class MaterialX_v1_39_6::GenContext &)	ShaderGraph.cpp	0x14015e190
                     MaterialX_v1_39_6::ShaderGraph::createConnectedNodes	50.457931	50.280265	55.513307		0.013597	0.013597	0.0	0.0	CpuHotPaths.exe	MaterialX_v1_39_6::ShaderGraph::createConnectedNodes(class std::shared_ptr<class MaterialX_v1_39_6::Element> const &,class std::shared_ptr<class MaterialX_v1_39_6::Element> const &,class std::shared_ptr<class MaterialX_v1_39_6::Element>,class MaterialX_v1_39_6::GenContext &)	ShaderGraph.cpp	0x140161e30
                      MaterialX_v1_39_6::ShaderGraph::createNode	48.515563	48.269636	55.513307		0.014666	0.014666	0.0	0.0	CpuHotPaths.exe	MaterialX_v1_39_6::ShaderGraph::createNode(class std::shared_ptr<class MaterialX_v1_39_6::Node const >,class MaterialX_v1_39_6::GenContext &)	ShaderGraph.cpp	0x140162d80
                       MaterialX_v1_39_6::ShaderGraph::createNode	36.747679	36.239267	51.214289		0.0	0.0	0.0	0.0	CpuHotPaths.exe	MaterialX_v1_39_6::ShaderGraph::createNode(class std::basic_string<char,struct std::char_traits<char>,class std::allocator<char> > const &,class std::basic_string<char,struct std::char_traits<char>,class std::allocator<char> > const &,class std::shared_ptr<class MaterialX_v1_39_6::NodeDef const >,class MaterialX_v1_39_6::GenContext &)	ShaderGraph.cpp	0x140162b00
                        MaterialX_v1_39_6::ShaderNode::create	36.747679	36.239267	51.214289		0.0	0.0	0.0	0.0	CpuHotPaths.exe	MaterialX_v1_39_6::ShaderNode::create(class MaterialX_v1_39_6::ShaderGraph const *,class std::basic_string<char,struct std::char_traits<char>,class std::allocator<char> > const &,class MaterialX_v1_39_6::NodeDef const &,class MaterialX_v1_39_6::GenContext &)	ShaderNode.cpp	0x140141390
                         MaterialX_v1_39_6::ShaderGenerator::getImplementation	31.316329	30.996286	40.422963		0.0	0.0	0.0	0.0	CpuHotPaths.exe	MaterialX_v1_39_6::ShaderGenerator::getImplementation(class MaterialX_v1_39_6::NodeDef const &,class MaterialX_v1_39_6::GenContext &)	ShaderGenerator.cpp	0x14014f630
                          MaterialX_v1_39_6::SourceCodeNode::initialize	25.381016	25.007825	35.999949		0.014405	0.014405	0.0	0.0	CpuHotPaths.exe	MaterialX_v1_39_6::SourceCodeNode::initialize(class MaterialX_v1_39_6::InterfaceElement const &,class MaterialX_v1_39_6::GenContext &)	SourceCodeNode.cpp	0x14016b2d0
                           MaterialX_v1_39_6::SourceCodeNode::resolveSourceCode	24.735119	24.339229	35.999949		0.0	0.0	0.0	0.0	CpuHotPaths.exe	MaterialX_v1_39_6::SourceCodeNode::resolveSourceCode(class MaterialX_v1_39_6::InterfaceElement const &,class MaterialX_v1_39_6::GenContext &)	SourceCodeNode.cpp	0x14016bb50
                            MaterialX_v1_39_6::readFile	18.881306	18.279690	35.999949		0.0	0.0	0.0	0.0	CpuHotPaths.exe	MaterialX_v1_39_6::readFile(class MaterialX_v1_39_6::FilePath const &)	Util.cpp	0x1400d5600
                             std::basic_ifstream<char,std::char_traits<char> >::{ctor}	15.705905	14.992693	35.999949		3.105587	2.863912	0.241675	0.0	CpuHotPaths.exe	std::basic_ifstream<char,std::char_traits<char> >::{ctor}	fstream	0x1400d564f
                             std::basic_ostream<char,struct std::char_traits<char> >::operator<<	1.807775	1.871307	0.0		0.343087	0.343087	0.0	0.0	MSVCP140.dll	std::basic_ostream<char,struct std::char_traits<char> >::operator<<(class std::basic_streambuf<char,struct std::char_traits<char> > * __ptr64)	[Unknown]	0x180050140
                              operator new	0.072679	0.075233	0.0		0.014371	0.014371	0.0	0.0	CpuHotPaths.exe	operator new(unsigned __int64)	new_scalar.cpp	0x140234a68
                             std::basic_ifstream<char,std::char_traits<char> >::close	1.222379	1.265338	0.0		0.241705	0.241705	0.0	0.0	CpuHotPaths.exe	std::basic_ifstream<char,std::char_traits<char> >::close	fstream	0x1400d57a9
                             std::basic_ios<char,struct std::char_traits<char> >::~basic_ios<char,struct std::char_traits<char> >	0.073423	0.076004	0.0		0.014518	0.014518	0.0	0.0	MSVCP140.dll	std::basic_ios<char,struct std::char_traits<char> >::~basic_ios<char,struct std::char_traits<char> >(void)	[Unknown]	0x180007030
                             std::basic_filebuf<char,struct std::char_traits<char> >::~basic_filebuf<char,struct std::char_traits<char> >	0.071824	0.074348	0.0		0.014202	0.014202	0.0	0.0	CpuHotPaths.exe	std::basic_filebuf<char,struct std::char_traits<char> >::~basic_filebuf<char,struct std::char_traits<char> >(void)	__msvc_filebuf.hpp	0x1400ac720
                            MaterialX_v1_39_6::GenContext::resolveSourceFile	5.706364	5.906908	0.0		0.0	0.0	0.0	0.0	CpuHotPaths.exe	MaterialX_v1_39_6::GenContext::resolveSourceFile(class MaterialX_v1_39_6::FilePath const &,class MaterialX_v1_39_6::FilePath const &)	GenContext.h	0x14013c810
                             MaterialX_v1_39_6::FileSearchPath::find	5.492692	5.685726	0.0		0.0	0.0	0.0	0.0	CpuHotPaths.exe	MaterialX_v1_39_6::FileSearchPath::find	File.h	0x14013ca14
                              MaterialX_v1_39_6::FilePath::exists	5.492692	5.685726	0.0		0.0	0.0	0.0	0.0	CpuHotPaths.exe	MaterialX_v1_39_6::FilePath::exists(void)	File.cpp	0x1400ccb30
                               GetFileAttributesA	5.347526	5.535459	0.0		1.057386	1.057386	0.0	0.0	KERNELBASE.dll	GetFileAttributesA	[Unknown]	0x18006d270
                               MaterialX_v1_39_6::FilePath::asString	0.145165	0.150267	0.0		0.0	0.0	0.0	0.0	CpuHotPaths.exe	MaterialX_v1_39_6::FilePath::asString	File.cpp	0x1400ccb64
                                std::basic_string<char,std::char_traits<char>,std::allocator<char> >::operator+=	0.074680	0.077304	0.0		0.014767	0.014767	0.0	0.0	CpuHotPaths.exe	std::basic_string<char,std::char_traits<char>,std::allocator<char> >::operator+=	xstring	0x1400ccc37
                                std::basic_string<char,std::char_traits<char>,std::allocator<char> >::operator+=	0.070486	0.072963	0.0		0.0	0.0	0.0	0.0	CpuHotPaths.exe	std::basic_string<char,std::char_traits<char>,std::allocator<char> >::operator+=	xstring	0x1400ccbc4
                                 operator new	0.070486	0.072963	0.0		0.0	0.0	0.0	0.0	CpuHotPaths.exe	operator new(unsigned __int64)	new_scalar.cpp	0x140234a68
                                  malloc_base	0.070486	0.072963	0.0		0.013937	0.013937	0.0	0.0	ucrtbase.dll	malloc_base	[Unknown]	0x1800050a0
                             MaterialX_v1_39_6::FilePath::getNormalized	0.142641	0.147654	0.0		0.0	0.0	0.0	0.0	CpuHotPaths.exe	MaterialX_v1_39_6::FilePath::getNormalized(void)	File.cpp	0x1400cd870
                              std::vector<std::basic_string<char,std::char_traits<char>,std::allocator<char> >,std::allocator<std::basic_string<char,std::char_traits<char>,std::allocator<char> > > >::push_back	0.142641	0.147654	0.0		0.0	0.0	0.0	0.0	CpuHotPaths.exe	std::vector<std::basic_string<char,std::char_traits<char>,std::allocator<char> >,std::allocator<std::basic_string<char,std::char_traits<char>,std::allocator<char> > > >::push_back	vector	0x1400cda79
                               operator new	0.142641	0.147654	0.0		0.0	0.0	0.0	0.0	CpuHotPaths.exe	operator new(unsigned __int64)	new_scalar.cpp	0x140234a68
                                malloc_base	0.142641	0.147654	0.0		0.028205	0.028205	0.0	0.0	ucrtbase.dll	malloc_base	[Unknown]	0x1800050a0
                             MaterialX_v1_39_6::FileSearchPath::prepend	0.071032	0.073528	0.0		0.0	0.0	0.0	0.0	CpuHotPaths.exe	MaterialX_v1_39_6::FileSearchPath::prepend	File.h	0x14013c93d
                              std::vector<MaterialX_v1_39_6::FilePath,std::allocator<MaterialX_v1_39_6::FilePath> >::insert	0.071032	0.073528	0.0		0.0	0.0	0.0	0.0	CpuHotPaths.exe	std::vector<MaterialX_v1_39_6::FilePath,std::allocator<MaterialX_v1_39_6::FilePath> >::insert	vector	0x14013c941
                               operator new	0.071032	0.073528	0.0		0.0	0.0	0.0	0.0	CpuHotPaths.exe	operator new(unsigned __int64)	new_scalar.cpp	0x140234a68
                                malloc_base	0.071032	0.073528	0.0		0.014045	0.014045	0.0	0.0	ucrtbase.dll	malloc_base	[Unknown]	0x1800050a0
                            MaterialX_v1_39_6::FilePath::{ctor}	0.147450	0.152632	0.0		0.0	0.0	0.0	0.0	CpuHotPaths.exe	MaterialX_v1_39_6::FilePath::{ctor}	File.h	0x14016bb8c
                             MaterialX_v1_39_6::FilePath::assign	0.147450	0.152632	0.0		0.0	0.0	0.0	0.0	CpuHotPaths.exe	MaterialX_v1_39_6::FilePath::assign(class std::basic_string<char,struct std::char_traits<char>,class std::allocator<char> > const &)	File.cpp	0x1400cbbc0
                              MaterialX_v1_39_6::splitString	0.147450	0.152632	0.0		0.014987	0.014987	0.0	0.0	CpuHotPaths.exe	MaterialX_v1_39_6::splitString(class std::basic_string<char,struct std::char_traits<char>,class std::allocator<char> > const &,class std::basic_string<char,struct std::char_traits<char>,class std::allocator<char> > const &)	Util.cpp	0x14017fd70
                               std::basic_string<char,std::char_traits<char>,std::allocator<char> >::substr	0.071655	0.074174	0.0		0.014169	0.014169	0.0	0.0	CpuHotPaths.exe	std::basic_string<char,std::char_traits<char>,std::allocator<char> >::substr	xstring	0x14017fdf9
                           MaterialX_v1_39_6::Syntax::makeValidName	0.501053	0.518662	0.0		0.056475	0.056475	0.0	0.0	CpuHotPaths.exe	MaterialX_v1_39_6::Syntax::makeValidName(class std::basic_string<char,struct std::char_traits<char>,class std::allocator<char> > &)	Syntax.cpp	0x1401498f0
                            std::find	0.215443	0.223014	0.0		0.042600	0.042600	0.0	0.0	CpuHotPaths.exe	std::find	xutility	0x1401499d6
                           std::unordered_map<std::basic_string<char,std::char_traits<char>,std::allocator<char> >,std::basic_string<char,std::char_traits<char>,std::allocator<char> >,std::hash<std::basic_string<char,std::char_traits<char>,std::allocator<char> > >,std::equal_to<std::basic_string<char,std::char_traits<char>,std::allocator<char> > >,std::allocator<std::pair<std::basic_string<char,std::char_traits<char>,std::allocator<char> > const ,std::basic_string<char,std::char_traits<char>,std::allocator<char> > > > >::{ctor}	0.071996	0.074526	0.0		0.0	0.0	0.0	0.0	CpuHotPaths.exe	std::unordered_map<std::basic_string<char,std::char_traits<char>,std::allocator<char> >,std::basic_string<char,std::char_traits<char>,std::allocator<char> >,std::hash<std::basic_string<char,std::char_traits<char>,std::allocator<char> > >,std::equal_to<std::basic_string<char,std::char_traits<char>,std::allocator<char> > >,std::allocator<std::pair<std::basic_string<char,std::char_traits<char>,std::allocator<char> > const ,std::basic_string<char,std::char_traits<char>,std::allocator<char> > > > >::{ctor}	unordered_map	0x14016b6be
                            operator new	0.071996	0.074526	0.0		0.0	0.0	0.0	0.0	CpuHotPaths.exe	operator new(unsigned __int64)	new_scalar.cpp	0x140234a68
                             malloc_base	0.071996	0.074526	0.0		0.014236	0.014236	0.0	0.0	ucrtbase.dll	malloc_base	[Unknown]	0x1800050a0
                          MaterialX_v1_39_6::CompoundNode::initialize	4.199046	4.191175	4.423014		0.0	0.0	0.0	0.0	CpuHotPaths.exe	MaterialX_v1_39_6::CompoundNode::initialize(class MaterialX_v1_39_6::InterfaceElement const &,class MaterialX_v1_39_6::GenContext &)	CompoundNode.cpp	0x140168570
                           MaterialX_v1_39_6::ShaderGraph::create	4.199046	4.191175	4.423014		0.0	0.0	0.0	0.0	CpuHotPaths.exe	MaterialX_v1_39_6::ShaderGraph::create(class MaterialX_v1_39_6::ShaderGraph const *,class MaterialX_v1_39_6::NodeGraph const &,class MaterialX_v1_39_6::GenContext &)	ShaderGraph.cpp	0x140161a50
                            MaterialX_v1_39_6::ShaderGraph::addUpstreamDependencies	3.761413	3.738161	4.423014		0.0	0.0	0.0	0.0	CpuHotPaths.exe	MaterialX_v1_39_6::ShaderGraph::addUpstreamDependencies(class MaterialX_v1_39_6::Element const &,class MaterialX_v1_39_6::GenContext &)	ShaderGraph.cpp	0x14015e190
                             MaterialX_v1_39_6::ShaderGraph::createConnectedNodes	3.262655	3.221876	4.423014		0.0	0.0	0.0	0.0	CpuHotPaths.exe	MaterialX_v1_39_6::ShaderGraph::createConnectedNodes(class std::shared_ptr<class MaterialX_v1_39_6::Element> const &,class std::shared_ptr<class MaterialX_v1_39_6::Element> const &,class std::shared_ptr<class MaterialX_v1_39_6::Element>,class MaterialX_v1_39_6::GenContext &)	ShaderGraph.cpp	0x140161e30
                              MaterialX_v1_39_6::ShaderGraph::createNode	3.115038	3.069071	4.423014		0.0	0.0	0.0	0.0	CpuHotPaths.exe	MaterialX_v1_39_6::ShaderGraph::createNode(class std::shared_ptr<class MaterialX_v1_39_6::Node const >,class MaterialX_v1_39_6::GenContext &)	ShaderGraph.cpp	0x140162d80
                               MaterialX_v1_39_6::ShaderGraph::createNode	1.960044	1.873486	4.423014		0.0	0.0	0.0	0.0	CpuHotPaths.exe	MaterialX_v1_39_6::ShaderGraph::createNode(class std::basic_string<char,struct std::char_traits<char>,class std::allocator<char> > const &,class std::basic_string<char,struct std::char_traits<char>,class std::allocator<char> > const &,class std::shared_ptr<class MaterialX_v1_39_6::NodeDef const >,class MaterialX_v1_39_6::GenContext &)	ShaderGraph.cpp	0x140162b00
                                MaterialX_v1_39_6::ShaderNode::create	1.960044	1.873486	4.423014		0.0	0.0	0.0	0.0	CpuHotPaths.exe	MaterialX_v1_39_6::ShaderNode::create(class MaterialX_v1_39_6::ShaderGraph const *,class std::basic_string<char,struct std::char_traits<char>,class std::allocator<char> > const &,class MaterialX_v1_39_6::NodeDef const &,class MaterialX_v1_39_6::GenContext &)	ShaderNode.cpp	0x140141390
                                 MaterialX_v1_39_6::ShaderGenerator::getImplementation	1.671933	1.649965	2.297016		0.0	0.0	0.0	0.0	CpuHotPaths.exe	MaterialX_v1_39_6::ShaderGenerator::getImplementation(class MaterialX_v1_39_6::NodeDef const &,class MaterialX_v1_39_6::GenContext &)	ShaderGenerator.cpp	0x14014f630
                                  MaterialX_v1_39_6::CompoundNode::initialize	1.237445	1.200208	2.297016		0.0	0.0	0.0	0.0	CpuHotPaths.exe	MaterialX_v1_39_6::CompoundNode::initialize(class MaterialX_v1_39_6::InterfaceElement const &,class MaterialX_v1_39_6::GenContext &)	CompoundNode.cpp	0x140168570
                                   MaterialX_v1_39_6::ShaderGraph::create	1.237445	1.200208	2.297016		0.0	0.0	0.0	0.0	CpuHotPaths.exe	MaterialX_v1_39_6::ShaderGraph::create(class MaterialX_v1_39_6::ShaderGraph const *,class MaterialX_v1_39_6::NodeGraph const &,class MaterialX_v1_39_6::GenContext &)	ShaderGraph.cpp	0x140161a50
                                    MaterialX_v1_39_6::ShaderGraph::addUpstreamDependencies	0.655285	0.678315	0.0		0.0	0.0	0.0	0.0	CpuHotPaths.exe	MaterialX_v1_39_6::ShaderGraph::addUpstreamDependencies(class MaterialX_v1_39_6::Element const &,class MaterialX_v1_39_6::GenContext &)	ShaderGraph.cpp	0x14015e190
                                     MaterialX_v1_39_6::ShaderGraph::createConnectedNodes	0.655285	0.678315	0.0		0.0	0.0	0.0	0.0	CpuHotPaths.exe	MaterialX_v1_39_6::ShaderGraph::createConnectedNodes(class std::shared_ptr<class MaterialX_v1_39_6::Element> const &,class std::shared_ptr<class MaterialX_v1_39_6::Element> const &,class std::shared_ptr<class MaterialX_v1_39_6::Element>,class MaterialX_v1_39_6::GenContext &)	ShaderGraph.cpp	0x140161e30
                                      MaterialX_v1_39_6::ShaderGraph::createNode	0.655285	0.678315	0.0		0.0	0.0	0.0	0.0	CpuHotPaths.exe	MaterialX_v1_39_6::ShaderGraph::createNode(class std::shared_ptr<class MaterialX_v1_39_6::Node const >,class MaterialX_v1_39_6::GenContext &)	ShaderGraph.cpp	0x140162d80
                                       MaterialX_v1_39_6::ShaderGraph::createNode	0.285912	0.295960	0.0		0.0	0.0	0.0	0.0	CpuHotPaths.exe	MaterialX_v1_39_6::ShaderGraph::createNode(class std::basic_string<char,struct std::char_traits<char>,class std::allocator<char> > const &,class std::basic_string<char,struct std::char_traits<char>,class std::allocator<char> > const &,class std::shared_ptr<class MaterialX_v1_39_6::NodeDef const >,class MaterialX_v1_39_6::GenContext &)	ShaderGraph.cpp	0x140162b00
                                        MaterialX_v1_39_6::ShaderNode::create	0.285912	0.295960	0.0		0.0	0.0	0.0	0.0	CpuHotPaths.exe	MaterialX_v1_39_6::ShaderNode::create(class MaterialX_v1_39_6::ShaderGraph const *,class std::basic_string<char,struct std::char_traits<char>,class std::allocator<char> > const &,class MaterialX_v1_39_6::NodeDef const &,class MaterialX_v1_39_6::GenContext &)	ShaderNode.cpp	0x140141390
                                         MaterialX_v1_39_6::ShaderGenerator::getImplementation	0.145193	0.150295	0.0		0.0	0.0	0.0	0.0	CpuHotPaths.exe	MaterialX_v1_39_6::ShaderGenerator::getImplementation(class MaterialX_v1_39_6::NodeDef const &,class MaterialX_v1_39_6::GenContext &)	ShaderGenerator.cpp	0x14014f630
                                          MaterialX_v1_39_6::NodeDef::getImplementation	0.145193	0.150295	0.0		0.0	0.0	0.0	0.0	CpuHotPaths.exe	MaterialX_v1_39_6::NodeDef::getImplementation(class std::basic_string<char,struct std::char_traits<char>,class std::allocator<char> > const &,bool)	Definition.cpp	0x1401d2d50
                                           MaterialX_v1_39_6::Document::getMatchingImplementations	0.145193	0.150295	0.0		0.0	0.0	0.0	0.0	CpuHotPaths.exe	MaterialX_v1_39_6::Document::getMatchingImplementations(class std::basic_string<char,struct std::char_traits<char>,class std::allocator<char> > const &)	Document.cpp	0x1401f0870
                                            MaterialX_v1_39_6::Document::Cache::getMatchingImplementations	0.073300	0.075876	0.0		0.0	0.0	0.0	0.0	CpuHotPaths.exe	MaterialX_v1_39_6::Document::Cache::getMatchingImplementations(class std::basic_string<char,struct std::char_traits<char>,class std::allocator<char> > const &)	Document.cpp	0x1401f0430
                                             std::_Hash<std::_Umap_traits<std::basic_string<char,std::char_traits<char>,std::allocator<char> >,std::vector<std::shared_ptr<MaterialX_v1_39_6::InterfaceElement>,std::allocator<std::shared_ptr<MaterialX_v1_39_6::InterfaceElement> > >,std::_Uhash_compare<std::basic_string<char,std::char_traits<char>,std::allocator<char> >,std::hash<std::basic_string<char,std::char_traits<char>,std::allocator<char> > >,std::equal_to<std::basic_string<char,std::char_traits<char>,std::allocator<char> > > >,std::allocator<std::pair<std::basic_string<char,std::char_traits<char>,std::allocator<char> > const ,std::vector<std::shared_ptr<MaterialX_v1_39_6::InterfaceElement>,std::allocator<std::shared_ptr<MaterialX_v1_39_6::InterfaceElement> > > > >,0> >::find	0.073300	0.075876	0.0		0.014494	0.014494	0.0	0.0	CpuHotPaths.exe	std::_Hash<std::_Umap_traits<std::basic_string<char,std::char_traits<char>,std::allocator<char> >,std::vector<std::shared_ptr<MaterialX_v1_39_6::InterfaceElement>,std::allocator<std::shared_ptr<MaterialX_v1_39_6::InterfaceElement> > >,std::_Uhash_compare<std::basic_string<char,std::char_traits<char>,std::allocator<char> >,std::hash<std::basic_string<char,std::char_traits<char>,std::allocator<char> > >,std::equal_to<std::basic_string<char,std::char_traits<char>,std::allocator<char> > > >,std::allocator<std::pair<std::basic_string<char,std::char_traits<char>,std::allocator<char> > const ,std::vector<std::shared_ptr<MaterialX_v1_39_6::InterfaceElement>,std::allocator<std::shared_ptr<MaterialX_v1_39_6::InterfaceElement> > > > >,0> >::find	xhash	0x1401f0467
                                            std::vector<std::shared_ptr<MaterialX_v1_39_6::InterfaceElement>,std::allocator<std::shared_ptr<MaterialX_v1_39_6::InterfaceElement> > >::insert	0.071893	0.074420	0.0		0.014216	0.014216	0.0	0.0	CpuHotPaths.exe	std::vector<std::shared_ptr<MaterialX_v1_39_6::InterfaceElement>,std::allocator<std::shared_ptr<MaterialX_v1_39_6::InterfaceElement> > >::insert	vector	0x1401f0a8b
                                         MaterialX_v1_39_6::ValueElement::getResolvedValue	0.070597	0.073078	0.0		0.0	0.0	0.0	0.0	CpuHotPaths.exe	MaterialX_v1_39_6::ValueElement::getResolvedValue(class std::shared_ptr<class MaterialX_v1_39_6::StringResolver>)	Element.cpp	0x1401c3be0
                                          MaterialX_v1_39_6::Value::createValueFromStrings	0.070597	0.073078	0.0		0.0	0.0	0.0	0.0	CpuHotPaths.exe	MaterialX_v1_39_6::Value::createValueFromStrings(class std::basic_string<char,struct std::char_traits<char>,class std::allocator<char> > const &,class std::basic_string<char,struct std::char_traits<char>,class std::allocator<char> > const &,class std::shared_ptr<class MaterialX_v1_39_6::TypeDef const >)	Value.cpp	0x140202910
                                           MaterialX_v1_39_6::TypedValue<class MaterialX_v1_39_6::Vector3>::createFromString	0.070597	0.073078	0.0		0.0	0.0	0.0	0.0	CpuHotPaths.exe	MaterialX_v1_39_6::TypedValue<class MaterialX_v1_39_6::Vector3>::createFromString(class std::basic_string<char,struct std::char_traits<char>,class std::allocator<char> > const &)	Value.cpp	0x1402024a0
                                            MaterialX_v1_39_6::fromValueString	0.070597	0.073078	0.0		0.0	0.0	0.0	0.0	CpuHotPaths.exe	MaterialX_v1_39_6::fromValueString	Value.cpp	0x1402024ca
                                             MaterialX_v1_39_6::fromValueString<float>	0.070597	0.073078	0.0		0.0	0.0	0.0	0.0	CpuHotPaths.exe	MaterialX_v1_39_6::fromValueString<float>(class std::basic_string<char,struct std::char_traits<char>,class std::allocator<char> > const &)	Value.cpp	0x1401fb440
                                              func@0x180045990	0.070597	0.073078	0.0		0.013959	0.013959	0.0	0.0	MSVCP140.dll	func@0x180045990	[Unknown]	0x180045990
                                         MaterialX_v1_39_6::Element::isA	0.070122	0.072586	0.0		0.0	0.0	0.0	0.0	CpuHotPaths.exe	MaterialX_v1_39_6::Element::isA	Element.h	0x1401415fc
                                          MaterialX_v1_39_6::Element::asA<class MaterialX_v1_39_6::Input>	0.070122	0.072586	0.0		0.0	0.0	0.0	0.0	CpuHotPaths.exe	MaterialX_v1_39_6::Element::asA<class MaterialX_v1_39_6::Input>(void)	Element.cpp	0x140191e80
                                           MaterialX_v1_39_6::Element::getSelf	0.070122	0.072586	0.0		0.0	0.0	0.0	0.0	CpuHotPaths.exe	MaterialX_v1_39_6::Element::getSelf	Element.h	0x140191e97
                                            std::enable_shared_from_this<MaterialX_v1_39_6::Element>::shared_from_this	0.070122	0.072586	0.0		0.013866	0.013866	0.0	0.0	CpuHotPaths.exe	std::enable_shared_from_this<MaterialX_v1_39_6::Element>::shared_from_this	memory	0x140191e97
                                       MaterialX_v1_39_6::ShaderNode::initialize	0.223476	0.231330	0.0		0.0	0.0	0.0	0.0	CpuHotPaths.exe	MaterialX_v1_39_6::ShaderNode::initialize(class MaterialX_v1_39_6::Node const &,class MaterialX_v1_39_6::NodeDef const &,class MaterialX_v1_39_6::GenContext &)	ShaderNode.cpp	0x140143bc0
                                        MaterialX_v1_39_6::Input::getInterfaceInput	0.148599	0.153821	0.0		0.0	0.0	0.0	0.0	CpuHotPaths.exe	MaterialX_v1_39_6::Input::getInterfaceInput(void)	Interface.cpp	0x1401ce7d0
                                         MaterialX_v1_39_6::InterfaceElement::getInput	0.074899	0.077531	0.0		0.0	0.0	0.0	0.0	CpuHotPaths.exe	MaterialX_v1_39_6::InterfaceElement::getInput	Interface.h	0x1401ce819
                                          MaterialX_v1_39_6::Element::getChildOfType<class MaterialX_v1_39_6::Input>	0.074899	0.077531	0.0		0.0	0.0	0.0	0.0	CpuHotPaths.exe	MaterialX_v1_39_6::Element::getChildOfType<class MaterialX_v1_39_6::Input>(class std::basic_string<char,struct std::char_traits<char>,class std::allocator<char> > const &)	Element.cpp	0x14019e2d0
                                           MaterialX_v1_39_6::Element::getChild	0.074899	0.077531	0.0		0.0	0.0	0.0	0.0	CpuHotPaths.exe	MaterialX_v1_39_6::Element::getChild(class std::basic_string<char,struct std::char_traits<char>,class std::allocator<char> > const &)	Element.cpp	0x1401c2250
                                            std::_Hash<std::_Umap_traits<std::basic_string<char,std::char_traits<char>,std::allocator<char> >,std::shared_ptr<MaterialX_v1_39_6::Element>,std::_Uhash_compare<std::basic_string<char,std::char_traits<char>,std::allocator<char> >,std::hash<std::basic_string<char,std::char_traits<char>,std::allocator<char> > >,std::equal_to<std::basic_string<char,std::char_traits<char>,std::allocator<char> > > >,std::allocator<std::pair<std::basic_string<char,std::char_traits<char>,std::allocator<char> > const ,std::shared_ptr<MaterialX_v1_39_6::Element> > >,0> >::find	0.074899	0.077531	0.0		0.014810	0.014810	0.0	0.0	CpuHotPaths.exe	std::_Hash<std::_Umap_traits<std::basic_string<char,std::char_traits<char>,std::allocator<char> >,std::shared_ptr<MaterialX_v1_39_6::Element>,std::_Uhash_compare<std::basic_string<char,std::char_traits<char>,std::allocator<char> >,std::hash<std::basic_string<char,std::char_traits<char>,std::allocator<char> > >,std::equal_to<std::basic_string<char,std::char_traits<char>,std::allocator<char> > > >,std::allocator<std::pair<std::basic_string<char,std::char_traits<char>,std::allocator<char> > const ,std::shared_ptr<MaterialX_v1_39_6::Element> > >,0> >::find	xhash	0x1401c2276
                                         MaterialX_v1_39_6::ValueElement::getInterfaceName	0.073700	0.076290	0.0		0.0	0.0	0.0	0.0	CpuHotPaths.exe	MaterialX_v1_39_6::ValueElement::getInterfaceName	Element.h	0x1401ce80a
                                          MaterialX_v1_39_6::Element::getAttribute	0.073700	0.076290	0.0		0.014573	0.014573	0.0	0.0	CpuHotPaths.exe	MaterialX_v1_39_6::Element::getAttribute(class std::basic_string<char,struct std::char_traits<char>,class std::allocator<char> > const &)	Element.h	0x1400b15e0
                                        MaterialX_v1_39_6::InterfaceElement::getActiveInputs	0.074877	0.077509	0.0		0.0	0.0	0.0	0.0	CpuHotPaths.exe	MaterialX_v1_39_6::InterfaceElement::getActiveInputs(void)	Interface.cpp	0x1401cae40
                                         MaterialX_v1_39_6::InterfaceElement::getInputs	0.074877	0.077509	0.0		0.0	0.0	0.0	0.0	CpuHotPaths.exe	MaterialX_v1_39_6::InterfaceElement::getInputs	Interface.h	0x1401caf1c
                                          MaterialX_v1_39_6::Element::getChildrenOfType<class MaterialX_v1_39_6::Input>	0.074877	0.077509	0.0		0.0	0.0	0.0	0.0	CpuHotPaths.exe	MaterialX_v1_39_6::Element::getChildrenOfType<class MaterialX_v1_39_6::Input>(class std::basic_string<char,struct std::char_traits<char>,class std::allocator<char> > const &)	Element.cpp	0x1401a8de0
                                           std::vector<std::shared_ptr<MaterialX_v1_39_6::Input>,std::allocator<std::shared_ptr<MaterialX_v1_39_6::Input> > >::push_back	0.074877	0.077509	0.0		0.0	0.0	0.0	0.0	CpuHotPaths.exe	std::vector<std::shared_ptr<MaterialX_v1_39_6::Input>,std::allocator<std::shared_ptr<MaterialX_v1_39_6::Input> > >::push_back	vector	0x1401a90db
                                            operator new	0.074877	0.077509	0.0		0.0	0.0	0.0	0.0	CpuHotPaths.exe	operator new(unsigned __int64)	new_scalar.cpp	0x140234a68
                                             malloc_base	0.074877	0.077509	0.0		0.014806	0.014806	0.0	0.0	ucrtbase.dll	malloc_base	[Unknown]	0x1800050a0
                                       MaterialX_v1_39_6::Node::getNodeDef	0.145897	0.151025	0.0		0.0	0.0	0.0	0.0	CpuHotPaths.exe	MaterialX_v1_39_6::Node::getNodeDef(class std::basic_string<char,struct std::char_traits<char>,class std::allocator<char> > const &,bool)	Node.cpp	0x1401e5600
                                        MaterialX_v1_39_6::InterfaceElement::hasNodeDefString	0.074595	0.077216	0.0		0.0	0.0	0.0	0.0	CpuHotPaths.exe	MaterialX_v1_39_6::InterfaceElement::hasNodeDefString(void)	Interface.h	0x1401e6e10
                                         MaterialX_v1_39_6::Element::hasAttribute	0.074595	0.077216	0.0		0.0	0.0	0.0	0.0	CpuHotPaths.exe	MaterialX_v1_39_6::Element::hasAttribute	Element.h	0x1401e6e14
                                          std::_Hash<std::_Umap_traits<std::basic_string<char,std::char_traits<char>,std::allocator<char> >,std::basic_string<char,std::char_traits<char>,std::allocator<char> >,std::_Uhash_compare<std::basic_string<char,std::char_traits<char>,std::allocator<char> >,std::hash<std::basic_string<char,std::char_traits<char>,std::allocator<char> > >,std::equal_to<std::basic_string<char,std::char_traits<char>,std::allocator<char> > > >,std::allocator<std::pair<std::basic_string<char,std::char_traits<char>,std::allocator<char> > const ,std::basic_string<char,std::char_traits<char>,std::allocator<char> > > >,0> >::count	0.074595	0.077216	0.0		0.014750	0.014750	0.0	0.0	CpuHotPaths.exe	std::_Hash<std::_Umap_traits<std::basic_string<char,std::char_traits<char>,std::allocator<char> >,std::basic_string<char,std::char_traits<char>,std::allocator<char> >,std::_Uhash_compare<std::basic_string<char,std::char_traits<char>,std::allocator<char> >,std::hash<std::basic_string<char,std::char_traits<char>,std::allocator<char> > >,std::equal_to<std::basic_string<char,std::char_traits<char>,std::allocator<char> > > >,std::allocator<std::pair<std::basic_string<char,std::char_traits<char>,std::allocator<char> > const ,std::basic_string<char,std::char_traits<char>,std::allocator<char> > > >,0> >::count	xhash	0x1401e6e14
                                        std::vector<std::shared_ptr<MaterialX_v1_39_6::NodeDef>,std::allocator<std::shared_ptr<MaterialX_v1_39_6::NodeDef> > >::{dtor}	0.071302	0.073808	0.0		0.014099	0.014099	0.0	0.0	CpuHotPaths.exe	std::vector<std::shared_ptr<MaterialX_v1_39_6::NodeDef>,std::allocator<std::shared_ptr<MaterialX_v1_39_6::NodeDef> > >::{dtor}	vector	0x1401e5a9d
                                    MaterialX_v1_39_6::ShaderGraph::finalize	0.432109	0.447295	0.0		0.0	0.0	0.0	0.0	CpuHotPaths.exe	MaterialX_v1_39_6::ShaderGraph::finalize(class MaterialX_v1_39_6::GenContext &)	ShaderGraph.cpp	0x1401639d0
                                     MaterialX_v1_39_6::ShaderGraph::setVariableNames	0.359139	0.371760	0.0		0.0	0.0	0.0	0.0	CpuHotPaths.exe	MaterialX_v1_39_6::ShaderGraph::setVariableNames(class MaterialX_v1_39_6::GenContext &)	ShaderGraph.cpp	0x1401663b0
                                      MaterialX_v1_39_6::Syntax::getVariableName	0.359139	0.371760	0.0		0.0	0.0	0.0	0.0	CpuHotPaths.exe	MaterialX_v1_39_6::Syntax::getVariableName(class std::basic_string<char,struct std::char_traits<char>,class std::allocator<char> > const &,class MaterialX_v1_39_6::TypeDesc,class std::unordered_map<class std::basic_string<char,struct std::char_traits<char>,class std::allocator<char> >,unsigned __int64,struct std::hash<class std::basic_string<char,struct std::char_traits<char>,class std::allocator<char> > >,struct std::equal_to<class std::basic_string<char,struct std::char_traits<char>,class std::allocator<char> > >,class std::allocator<struct std::pair<class std::basic_string<char,struct std::char_traits<char>,class std::allocator<char> > const ,unsigned __int64> > > &)	Syntax.cpp	0x1401493e0
                                       MaterialX_v1_39_6::Syntax::makeIdentifier	0.359139	0.371760	0.0		0.0	0.0	0.0	0.0	CpuHotPaths.exe	MaterialX_v1_39_6::Syntax::makeIdentifier(class std::basic_string<char,struct std::char_traits<char>,class std::allocator<char> > &,class std::unordered_map<class std::basic_string<char,struct std::char_traits<char>,class std::allocator<char> >,unsigned __int64,struct std::hash<class std::basic_string<char,struct std::char_traits<char>,class std::allocator<char> > >,struct std::equal_to<class std::basic_string<char,struct std::char_traits<char>,class std::allocator<char> > >,class std::allocator<struct std::pair<class std::basic_string<char,struct std::char_traits<char>,class std::allocator<char> > const ,unsigned __int64> > > &)	Syntax.cpp	0x140149490
                                        MaterialX_v1_39_6::Syntax::makeValidName	0.359139	0.371760	0.0		0.014319	0.014319	0.0	0.0	CpuHotPaths.exe	MaterialX_v1_39_6::Syntax::makeValidName(class std::basic_string<char,struct std::char_traits<char>,class std::allocator<char> > &)	Syntax.cpp	0x1401498f0
                                         std::find	0.145663	0.150782	0.0		0.028802	0.028802	0.0	0.0	CpuHotPaths.exe	std::find	xutility	0x1401499d6
                                         MaterialX_v1_39_6::replaceSubstrings	0.141061	0.146019	0.0		0.0	0.0	0.0	0.0	CpuHotPaths.exe	MaterialX_v1_39_6::replaceSubstrings(class std::basic_string<char,struct std::char_traits<char>,class std::allocator<char> >,class std::unordered_map<class std::basic_string<char,struct std::char_traits<char>,class std::allocator<char> >,class std::basic_string<char,struct std::char_traits<char>,class std::allocator<char> >,struct std::hash<class std::basic_string<char,struct std::char_traits<char>,class std::allocator<char> > >,struct std::equal_to<class std::basic_string<char,struct std::char_traits<char>,class std::allocator<char> > >,class std::allocator<struct std::pair<class std::basic_string<char,struct std::char_traits<char>,class std::allocator<char> > const ,class std::basic_string<char,struct std::char_traits<char>,class std::allocator<char> > > > > const &)	Util.cpp	0x14017fb00
                                          std::basic_string<char,std::char_traits<char>,std::allocator<char> >::find	0.141061	0.146019	0.0		0.027893	0.027893	0.0	0.0	CpuHotPaths.exe	std::basic_string<char,std::char_traits<char>,std::allocator<char> >::find	xstring	0x14017fb60
                                     MaterialX_v1_39_6::ShaderGraph::topologicalSort	0.072971	0.075535	0.0		0.0	0.0	0.0	0.0	CpuHotPaths.exe	MaterialX_v1_39_6::ShaderGraph::topologicalSort(void)	ShaderGraph.cpp	0x140166bc0
                                      std::_Hash<std::_Umap_traits<MaterialX_v1_39_6::ShaderNode *,int,std::_Uhash_compare<MaterialX_v1_39_6::ShaderNode *,std::hash<MaterialX_v1_39_6::ShaderNode *>,std::equal_to<MaterialX_v1_39_6::ShaderNode *> >,std::allocator<std::pair<MaterialX_v1_39_6::ShaderNode * const,int> >,0> >::~_Hash<std::_Umap_traits<MaterialX_v1_39_6::ShaderNode *,int,std::_Uhash_compare<MaterialX_v1_39_6::ShaderNode *,std::hash<MaterialX_v1_39_6::ShaderNode *>,std::equal_to<MaterialX_v1_39_6::ShaderNode *> >,std::allocator<std::pair<MaterialX_v1_39_6::ShaderNode * const,int> >,0> >	0.072971	0.075535	0.0		0.014429	0.014429	0.0	0.0	CpuHotPaths.exe	std::_Hash<std::_Umap_traits<MaterialX_v1_39_6::ShaderNode *,int,std::_Uhash_compare<MaterialX_v1_39_6::ShaderNode *,std::hash<MaterialX_v1_39_6::ShaderNode *>,std::equal_to<MaterialX_v1_39_6::ShaderNode *> >,std::allocator<std::pair<MaterialX_v1_39_6::ShaderNode * const,int> >,0> >::~_Hash<std::_Umap_traits<MaterialX_v1_39_6::ShaderNode *,int,std::_Uhash_compare<MaterialX_v1_39_6::ShaderNode *,std::hash<MaterialX_v1_39_6::ShaderNode *>,std::equal_to<MaterialX_v1_39_6::ShaderNode *> >,std::allocator<std::pair<MaterialX_v1_39_6::ShaderNode * const,int> >,0> >()	[Unknown]	0x140157810
                                    MaterialX_v1_39_6::ShaderGraph::addInputSockets	0.150051	0.074598	2.297016		0.0	0.0	0.0	0.0	CpuHotPaths.exe	MaterialX_v1_39_6::ShaderGraph::addInputSockets(class MaterialX_v1_39_6::InterfaceElement const &,class MaterialX_v1_39_6::GenContext &)	ShaderGraph.cpp	0x14015c7f0
                                     MaterialX_v1_39_6::ValueElement::getResolvedValue	0.077985	0.0	2.297016		0.0	0.0	0.0	0.0	CpuHotPaths.exe	MaterialX_v1_39_6::ValueElement::getResolvedValue(class std::shared_ptr<class MaterialX_v1_39_6::StringResolver>)	Element.cpp	0x1401c3be0
                                      MaterialX_v1_39_6::Value::createValueFromStrings	0.077985	0.0	2.297016		0.0	0.0	0.0	0.0	CpuHotPaths.exe	MaterialX_v1_39_6::Value::createValueFromStrings(class std::basic_string<char,struct std::char_traits<char>,class std::allocator<char> > const &,class std::basic_string<char,struct std::char_traits<char>,class std::allocator<char> > const &,class std::shared_ptr<class MaterialX_v1_39_6::TypeDef const >)	Value.cpp	0x140202910
                                       MaterialX_v1_39_6::TypedValue<class MaterialX_v1_39_6::Vector3>::createFromString	0.077985	0.0	2.297016		0.0	0.0	0.0	0.0	CpuHotPaths.exe	MaterialX_v1_39_6::TypedValue<class MaterialX_v1_39_6::Vector3>::createFromString(class std::basic_string<char,struct std::char_traits<char>,class std::allocator<char> > const &)	Value.cpp	0x1402024a0
                                        MaterialX_v1_39_6::fromValueString	0.077985	0.0	2.297016		0.0	0.0	0.0	0.0	CpuHotPaths.exe	MaterialX_v1_39_6::fromValueString	Value.cpp	0x1402024ca
                                         MaterialX_v1_39_6::fromValueString<float>	0.077985	0.0	2.297016		0.0	0.0	0.0	0.0	CpuHotPaths.exe	MaterialX_v1_39_6::fromValueString<float>(class std::basic_string<char,struct std::char_traits<char>,class std::allocator<char> > const &)	Value.cpp	0x1401fb440
                                          func@0x180045990	0.077985	0.0	2.297016		0.015420	0.0	0.015420	0.0	MSVCP140.dll	func@0x180045990	[Unknown]	0x180045990
                                     MaterialX_v1_39_6::InterfaceElement::getActiveInputs	0.072065	0.074598	0.0		0.0	0.0	0.0	0.0	CpuHotPaths.exe	MaterialX_v1_39_6::InterfaceElement::getActiveInputs(void)	Interface.cpp	0x1401cae40
                                      MaterialX_v1_39_6::InheritanceIterator::{dtor}	0.072065	0.074598	0.0		0.0	0.0	0.0	0.0	CpuHotPaths.exe	MaterialX_v1_39_6::InheritanceIterator::{dtor}	Traversal.h	0x1401cb204
                                       std::_Tree<std::_Tset_traits<std::shared_ptr<MaterialX_v1_39_6::Element const >,std::less<std::shared_ptr<MaterialX_v1_39_6::Element const > >,std::allocator<std::shared_ptr<MaterialX_v1_39_6::Element const > >,0> >::{dtor}	0.072065	0.074598	0.0		0.014250	0.014250	0.0	0.0	CpuHotPaths.exe	std::_Tree<std::_Tset_traits<std::shared_ptr<MaterialX_v1_39_6::Element const >,std::less<std::shared_ptr<MaterialX_v1_39_6::Element const > >,std::allocator<std::shared_ptr<MaterialX_v1_39_6::Element const > >,0> >::{dtor}	xtree	0x1401cb204
                                  MaterialX_v1_39_6::NodeDef::getImplementation	0.289414	0.299585	0.0		0.0	0.0	0.0	0.0	CpuHotPaths.exe	MaterialX_v1_39_6::NodeDef::getImplementation(class std::basic_string<char,struct std::char_traits<char>,class std::allocator<char> > const &,bool)	Definition.cpp	0x1401d2d50
                                   MaterialX_v1_39_6::targetStringsMatch	0.216738	0.224355	0.0		0.0	0.0	0.0	0.0	CpuHotPaths.exe	MaterialX_v1_39_6::targetStringsMatch(class std::basic_string<char,struct std::char_traits<char>,class std::allocator<char> > const &,class std::basic_string<char,struct std::char_traits<char>,class std::allocator<char> > const &)	Element.cpp	0x1401c8cb0
                                    std::set<class std::basic_string<char,struct std::char_traits<char>,class std::allocator<char> >,struct std::less<class std::basic_string<char,struct std::char_traits<char>,class std::allocator<char> > >,class std::allocator<class std::basic_string<char,struct std::char_traits<char>,class std::allocator<char> > > >::set<class std::basic_string<char,struct std::char_traits<char>,class std::allocator<char> >,struct std::less<class std::basic_string<char,struct std::char_traits<char>,class std::allocator<char> > >,class std::allocator<class std::basic_string<char,struct std::char_traits<char>,class std::allocator<char> > > ><class std::_Vector_iterator<class std::_Vector_val<struct std::_Simple_types<class std::basic_string<char,struct std::char_traits<char>,class std::allocator<char> > > > > >	0.145074	0.150173	0.0		0.0	0.0	0.0	0.0	CpuHotPaths.exe	std::set<class std::basic_string<char,struct std::char_traits<char>,class std::allocator<char> >,struct std::less<class std::basic_string<char,struct std::char_traits<char>,class std::allocator<char> > >,class std::allocator<class std::basic_string<char,struct std::char_traits<char>,class std::allocator<char> > > >::set<class std::basic_string<char,struct std::char_traits<char>,class std::allocator<char> >,struct std::less<class std::basic_string<char,struct std::char_traits<char>,class std::allocator<char> > >,class std::allocator<class std::basic_string<char,struct std::char_traits<char>,class std::allocator<char> > > ><class std::_Vector_iterator<class std::_Vector_val<struct std::_Simple_types<class std::basic_string<char,struct std::char_traits<char>,class std::allocator<char> > > > > >(class std::_Vector_iterator<class std::_Vector_val<struct std::_Simple_types<class std::basic_string<char,struct std::char_traits<char>,class std::allocator<char> > > > >,class std::_Vector_iterator<class std::_Vector_val<struct std::_Simple_types<class std::basic_string<char,struct std::char_traits<char>,class std::allocator<char> > > > >)	set	0x1401856b0
                                     operator new	0.145074	0.150173	0.0		0.0	0.0	0.0	0.0	CpuHotPaths.exe	operator new(unsigned __int64)	new_scalar.cpp	0x140234a68
                                      malloc_base	0.145074	0.150173	0.0		0.028686	0.028686	0.0	0.0	ucrtbase.dll	malloc_base	[Unknown]	0x1800050a0
                                    MaterialX_v1_39_6::splitString	0.071663	0.074182	0.0		0.0	0.0	0.0	0.0	CpuHotPaths.exe	MaterialX_v1_39_6::splitString(class std::basic_string<char,struct std::char_traits<char>,class std::allocator<char> > const &,class std::basic_string<char,struct std::char_traits<char>,class std::allocator<char> > const &)	Util.cpp	0x14017fd70
                                     std::vector<std::basic_string<char,std::char_traits<char>,std::allocator<char> >,std::allocator<std::basic_string<char,std::char_traits<char>,std::allocator<char> > > >::push_back	0.071663	0.074182	0.0		0.0	0.0	0.0	0.0	CpuHotPaths.exe	std::vector<std::basic_string<char,std::char_traits<char>,std::allocator<char> >,std::allocator<std::basic_string<char,std::char_traits<char>,std::allocator<char> > > >::push_back	vector	0x14017fe49
                                      operator new	0.071663	0.074182	0.0		0.0	0.0	0.0	0.0	CpuHotPaths.exe	operator new(unsigned __int64)	new_scalar.cpp	0x140234a68
                                       malloc_base	0.071663	0.074182	0.0		0.014170	0.014170	0.0	0.0	ucrtbase.dll	malloc_base	[Unknown]	0x1800050a0
                                   MaterialX_v1_39_6::Document::getMatchingImplementations	0.072676	0.075230	0.0		0.0	0.0	0.0	0.0	CpuHotPaths.exe	MaterialX_v1_39_6::Document::getMatchingImplementations(class std::basic_string<char,struct std::char_traits<char>,class std::allocator<char> > const &)	Document.cpp	0x1401f0870
                                    MaterialX_v1_39_6::Document::Cache::getMatchingImplementations	0.072676	0.075230	0.0		0.0	0.0	0.0	0.0	CpuHotPaths.exe	MaterialX_v1_39_6::Document::Cache::getMatchingImplementations(class std::basic_string<char,struct std::char_traits<char>,class std::allocator<char> > const &)	Document.cpp	0x1401f0430
                                     std::vector<std::shared_ptr<MaterialX_v1_39_6::InterfaceElement>,std::allocator<std::shared_ptr<MaterialX_v1_39_6::InterfaceElement> > >::{ctor}	0.072676	0.075230	0.0		0.014371	0.014371	0.0	0.0	CpuHotPaths.exe	std::vector<std::shared_ptr<MaterialX_v1_39_6::InterfaceElement>,std::allocator<std::shared_ptr<MaterialX_v1_39_6::InterfaceElement> > >::{ctor}	vector	0x1401f04e8
                                  MaterialX_v1_39_6::SourceCodeNode::initialize	0.145074	0.150172	0.0		0.0	0.0	0.0	0.0	CpuHotPaths.exe	MaterialX_v1_39_6::SourceCodeNode::initialize(class MaterialX_v1_39_6::InterfaceElement const &,class MaterialX_v1_39_6::GenContext &)	SourceCodeNode.cpp	0x14016b2d0
                                   std::unordered_map<std::basic_string<char,std::char_traits<char>,std::allocator<char> >,std::basic_string<char,std::char_traits<char>,std::allocator<char> >,std::hash<std::basic_string<char,std::char_traits<char>,std::allocator<char> > >,std::equal_to<std::basic_string<char,std::char_traits<char>,std::allocator<char> > >,std::allocator<std::pair<std::basic_string<char,std::char_traits<char>,std::allocator<char> > const ,std::basic_string<char,std::char_traits<char>,std::allocator<char> > > > >::{ctor}	0.145074	0.150172	0.0		0.0	0.0	0.0	0.0	CpuHotPaths.exe	std::unordered_map<std::basic_string<char,std::char_traits<char>,std::allocator<char> >,std::basic_string<char,std::char_traits<char>,std::allocator<char> >,std::hash<std::basic_string<char,std::char_traits<char>,std::allocator<char> > >,std::equal_to<std::basic_string<char,std::char_traits<char>,std::allocator<char> > >,std::allocator<std::pair<std::basic_string<char,std::char_traits<char>,std::allocator<char> > const ,std::basic_string<char,std::char_traits<char>,std::allocator<char> > > > >::{ctor}	unordered_map	0x14016b6be
                                    operator new	0.145074	0.150172	0.0		0.0	0.0	0.0	0.0	CpuHotPaths.exe	operator new(unsigned __int64)	new_scalar.cpp	0x140234a68
                                     malloc_base	0.145074	0.150172	0.0		0.028686	0.028686	0.0	0.0	ucrtbase.dll	malloc_base	[Unknown]	0x1800050a0
                                 MaterialX_v1_39_6::ValueElement::getResolvedValue	0.216819	0.149723	2.125998		0.0	0.0	0.0	0.0	CpuHotPaths.exe	MaterialX_v1_39_6::ValueElement::getResolvedValue(class std::shared_ptr<class MaterialX_v1_39_6::StringResolver>)	Element.cpp	0x1401c3be0
                                  MaterialX_v1_39_6::Value::createValueFromStrings	0.144444	0.074804	2.125998		0.0	0.0	0.0	0.0	CpuHotPaths.exe	MaterialX_v1_39_6::Value::createValueFromStrings(class std::basic_string<char,struct std::char_traits<char>,class std::allocator<char> > const &,class std::basic_string<char,struct std::char_traits<char>,class std::allocator<char> > const &,class std::shared_ptr<class MaterialX_v1_39_6::TypeDef const >)	Value.cpp	0x140202910
                                   MaterialX_v1_39_6::TypedValue<float>::createFromString	0.144444	0.074804	2.125998		0.0	0.0	0.0	0.0	CpuHotPaths.exe	MaterialX_v1_39_6::TypedValue<float>::createFromString(class std::basic_string<char,struct std::char_traits<char>,class std::allocator<char> > const &)	Value.cpp	0x140201350
                                    MaterialX_v1_39_6::fromValueString<float>	0.144444	0.074804	2.125998		0.0	0.0	0.0	0.0	CpuHotPaths.exe	MaterialX_v1_39_6::fromValueString<float>(class std::basic_string<char,struct std::char_traits<char>,class std::allocator<char> > const &)	Value.cpp	0x1401fb440
                                     std::basic_stringstream<char,std::char_traits<char>,std::allocator<char> >::{ctor}	0.072265	0.074804	0.0		0.0	0.0	0.0	0.0	CpuHotPaths.exe	std::basic_stringstream<char,std::char_traits<char>,std::allocator<char> >::{ctor}	sstream	0x1401fb47b
                                      operator new	0.072265	0.074804	0.0		0.0	0.0	0.0	0.0	CpuHotPaths.exe	operator new(unsigned __int64)	new_scalar.cpp	0x140234a68
                                       malloc_base	0.072265	0.074804	0.0		0.014289	0.014289	0.0	0.0	ucrtbase.dll	malloc_base	[Unknown]	0x1800050a0
                                     func@0x180045990	0.072179	0.0	2.125998		0.014272	0.0	0.014272	0.0	MSVCP140.dll	func@0x180045990	[Unknown]	0x180045990
                                  MaterialX_v1_39_6::Document::getTypeDef	0.072375	0.074919	0.0		0.0	0.0	0.0	0.0	CpuHotPaths.exe	MaterialX_v1_39_6::Document::getTypeDef	Document.h	0x1401c3cd8
                                   MaterialX_v1_39_6::Element::getChildOfType<class MaterialX_v1_39_6::TypeDef>	0.072375	0.074919	0.0		0.0	0.0	0.0	0.0	CpuHotPaths.exe	MaterialX_v1_39_6::Element::getChildOfType<class MaterialX_v1_39_6::TypeDef>(class std::basic_string<char,struct std::char_traits<char>,class std::allocator<char> > const &)	Element.cpp	0x1401a2650
                                    MaterialX_v1_39_6::Element::getChild	0.072375	0.074919	0.0		0.0	0.0	0.0	0.0	CpuHotPaths.exe	MaterialX_v1_39_6::Element::getChild(class std::basic_string<char,struct std::char_traits<char>,class std::allocator<char> > const &)	Element.cpp	0x1401c2250
                                     std::shared_ptr<MaterialX_v1_39_6::Element>::{ctor}	0.072375	0.074919	0.0		0.014311	0.014311	0.0	0.0	CpuHotPaths.exe	std::shared_ptr<MaterialX_v1_39_6::Element>::{ctor}	memory	0x1401c22de
                                 MaterialX_v1_39_6::InterfaceElement::getActiveValueElements	0.071292	0.073797	0.0		0.0	0.0	0.0	0.0	CpuHotPaths.exe	MaterialX_v1_39_6::InterfaceElement::getActiveValueElements(void)	Interface.cpp	0x1401ccd20
                                  MaterialX_v1_39_6::InheritanceIterator::InheritanceIterator	0.071292	0.073797	0.0		0.0	0.0	0.0	0.0	CpuHotPaths.exe	MaterialX_v1_39_6::InheritanceIterator::InheritanceIterator(class MaterialX_v1_39_6::InheritanceIterator const &)	[Unknown]	0x1401b6b80
                                   std::set<std::shared_ptr<MaterialX_v1_39_6::Element const >,std::less<std::shared_ptr<MaterialX_v1_39_6::Element const > >,std::allocator<std::shared_ptr<MaterialX_v1_39_6::Element const > > >::{ctor}	0.071292	0.073797	0.0		0.0	0.0	0.0	0.0	CpuHotPaths.exe	std::set<std::shared_ptr<MaterialX_v1_39_6::Element const >,std::less<std::shared_ptr<MaterialX_v1_39_6::Element const > >,std::allocator<std::shared_ptr<MaterialX_v1_39_6::Element const > > >::{ctor}	set	0x1401b6bc2
                                    operator new	0.071292	0.073797	0.0		0.0	0.0	0.0	0.0	CpuHotPaths.exe	operator new(unsigned __int64)	new_scalar.cpp	0x140234a68
                                     malloc_base	0.071292	0.073797	0.0		0.014097	0.014097	0.0	0.0	ucrtbase.dll	malloc_base	[Unknown]	0x1800050a0
                               MaterialX_v1_39_6::ShaderNode::initialize	0.574131	0.594308	0.0		0.0	0.0	0.0	0.0	CpuHotPaths.exe	MaterialX_v1_39_6::ShaderNode::initialize(class MaterialX_v1_39_6::Node const &,class MaterialX_v1_39_6::NodeDef const &,class MaterialX_v1_39_6::GenContext &)	ShaderNode.cpp	0x140143bc0
                                MaterialX_v1_39_6::InterfaceElement::getActiveInputs	0.218070	0.225734	0.0		0.0	0.0	0.0	0.0	CpuHotPaths.exe	MaterialX_v1_39_6::InterfaceElement::getActiveInputs(void)	Interface.cpp	0x1401cae40
                                 MaterialX_v1_39_6::InheritanceIterator::InheritanceIterator	0.072880	0.075441	0.0		0.0	0.0	0.0	0.0	CpuHotPaths.exe	MaterialX_v1_39_6::InheritanceIterator::InheritanceIterator(class MaterialX_v1_39_6::InheritanceIterator const &)	[Unknown]	0x1401b6b80
                                  std::set<std::shared_ptr<MaterialX_v1_39_6::Element const >,std::less<std::shared_ptr<MaterialX_v1_39_6::Element const > >,std::allocator<std::shared_ptr<MaterialX_v1_39_6::Element const > > >::{ctor}	0.072880	0.075441	0.0		0.014411	0.014411	0.0	0.0	CpuHotPaths.exe	std::set<std::shared_ptr<MaterialX_v1_39_6::Element const >,std::less<std::shared_ptr<MaterialX_v1_39_6::Element const > >,std::allocator<std::shared_ptr<MaterialX_v1_39_6::Element const > > >::{ctor}	set	0x1401b6bc2
                                 MaterialX_v1_39_6::Element::asA<class MaterialX_v1_39_6::InterfaceElement>	0.072809	0.075368	0.0		0.0	0.0	0.0	0.0	CpuHotPaths.exe	MaterialX_v1_39_6::Element::asA<class MaterialX_v1_39_6::InterfaceElement>(void)	Element.cpp	0x1401920a0
                                  std::dynamic_pointer_cast	0.072809	0.075368	0.0		0.014397	0.014397	0.0	0.0	CpuHotPaths.exe	std::dynamic_pointer_cast	memory	0x1401920e8
                                 MaterialX_v1_39_6::InheritanceIterator::{dtor}	0.072381	0.074925	0.0		0.0	0.0	0.0	0.0	CpuHotPaths.exe	MaterialX_v1_39_6::InheritanceIterator::{dtor}	Traversal.h	0x1401cb25a
                                  std::_Tree<std::_Tset_traits<std::shared_ptr<MaterialX_v1_39_6::Element const >,std::less<std::shared_ptr<MaterialX_v1_39_6::Element const > >,std::allocator<std::shared_ptr<MaterialX_v1_39_6::Element const > >,0> >::{dtor}	0.072381	0.074925	0.0		0.014312	0.014312	0.0	0.0	CpuHotPaths.exe	std::_Tree<std::_Tset_traits<std::shared_ptr<MaterialX_v1_39_6::Element const >,std::less<std::shared_ptr<MaterialX_v1_39_6::Element const > >,std::allocator<std::shared_ptr<MaterialX_v1_39_6::Element const > >,0> >::{dtor}	xtree	0x1401cb25a
                                MaterialX_v1_39_6::InterfaceElement::getActiveValueElements	0.142937	0.147961	0.0		0.0	0.0	0.0	0.0	CpuHotPaths.exe	MaterialX_v1_39_6::InterfaceElement::getActiveValueElements(void)	Interface.cpp	0x1401ccd20
                                 std::vector<std::shared_ptr<MaterialX_v1_39_6::ValueElement>,std::allocator<std::shared_ptr<MaterialX_v1_39_6::ValueElement> > >::push_back	0.072435	0.074981	0.0		0.0	0.0	0.0	0.0	CpuHotPaths.exe	std::vector<std::shared_ptr<MaterialX_v1_39_6::ValueElement>,std::allocator<std::shared_ptr<MaterialX_v1_39_6::ValueElement> > >::push_back	vector	0x1401ccf7c
                                  operator new	0.072435	0.074981	0.0		0.0	0.0	0.0	0.0	CpuHotPaths.exe	operator new(unsigned __int64)	new_scalar.cpp	0x140234a68
                                   malloc_base	0.072435	0.074981	0.0		0.014323	0.014323	0.0	0.0	ucrtbase.dll	malloc_base	[Unknown]	0x1800050a0
                                 std::vector<std::shared_ptr<MaterialX_v1_39_6::ValueElement>,std::allocator<std::shared_ptr<MaterialX_v1_39_6::ValueElement> > >::{dtor}	0.070502	0.072980	0.0		0.013941	0.013941	0.0	0.0	CpuHotPaths.exe	std::vector<std::shared_ptr<MaterialX_v1_39_6::ValueElement>,std::allocator<std::shared_ptr<MaterialX_v1_39_6::ValueElement> > >::{dtor}	vector	0x1401ccff6
                                MaterialX_v1_39_6::Input::getInterfaceInput	0.072627	0.075179	0.0		0.0	0.0	0.0	0.0	CpuHotPaths.exe	MaterialX_v1_39_6::Input::getInterfaceInput(void)	Interface.cpp	0x1401ce7d0
                                 MaterialX_v1_39_6::ValueElement::hasInterfaceName	0.072627	0.075179	0.0		0.0	0.0	0.0	0.0	CpuHotPaths.exe	MaterialX_v1_39_6::ValueElement::hasInterfaceName(void)	Element.h	0x1401cf3f0
                                  MaterialX_v1_39_6::Element::hasAttribute	0.072627	0.075179	0.0		0.0	0.0	0.0	0.0	CpuHotPaths.exe	MaterialX_v1_39_6::Element::hasAttribute	Element.h	0x1401cf3f4
                                   std::_Hash<std::_Umap_traits<std::basic_string<char,std::char_traits<char>,std::allocator<char> >,std::basic_string<char,std::char_traits<char>,std::allocator<char> >,std::_Uhash_compare<std::basic_string<char,std::char_traits<char>,std::allocator<char> >,std::hash<std::basic_string<char,std::char_traits<char>,std::allocator<char> > >,std::equal_to<std::basic_string<char,std::char_traits<char>,std::allocator<char> > > >,std::allocator<std::pair<std::basic_string<char,std::char_traits<char>,std::allocator<char> > const ,std::basic_string<char,std::char_traits<char>,std::allocator<char> > > >,0> >::count	0.072627	0.075179	0.0		0.014361	0.014361	0.0	0.0	CpuHotPaths.exe	std::_Hash<std::_Umap_traits<std::basic_string<char,std::char_traits<char>,std::allocator<char> >,std::basic_string<char,std::char_traits<char>,std::allocator<char> >,std::_Uhash_compare<std::basic_string<char,std::char_traits<char>,std::allocator<char> >,std::hash<std::basic_string<char,std::char_traits<char>,std::allocator<char> > >,std::equal_to<std::basic_string<char,std::char_traits<char>,std::allocator<char> > > >,std::allocator<std::pair<std::basic_string<char,std::char_traits<char>,std::allocator<char> > const ,std::basic_string<char,std::char_traits<char>,std::allocator<char> > > >,0> >::count	xhash	0x1401cf3f4
                                std::shared_ptr<class MaterialX_v1_39_6::Value>::operator=	0.070479	0.072955	0.0		0.013936	0.013936	0.0	0.0	CpuHotPaths.exe	std::shared_ptr<class MaterialX_v1_39_6::Value>::operator=(class std::shared_ptr<class MaterialX_v1_39_6::Value> const &)	memory	0x14013fae0
                                MaterialX_v1_39_6::TypedValue<float>::getValueString	0.070018	0.072479	0.0		0.0	0.0	0.0	0.0	CpuHotPaths.exe	MaterialX_v1_39_6::TypedValue<float>::getValueString(void)	Value.cpp	0x1401f6620
                                 MaterialX_v1_39_6::toValueString<float>	0.070018	0.072479	0.0		0.0	0.0	0.0	0.0	CpuHotPaths.exe	MaterialX_v1_39_6::toValueString<float>(float const &)	Value.cpp	0x1401fe5f0
                                  std::basic_ostream<char,struct std::char_traits<char> >::operator<<	0.070018	0.072479	0.0		0.013845	0.013845	0.0	0.0	MSVCP140.dll	std::basic_ostream<char,struct std::char_traits<char> >::operator<<(float)	[Unknown]	0x18004fa10
                               MaterialX_v1_39_6::Node::getNodeDef	0.362571	0.375313	0.0		0.0	0.0	0.0	0.0	CpuHotPaths.exe	MaterialX_v1_39_6::Node::getNodeDef(class std::basic_string<char,struct std::char_traits<char>,class std::allocator<char> > const &,bool)	Node.cpp	0x1401e5600
                                MaterialX_v1_39_6::InterfaceElement::hasExactInputMatch	0.147565	0.152751	0.0		0.0	0.0	0.0	0.0	CpuHotPaths.exe	MaterialX_v1_39_6::InterfaceElement::hasExactInputMatch(class std::shared_ptr<class MaterialX_v1_39_6::InterfaceElement const >,class std::basic_string<char,struct std::char_traits<char>,class std::allocator<char> > *)	Interface.cpp	0x1401ceda0
                                 MaterialX_v1_39_6::InterfaceElement::getActiveInput	0.147565	0.152751	0.0		0.0	0.0	0.0	0.0	CpuHotPaths.exe	MaterialX_v1_39_6::InterfaceElement::getActiveInput(class std::basic_string<char,struct std::char_traits<char>,class std::allocator<char> > const &)	Interface.cpp	0x1401ca950
                                  MaterialX_v1_39_6::Element::traverseInheritance	0.147565	0.152751	0.0		0.0	0.0	0.0	0.0	CpuHotPaths.exe	MaterialX_v1_39_6::Element::traverseInheritance(void)	Element.cpp	0x1401c8ff0
                                   MaterialX_v1_39_6::Element::getSelf	0.074444	0.077060	0.0		0.0	0.0	0.0	0.0	CpuHotPaths.exe	MaterialX_v1_39_6::Element::getSelf	Element.h	0x1401c8ff6
                                    std::enable_shared_from_this<MaterialX_v1_39_6::Element>::shared_from_this	0.074444	0.077060	0.0		0.014720	0.014720	0.0	0.0	CpuHotPaths.exe	std::enable_shared_from_this<MaterialX_v1_39_6::Element>::shared_from_this	memory	0x1401c8ff6
                                   MaterialX_v1_39_6::InheritanceIterator::InheritanceIterator	0.073122	0.075692	0.0		0.0	0.0	0.0	0.0	CpuHotPaths.exe	MaterialX_v1_39_6::InheritanceIterator::InheritanceIterator(class std::shared_ptr<class MaterialX_v1_39_6::Element const >)	Traversal.h	0x1401b6cd0
                                    std::set<std::shared_ptr<MaterialX_v1_39_6::Element const >,std::less<std::shared_ptr<MaterialX_v1_39_6::Element const > >,std::allocator<std::shared_ptr<MaterialX_v1_39_6::Element const > > >::{ctor}	0.073122	0.075692	0.0		0.0	0.0	0.0	0.0	CpuHotPaths.exe	std::set<std::shared_ptr<MaterialX_v1_39_6::Element const >,std::less<std::shared_ptr<MaterialX_v1_39_6::Element const > >,std::allocator<std::shared_ptr<MaterialX_v1_39_6::Element const > > >::{ctor}	set	0x1401b6d1b
                                     operator new	0.073122	0.075692	0.0		0.0	0.0	0.0	0.0	CpuHotPaths.exe	operator new(unsigned __int64)	new_scalar.cpp	0x140234a68
                                      malloc_base	0.073122	0.075692	0.0		0.014459	0.014459	0.0	0.0	ucrtbase.dll	malloc_base	[Unknown]	0x1800050a0
                                MaterialX_v1_39_6::Document::getMatchingNodeDefs	0.072296	0.074837	0.0		0.0	0.0	0.0	0.0	CpuHotPaths.exe	MaterialX_v1_39_6::Document::getMatchingNodeDefs(class std::basic_string<char,struct std::char_traits<char>,class std::allocator<char> > const &)	Document.cpp	0x1401f1000
                                 MaterialX_v1_39_6::Document::Cache::getMatchingNodeDefs	0.072296	0.074837	0.0		0.0	0.0	0.0	0.0	CpuHotPaths.exe	MaterialX_v1_39_6::Document::Cache::getMatchingNodeDefs(class std::basic_string<char,struct std::char_traits<char>,class std::allocator<char> > const &)	Document.cpp	0x1401f0bd0
                                  std::shared_lock<std::shared_mutex>::{dtor}	0.072296	0.074837	0.0		0.014295	0.014295	0.0	0.0	CpuHotPaths.exe	std::shared_lock<std::shared_mutex>::{dtor}	shared_mutex	0x1401f0ee5
                                MaterialX_v1_39_6::NodeDef::getType	0.071949	0.074478	0.0		0.0	0.0	0.0	0.0	CpuHotPaths.exe	MaterialX_v1_39_6::NodeDef::getType(void)	Definition.cpp	0x1401d4660
                                 MaterialX_v1_39_6::InterfaceElement::getActiveOutputs	0.071949	0.074478	0.0		0.0	0.0	0.0	0.0	CpuHotPaths.exe	MaterialX_v1_39_6::InterfaceElement::getActiveOutputs(void)	Interface.cpp	0x1401cb9a0
                                  MaterialX_v1_39_6::InheritanceIterator::InheritanceIterator	0.071949	0.074478	0.0		0.0	0.0	0.0	0.0	CpuHotPaths.exe	MaterialX_v1_39_6::InheritanceIterator::InheritanceIterator(class MaterialX_v1_39_6::InheritanceIterator const &)	[Unknown]	0x1401b6b80
                                   std::set<std::shared_ptr<MaterialX_v1_39_6::Element const >,std::less<std::shared_ptr<MaterialX_v1_39_6::Element const > >,std::allocator<std::shared_ptr<MaterialX_v1_39_6::Element const > > >::{ctor}	0.071949	0.074478	0.0		0.0	0.0	0.0	0.0	CpuHotPaths.exe	std::set<std::shared_ptr<MaterialX_v1_39_6::Element const >,std::less<std::shared_ptr<MaterialX_v1_39_6::Element const > >,std::allocator<std::shared_ptr<MaterialX_v1_39_6::Element const > > >::{ctor}	set	0x1401b6bc2
                                    operator new	0.071949	0.074478	0.0		0.0	0.0	0.0	0.0	CpuHotPaths.exe	operator new(unsigned __int64)	new_scalar.cpp	0x140234a68
                                     malloc_base	0.071949	0.074478	0.0		0.014227	0.014227	0.0	0.0	ucrtbase.dll	malloc_base	[Unknown]	0x1800050a0
                                std::shared_ptr<MaterialX_v1_39_6::InterfaceElement const >::{ctor}	0.070760	0.073247	0.0		0.013992	0.013992	0.0	0.0	CpuHotPaths.exe	std::shared_ptr<MaterialX_v1_39_6::InterfaceElement const >::{ctor}	memory	0x1401e5872
                               MaterialX_v1_39_6::Element::getChildrenOfType<class MaterialX_v1_39_6::ValueElement>	0.075695	0.078355	0.0		0.0	0.0	0.0	0.0	CpuHotPaths.exe	MaterialX_v1_39_6::Element::getChildrenOfType<class MaterialX_v1_39_6::ValueElement>(class std::basic_string<char,struct std::char_traits<char>,class std::allocator<char> > const &)	Element.cpp	0x1401b0250
                                std::shared_ptr<MaterialX_v1_39_6::Element>::{ctor}	0.075695	0.078355	0.0		0.014967	0.014967	0.0	0.0	CpuHotPaths.exe	std::shared_ptr<MaterialX_v1_39_6::Element>::{ctor}	memory	0x1401b0465
                               MaterialX_v1_39_6::ShaderInput::makeConnection	0.071733	0.074254	0.0		0.0	0.0	0.0	0.0	CpuHotPaths.exe	MaterialX_v1_39_6::ShaderInput::makeConnection(class MaterialX_v1_39_6::ShaderOutput *)	ShaderNode.cpp	0x140144c30
                                std::vector<MaterialX_v1_39_6::ShaderInput *,std::allocator<MaterialX_v1_39_6::ShaderInput *> >::push_back	0.071733	0.074254	0.0		0.0	0.0	0.0	0.0	CpuHotPaths.exe	std::vector<MaterialX_v1_39_6::ShaderInput *,std::allocator<MaterialX_v1_39_6::ShaderInput *> >::push_back	vector	0x140144c94
                                 operator new	0.071733	0.074254	0.0		0.014184	0.014184	0.0	0.0	CpuHotPaths.exe	operator new(unsigned __int64)	new_scalar.cpp	0x140234a68
                               MaterialX_v1_39_6::InterfaceElement::getActiveInputs	0.070865	0.073355	0.0		0.0	0.0	0.0	0.0	CpuHotPaths.exe	MaterialX_v1_39_6::InterfaceElement::getActiveInputs(void)	Interface.cpp	0x1401cae40
                                MaterialX_v1_39_6::InterfaceElement::getInputs	0.070865	0.073355	0.0		0.0	0.0	0.0	0.0	CpuHotPaths.exe	MaterialX_v1_39_6::InterfaceElement::getInputs	Interface.h	0x1401caf1c
                                 MaterialX_v1_39_6::Element::getChildrenOfType<class MaterialX_v1_39_6::Input>	0.070865	0.073355	0.0		0.0	0.0	0.0	0.0	CpuHotPaths.exe	MaterialX_v1_39_6::Element::getChildrenOfType<class MaterialX_v1_39_6::Input>(class std::basic_string<char,struct std::char_traits<char>,class std::allocator<char> > const &)	Element.cpp	0x1401a8de0
                                  std::shared_ptr<MaterialX_v1_39_6::Element>::{ctor}	0.070865	0.073355	0.0		0.014012	0.014012	0.0	0.0	CpuHotPaths.exe	std::shared_ptr<MaterialX_v1_39_6::Element>::{ctor}	memory	0x1401a8ff5
                              MaterialX_v1_39_6::Node::getNodeDefOutput	0.075167	0.077808	0.0		0.0	0.0	0.0	0.0	CpuHotPaths.exe	MaterialX_v1_39_6::Node::getNodeDefOutput(class std::shared_ptr<class MaterialX_v1_39_6::Element>)	Node.cpp	0x1401e63a0
                               MaterialX_v1_39_6::Input::getInterfaceInput	0.075167	0.077808	0.0		0.0	0.0	0.0	0.0	CpuHotPaths.exe	MaterialX_v1_39_6::Input::getInterfaceInput(void)	Interface.cpp	0x1401ce7d0
                                MaterialX_v1_39_6::ValueElement::hasInterfaceName	0.075167	0.077808	0.0		0.014863	0.014863	0.0	0.0	CpuHotPaths.exe	MaterialX_v1_39_6::ValueElement::hasInterfaceName(void)	Element.h	0x1401cf3f0
                              MaterialX_v1_39_6::Element::getNamePath	0.072450	0.074996	0.0		0.0	0.0	0.0	0.0	CpuHotPaths.exe	MaterialX_v1_39_6::Element::getNamePath(class std::shared_ptr<class MaterialX_v1_39_6::Element const >)	Element.cpp	0x1401c2e80
                               std::operator+	0.072450	0.074996	0.0		0.014326	0.014326	0.0	0.0	CpuHotPaths.exe	std::operator+	xstring	0x1401c3177
                             MaterialX_v1_39_6::GraphIterator::operator++	0.429280	0.444367	0.0		0.0	0.0	0.0	0.0	CpuHotPaths.exe	MaterialX_v1_39_6::GraphIterator::operator++(void)	Traversal.cpp	0x1402043a0
                              MaterialX_v1_39_6::Node::getUpstreamEdge	0.215558	0.223134	0.0		0.0	0.0	0.0	0.0	CpuHotPaths.exe	MaterialX_v1_39_6::Node::getUpstreamEdge(unsigned __int64)	Node.cpp	0x1401e6ae0
                               MaterialX_v1_39_6::Input::getConnectedNode	0.144754	0.149841	0.0		0.0	0.0	0.0	0.0	CpuHotPaths.exe	MaterialX_v1_39_6::Input::getConnectedNode(void)	Interface.cpp	0x1401cd320
                                MaterialX_v1_39_6::PortElement::getConnectedNode	0.144754	0.149841	0.0		0.0	0.0	0.0	0.0	CpuHotPaths.exe	MaterialX_v1_39_6::PortElement::getConnectedNode	Interface.cpp	0x1401cd5fe
                                 MaterialX_v1_39_6::Element::getAncestorOfType<class MaterialX_v1_39_6::GraphElement>	0.074498	0.077116	0.0		0.0	0.0	0.0	0.0	CpuHotPaths.exe	MaterialX_v1_39_6::Element::getAncestorOfType<class MaterialX_v1_39_6::GraphElement>(void)	Element.h	0x14019af80
                                  MaterialX_v1_39_6::Element::asA<class MaterialX_v1_39_6::GraphElement>	0.074498	0.077116	0.0		0.0	0.0	0.0	0.0	CpuHotPaths.exe	MaterialX_v1_39_6::Element::asA<class MaterialX_v1_39_6::GraphElement>(void)	Element.cpp	0x140191a40
                                   std::dynamic_pointer_cast	0.074498	0.077116	0.0		0.014731	0.014731	0.0	0.0	CpuHotPaths.exe	std::dynamic_pointer_cast	memory	0x140191a88
                                 MaterialX_v1_39_6::GraphElement::getNode	0.070256	0.072725	0.0		0.0	0.0	0.0	0.0	CpuHotPaths.exe	MaterialX_v1_39_6::GraphElement::getNode	Node.h	0x1401cd623
                                  MaterialX_v1_39_6::Element::getChildOfType<class MaterialX_v1_39_6::Node>	0.070256	0.072725	0.0		0.0	0.0	0.0	0.0	CpuHotPaths.exe	MaterialX_v1_39_6::Element::getChildOfType<class MaterialX_v1_39_6::Node>(class std::basic_string<char,struct std::char_traits<char>,class std::allocator<char> > const &)	Element.cpp	0x14019fd10
                                   MaterialX_v1_39_6::Element::getChild	0.070256	0.072725	0.0		0.0	0.0	0.0	0.0	CpuHotPaths.exe	MaterialX_v1_39_6::Element::getChild(class std::basic_string<char,struct std::char_traits<char>,class std::allocator<char> > const &)	Element.cpp	0x1401c2250
                                    std::_Hash<std::_Umap_traits<std::basic_string<char,std::char_traits<char>,std::allocator<char> >,std::shared_ptr<MaterialX_v1_39_6::Element>,std::_Uhash_compare<std::basic_string<char,std::char_traits<char>,std::allocator<char> >,std::hash<std::basic_string<char,std::char_traits<char>,std::allocator<char> > >,std::equal_to<std::basic_string<char,std::char_traits<char>,std::allocator<char> > > >,std::allocator<std::pair<std::basic_string<char,std::char_traits<char>,std::allocator<char> > const ,std::shared_ptr<MaterialX_v1_39_6::Element> > >,0> >::find	0.070256	0.072725	0.0		0.013892	0.013892	0.0	0.0	CpuHotPaths.exe	std::_Hash<std::_Umap_traits<std::basic_string<char,std::char_traits<char>,std::allocator<char> >,std::shared_ptr<MaterialX_v1_39_6::Element>,std::_Uhash_compare<std::basic_string<char,std::char_traits<char>,std::allocator<char> >,std::hash<std::basic_string<char,std::char_traits<char>,std::allocator<char> > >,std::equal_to<std::basic_string<char,std::char_traits<char>,std::allocator<char> > > >,std::allocator<std::pair<std::basic_string<char,std::char_traits<char>,std::allocator<char> > const ,std::shared_ptr<MaterialX_v1_39_6::Element> > >,0> >::find	xhash	0x1401c2276
                               MaterialX_v1_39_6::InterfaceElement::getInputs	0.070804	0.073293	0.0		0.0	0.0	0.0	0.0	CpuHotPaths.exe	MaterialX_v1_39_6::InterfaceElement::getInputs	Interface.h	0x1401e6b11
                                MaterialX_v1_39_6::Element::getChildrenOfType<class MaterialX_v1_39_6::Input>	0.070804	0.073293	0.0		0.0	0.0	0.0	0.0	CpuHotPaths.exe	MaterialX_v1_39_6::Element::getChildrenOfType<class MaterialX_v1_39_6::Input>(class std::basic_string<char,struct std::char_traits<char>,class std::allocator<char> > const &)	Element.cpp	0x1401a8de0
                                 MaterialX_v1_39_6::Element::asA<class MaterialX_v1_39_6::Document>	0.070804	0.073293	0.0		0.0	0.0	0.0	0.0	CpuHotPaths.exe	MaterialX_v1_39_6::Element::asA<class MaterialX_v1_39_6::Document>(void)	Element.cpp	0x140190ba0
                                  std::dynamic_pointer_cast	0.070804	0.073293	0.0		0.014000	0.014000	0.0	0.0	CpuHotPaths.exe	std::dynamic_pointer_cast	memory	0x140190be8
                              MaterialX_v1_39_6::GraphIterator::returnPathDownstream	0.141764	0.146746	0.0		0.0	0.0	0.0	0.0	CpuHotPaths.exe	MaterialX_v1_39_6::GraphIterator::returnPathDownstream(class std::shared_ptr<class MaterialX_v1_39_6::Element>)	Traversal.cpp	0x140206420
                               std::_Tree<std::_Tset_traits<std::shared_ptr<MaterialX_v1_39_6::Element>,std::less<std::shared_ptr<MaterialX_v1_39_6::Element> >,std::allocator<std::shared_ptr<MaterialX_v1_39_6::Element> >,0> >::erase	0.072201	0.074739	0.0		0.014277	0.014277	0.0	0.0	CpuHotPaths.exe	std::_Tree<std::_Tset_traits<std::shared_ptr<MaterialX_v1_39_6::Element>,std::less<std::shared_ptr<MaterialX_v1_39_6::Element> >,std::allocator<std::shared_ptr<MaterialX_v1_39_6::Element> >,0> >::erase	xtree	0x14020643a
                               std::shared_ptr<MaterialX_v1_39_6::Element>::{dtor}	0.069563	0.072008	0.0		0.013755	0.013755	0.0	0.0	CpuHotPaths.exe	std::shared_ptr<MaterialX_v1_39_6::Element>::{dtor}	memory	0x14020655b
                              MaterialX_v1_39_6::GraphIterator::operator=	0.071958	0.074487	0.0		0.0	0.0	0.0	0.0	CpuHotPaths.exe	MaterialX_v1_39_6::GraphIterator::operator=(class MaterialX_v1_39_6::GraphIterator const &)	[Unknown]	0x140204020
                               std::shared_ptr<class MaterialX_v1_39_6::Element>::operator=	0.071958	0.074487	0.0		0.014228	0.014228	0.0	0.0	CpuHotPaths.exe	std::shared_ptr<class MaterialX_v1_39_6::Element>::operator=(class std::shared_ptr<class MaterialX_v1_39_6::Element> const &)	memory	0x140203f70
                             MaterialX_v1_39_6::GraphIterator::begin	0.069477	0.071919	0.0		0.0	0.0	0.0	0.0	CpuHotPaths.exe	MaterialX_v1_39_6::GraphIterator::begin	Traversal.h	0x14015e1ff
                              MaterialX_v1_39_6::GraphIterator::operator++	0.069477	0.071919	0.0		0.0	0.0	0.0	0.0	CpuHotPaths.exe	MaterialX_v1_39_6::GraphIterator::operator++(void)	Traversal.cpp	0x1402043a0
                               MaterialX_v1_39_6::Output::getUpstreamEdge	0.069477	0.071919	0.0		0.0	0.0	0.0	0.0	CpuHotPaths.exe	MaterialX_v1_39_6::Output::getUpstreamEdge(unsigned __int64)	Interface.cpp	0x1401ce930
                                MaterialX_v1_39_6::PortElement::getConnectedNode	0.069477	0.071919	0.0		0.0	0.0	0.0	0.0	CpuHotPaths.exe	MaterialX_v1_39_6::PortElement::getConnectedNode(void)	Interface.cpp	0x1401cd8c0
                                 MaterialX_v1_39_6::GraphElement::getNode	0.069477	0.071919	0.0		0.0	0.0	0.0	0.0	CpuHotPaths.exe	MaterialX_v1_39_6::GraphElement::getNode	Node.h	0x1401cd903
                                  MaterialX_v1_39_6::Element::getChildOfType<class MaterialX_v1_39_6::Node>	0.069477	0.071919	0.0		0.0	0.0	0.0	0.0	CpuHotPaths.exe	MaterialX_v1_39_6::Element::getChildOfType<class MaterialX_v1_39_6::Node>(class std::basic_string<char,struct std::char_traits<char>,class std::allocator<char> > const &)	Element.cpp	0x14019fd10
                                   MaterialX_v1_39_6::Element::getChild	0.069477	0.071919	0.0		0.0	0.0	0.0	0.0	CpuHotPaths.exe	MaterialX_v1_39_6::Element::getChild(class std::basic_string<char,struct std::char_traits<char>,class std::allocator<char> > const &)	Element.cpp	0x1401c2250
                                    std::_Hash<std::_Umap_traits<std::basic_string<char,std::char_traits<char>,std::allocator<char> >,std::shared_ptr<MaterialX_v1_39_6::Element>,std::_Uhash_compare<std::basic_string<char,std::char_traits<char>,std::allocator<char> >,std::hash<std::basic_string<char,std::char_traits<char>,std::allocator<char> > >,std::equal_to<std::basic_string<char,std::char_traits<char>,std::allocator<char> > > >,std::allocator<std::pair<std::basic_string<char,std::char_traits<char>,std::allocator<char> > const ,std::shared_ptr<MaterialX_v1_39_6::Element> > >,0> >::find	0.069477	0.071919	0.0		0.013738	0.013738	0.0	0.0	CpuHotPaths.exe	std::_Hash<std::_Umap_traits<std::basic_string<char,std::char_traits<char>,std::allocator<char> >,std::shared_ptr<MaterialX_v1_39_6::Element>,std::_Uhash_compare<std::basic_string<char,std::char_traits<char>,std::allocator<char> >,std::hash<std::basic_string<char,std::char_traits<char>,std::allocator<char> > >,std::equal_to<std::basic_string<char,std::char_traits<char>,std::allocator<char> > > >,std::allocator<std::pair<std::basic_string<char,std::char_traits<char>,std::allocator<char> > const ,std::shared_ptr<MaterialX_v1_39_6::Element> > >,0> >::find	xhash	0x1401c2276
                            MaterialX_v1_39_6::ShaderGraph::addInputSockets	0.218992	0.226688	0.0		0.0	0.0	0.0	0.0	CpuHotPaths.exe	MaterialX_v1_39_6::ShaderGraph::addInputSockets(class MaterialX_v1_39_6::InterfaceElement const &,class MaterialX_v1_39_6::GenContext &)	ShaderGraph.cpp	0x14015c7f0
                             MaterialX_v1_39_6::TypedValue<class MaterialX_v1_39_6::Vector3>::getValueString	0.075424	0.078075	0.0		0.0	0.0	0.0	0.0	CpuHotPaths.exe	MaterialX_v1_39_6::TypedValue<class MaterialX_v1_39_6::Vector3>::getValueString(void)	Value.cpp	0x1401f6fa0
                              MaterialX_v1_39_6::toValueString	0.075424	0.078075	0.0		0.0	0.0	0.0	0.0	CpuHotPaths.exe	MaterialX_v1_39_6::toValueString	Value.cpp	0x1401f6fd2
                               MaterialX_v1_39_6::toValueString<float>	0.075424	0.078075	0.0		0.0	0.0	0.0	0.0	CpuHotPaths.exe	MaterialX_v1_39_6::toValueString<float>(float const &)	Value.cpp	0x1401fe5f0
                                std::basic_ostream<char,struct std::char_traits<char> >::operator<<	0.075424	0.078075	0.0		0.014914	0.014914	0.0	0.0	MSVCP140.dll	std::basic_ostream<char,struct std::char_traits<char> >::operator<<(float)	[Unknown]	0x18004fa10
                             MaterialX_v1_39_6::InterfaceElement::getActiveInputs	0.072543	0.075092	0.0		0.0	0.0	0.0	0.0	CpuHotPaths.exe	MaterialX_v1_39_6::InterfaceElement::getActiveInputs(void)	Interface.cpp	0x1401cae40
                              std::vector<std::shared_ptr<MaterialX_v1_39_6::Input>,std::allocator<std::shared_ptr<MaterialX_v1_39_6::Input> > >::{dtor}	0.072543	0.075092	0.0		0.014344	0.014344	0.0	0.0	CpuHotPaths.exe	std::vector<std::shared_ptr<MaterialX_v1_39_6::Input>,std::allocator<std::shared_ptr<MaterialX_v1_39_6::Input> > >::{dtor}	vector	0x1401cb160
                             MaterialX_v1_39_6::ValueElement::getResolvedValue	0.071025	0.073521	0.0		0.0	0.0	0.0	0.0	CpuHotPaths.exe	MaterialX_v1_39_6::ValueElement::getResolvedValue(class std::shared_ptr<class MaterialX_v1_39_6::StringResolver>)	Element.cpp	0x1401c3be0
                              MaterialX_v1_39_6::Value::createValueFromStrings	0.071025	0.073521	0.0		0.0	0.0	0.0	0.0	CpuHotPaths.exe	MaterialX_v1_39_6::Value::createValueFromStrings(class std::basic_string<char,struct std::char_traits<char>,class std::allocator<char> > const &,class std::basic_string<char,struct std::char_traits<char>,class std::allocator<char> > const &,class std::shared_ptr<class MaterialX_v1_39_6::TypeDef const >)	Value.cpp	0x140202910
                               MaterialX_v1_39_6::TypedValue<float>::createFromString	0.071025	0.073521	0.0		0.0	0.0	0.0	0.0	CpuHotPaths.exe	MaterialX_v1_39_6::TypedValue<float>::createFromString(class std::basic_string<char,struct std::char_traits<char>,class std::allocator<char> > const &)	Value.cpp	0x140201350
                                MaterialX_v1_39_6::fromValueString<float>	0.071025	0.073521	0.0		0.0	0.0	0.0	0.0	CpuHotPaths.exe	MaterialX_v1_39_6::fromValueString<float>(class std::basic_string<char,struct std::char_traits<char>,class std::allocator<char> > const &)	Value.cpp	0x1401fb440
                                 func@0x180045990	0.071025	0.073521	0.0		0.014044	0.014044	0.0	0.0	MSVCP140.dll	func@0x180045990	[Unknown]	0x180045990
                            MaterialX_v1_39_6::ShaderGraph::finalize	0.144644	0.149727	0.0		0.0	0.0	0.0	0.0	CpuHotPaths.exe	MaterialX_v1_39_6::ShaderGraph::finalize(class MaterialX_v1_39_6::GenContext &)	ShaderGraph.cpp	0x1401639d0
                             MaterialX_v1_39_6::ShaderGraph::setVariableNames	0.144644	0.149727	0.0		0.0	0.0	0.0	0.0	CpuHotPaths.exe	MaterialX_v1_39_6::ShaderGraph::setVariableNames(class MaterialX_v1_39_6::GenContext &)	ShaderGraph.cpp	0x1401663b0
                              MaterialX_v1_39_6::Syntax::getVariableName	0.144644	0.149727	0.0		0.0	0.0	0.0	0.0	CpuHotPaths.exe	MaterialX_v1_39_6::Syntax::getVariableName(class std::basic_string<char,struct std::char_traits<char>,class std::allocator<char> > const &,class MaterialX_v1_39_6::TypeDesc,class std::unordered_map<class std::basic_string<char,struct std::char_traits<char>,class std::allocator<char> >,unsigned __int64,struct std::hash<class std::basic_string<char,struct std::char_traits<char>,class std::allocator<char> > >,struct std::equal_to<class std::basic_string<char,struct std::char_traits<char>,class std::allocator<char> > >,class std::allocator<struct std::pair<class std::basic_string<char,struct std::char_traits<char>,class std::allocator<char> > const ,unsigned __int64> > > &)	Syntax.cpp	0x1401493e0
                               MaterialX_v1_39_6::Syntax::makeIdentifier	0.144644	0.149727	0.0		0.0	0.0	0.0	0.0	CpuHotPaths.exe	MaterialX_v1_39_6::Syntax::makeIdentifier(class std::basic_string<char,struct std::char_traits<char>,class std::allocator<char> > &,class std::unordered_map<class std::basic_string<char,struct std::char_traits<char>,class std::allocator<char> >,unsigned __int64,struct std::hash<class std::basic_string<char,struct std::char_traits<char>,class std::allocator<char> > >,struct std::equal_to<class std::basic_string<char,struct std::char_traits<char>,class std::allocator<char> > >,class std::allocator<struct std::pair<class std::basic_string<char,struct std::char_traits<char>,class std::allocator<char> > const ,unsigned __int64> > > &)	Syntax.cpp	0x140149490
                                MaterialX_v1_39_6::Syntax::makeValidName	0.144644	0.149727	0.0		0.014283	0.014283	0.0	0.0	CpuHotPaths.exe	MaterialX_v1_39_6::Syntax::makeValidName(class std::basic_string<char,struct std::char_traits<char>,class std::allocator<char> > &)	Syntax.cpp	0x1401498f0
                                 std::find	0.072411	0.074956	0.0		0.014318	0.014318	0.0	0.0	CpuHotPaths.exe	std::find	xutility	0x1401499d6
                            MaterialX_v1_39_6::Syntax::makeValidName	0.073999	0.076599	0.0		0.0	0.0	0.0	0.0	CpuHotPaths.exe	MaterialX_v1_39_6::Syntax::makeValidName(class std::basic_string<char,struct std::char_traits<char>,class std::allocator<char> > &)	Syntax.cpp	0x1401498f0
                             MaterialX_v1_39_6::replaceSubstrings	0.073999	0.076599	0.0		0.0	0.0	0.0	0.0	CpuHotPaths.exe	MaterialX_v1_39_6::replaceSubstrings(class std::basic_string<char,struct std::char_traits<char>,class std::allocator<char> >,class std::unordered_map<class std::basic_string<char,struct std::char_traits<char>,class std::allocator<char> >,class std::basic_string<char,struct std::char_traits<char>,class std::allocator<char> >,struct std::hash<class std::basic_string<char,struct std::char_traits<char>,class std::allocator<char> > >,struct std::equal_to<class std::basic_string<char,struct std::char_traits<char>,class std::allocator<char> > >,class std::allocator<struct std::pair<class std::basic_string<char,struct std::char_traits<char>,class std::allocator<char> > const ,class std::basic_string<char,struct std::char_traits<char>,class std::allocator<char> > > > > const &)	Util.cpp	0x14017fb00
                              std::basic_string<char,std::char_traits<char>,std::allocator<char> >::find	0.073999	0.076599	0.0		0.014632	0.014632	0.0	0.0	CpuHotPaths.exe	std::basic_string<char,std::char_traits<char>,std::allocator<char> >::find	xstring	0x14017fb60
                          MaterialX_v1_39_6::NodeDef::getImplementation	1.448791	1.499707	0.0		0.0	0.0	0.0	0.0	CpuHotPaths.exe	MaterialX_v1_39_6::NodeDef::getImplementation(class std::basic_string<char,struct std::char_traits<char>,class std::allocator<char> > const &,bool)	Definition.cpp	0x1401d2d50
                           MaterialX_v1_39_6::targetStringsMatch	0.434620	0.449894	0.0		0.0	0.0	0.0	0.0	CpuHotPaths.exe	MaterialX_v1_39_6::targetStringsMatch(class std::basic_string<char,struct std::char_traits<char>,class std::allocator<char> > const &,class std::basic_string<char,struct std::char_traits<char>,class std::allocator<char> > const &)	Element.cpp	0x1401c8cb0
                            MaterialX_v1_39_6::splitString	0.141981	0.146970	0.0		0.0	0.0	0.0	0.0	CpuHotPaths.exe	MaterialX_v1_39_6::splitString(class std::basic_string<char,struct std::char_traits<char>,class std::allocator<char> > const &,class std::basic_string<char,struct std::char_traits<char>,class std::allocator<char> > const &)	Util.cpp	0x14017fd70
                             std::basic_string<char,struct std::char_traits<char>,class std::allocator<char> >::find_first_not_of	0.072651	0.075205	0.0		0.014366	0.014366	0.0	0.0	CpuHotPaths.exe	std::basic_string<char,struct std::char_traits<char>,class std::allocator<char> >::find_first_not_of(class std::basic_string<char,struct std::char_traits<char>,class std::allocator<char> > const &,unsigned __int64)	xstring	0x14017eb10
                             std::vector<std::basic_string<char,std::char_traits<char>,std::allocator<char> >,std::allocator<std::basic_string<char,std::char_traits<char>,std::allocator<char> > > >::push_back	0.069329	0.071766	0.0		0.0	0.0	0.0	0.0	CpuHotPaths.exe	std::vector<std::basic_string<char,std::char_traits<char>,std::allocator<char> >,std::allocator<std::basic_string<char,std::char_traits<char>,std::allocator<char> > > >::push_back	vector	0x14017fe49
                              operator new	0.069329	0.071766	0.0		0.0	0.0	0.0	0.0	CpuHotPaths.exe	operator new(unsigned __int64)	new_scalar.cpp	0x140234a68
                               malloc_base	0.069329	0.071766	0.0		0.013709	0.013709	0.0	0.0	ucrtbase.dll	malloc_base	[Unknown]	0x1800050a0
                            std::_Tree<std::_Tset_traits<std::basic_string<char,std::char_traits<char>,std::allocator<char> >,std::less<std::basic_string<char,std::char_traits<char>,std::allocator<char> > >,std::allocator<std::basic_string<char,std::char_traits<char>,std::allocator<char> > >,0> >::{dtor}	0.076282	0.078963	0.0		0.015083	0.015083	0.0	0.0	CpuHotPaths.exe	std::_Tree<std::_Tset_traits<std::basic_string<char,std::char_traits<char>,std::allocator<char> >,std::less<std::basic_string<char,std::char_traits<char>,std::allocator<char> > >,std::allocator<std::basic_string<char,std::char_traits<char>,std::allocator<char> > >,0> >::{dtor}	xtree	0x1401c8d94
                            std::_Tree<std::_Tset_traits<std::basic_string<char,std::char_traits<char>,std::allocator<char> >,std::less<std::basic_string<char,std::char_traits<char>,std::allocator<char> > >,std::allocator<std::basic_string<char,std::char_traits<char>,std::allocator<char> > >,0> >::{dtor}	0.074366	0.076979	0.0		0.014705	0.014705	0.0	0.0	CpuHotPaths.exe	std::_Tree<std::_Tset_traits<std::basic_string<char,std::char_traits<char>,std::allocator<char> >,std::less<std::basic_string<char,std::char_traits<char>,std::allocator<char> > >,std::allocator<std::basic_string<char,std::char_traits<char>,std::allocator<char> > >,0> >::{dtor}	xtree	0x1401c8db8
                            std::set<class std::basic_string<char,struct std::char_traits<char>,class std::allocator<char> >,struct std::less<class std::basic_string<char,struct std::char_traits<char>,class std::allocator<char> > >,class std::allocator<class std::basic_string<char,struct std::char_traits<char>,class std::allocator<char> > > >::set<class std::basic_string<char,struct std::char_traits<char>,class std::allocator<char> >,struct std::less<class std::basic_string<char,struct std::char_traits<char>,class std::allocator<char> > >,class std::allocator<class std::basic_string<char,struct std::char_traits<char>,class std::allocator<char> > > ><class std::_Vector_iterator<class std::_Vector_val<struct std::_Simple_types<class std::basic_string<char,struct std::char_traits<char>,class std::allocator<char> > > > > >	0.072184	0.074721	0.0		0.0	0.0	0.0	0.0	CpuHotPaths.exe	std::set<class std::basic_string<char,struct std::char_traits<char>,class std::allocator<char> >,struct std::less<class std::basic_string<char,struct std::char_traits<char>,class std::allocator<char> > >,class std::allocator<class std::basic_string<char,struct std::char_traits<char>,class std::allocator<char> > > >::set<class std::basic_string<char,struct std::char_traits<char>,class std::allocator<char> >,struct std::less<class std::basic_string<char,struct std::char_traits<char>,class std::allocator<char> > >,class std::allocator<class std::basic_string<char,struct std::char_traits<char>,class std::allocator<char> > > ><class std::_Vector_iterator<class std::_Vector_val<struct std::_Simple_types<class std::basic_string<char,struct std::char_traits<char>,class std::allocator<char> > > > > >(class std::_Vector_iterator<class std::_Vector_val<struct std::_Simple_types<class std::basic_string<char,struct std::char_traits<char>,class std::allocator<char> > > > >,class std::_Vector_iterator<class std::_Vector_val<struct std::_Simple_types<class std::basic_string<char,struct std::char_traits<char>,class std::allocator<char> > > > >)	set	0x1401856b0
                             operator new	0.072184	0.074721	0.0		0.0	0.0	0.0	0.0	CpuHotPaths.exe	operator new(unsigned __int64)	new_scalar.cpp	0x140234a68
                              malloc_base	0.072184	0.074721	0.0		0.014273	0.014273	0.0	0.0	ucrtbase.dll	malloc_base	[Unknown]	0x1800050a0
                            std::set_intersection	0.069808	0.072261	0.0		0.0	0.0	0.0	0.0	CpuHotPaths.exe	std::set_intersection	algorithm	0x1401c8d56
                             [Import thunk memcmp]	0.069808	0.072261	0.0		0.013803	0.013803	0.0	0.0	CpuHotPaths.exe	[Import thunk memcmp]	[Unknown]	0x1402365ce
                           MaterialX_v1_39_6::Document::getMatchingImplementations	0.358746	0.371353	0.0		0.0	0.0	0.0	0.0	CpuHotPaths.exe	MaterialX_v1_39_6::Document::getMatchingImplementations(class std::basic_string<char,struct std::char_traits<char>,class std::allocator<char> > const &)	Document.cpp	0x1401f0870
                            MaterialX_v1_39_6::Document::Cache::getMatchingImplementations	0.216536	0.224146	0.0		0.0	0.0	0.0	0.0	CpuHotPaths.exe	MaterialX_v1_39_6::Document::Cache::getMatchingImplementations(class std::basic_string<char,struct std::char_traits<char>,class std::allocator<char> > const &)	Document.cpp	0x1401f0430
                             std::_Hash<std::_Umap_traits<std::basic_string<char,std::char_traits<char>,std::allocator<char> >,std::vector<std::shared_ptr<MaterialX_v1_39_6::InterfaceElement>,std::allocator<std::shared_ptr<MaterialX_v1_39_6::InterfaceElement> > >,std::_Uhash_compare<std::basic_string<char,std::char_traits<char>,std::allocator<char> >,std::hash<std::basic_string<char,std::char_traits<char>,std::allocator<char> > >,std::equal_to<std::basic_string<char,std::char_traits<char>,std::allocator<char> > > >,std::allocator<std::pair<std::basic_string<char,std::char_traits<char>,std::allocator<char> > const ,std::vector<std::shared_ptr<MaterialX_v1_39_6::InterfaceElement>,std::allocator<std::shared_ptr<MaterialX_v1_39_6::InterfaceElement> > > > >,0> >::find	0.145439	0.150551	0.0		0.028758	0.028758	0.0	0.0	CpuHotPaths.exe	std::_Hash<std::_Umap_traits<std::basic_string<char,std::char_traits<char>,std::allocator<char> >,std::vector<std::shared_ptr<MaterialX_v1_39_6::InterfaceElement>,std::allocator<std::shared_ptr<MaterialX_v1_39_6::InterfaceElement> > >,std::_Uhash_compare<std::basic_string<char,std::char_traits<char>,std::allocator<char> >,std::hash<std::basic_string<char,std::char_traits<char>,std::allocator<char> > >,std::equal_to<std::basic_string<char,std::char_traits<char>,std::allocator<char> > > >,std::allocator<std::pair<std::basic_string<char,std::char_traits<char>,std::allocator<char> > const ,std::vector<std::shared_ptr<MaterialX_v1_39_6::InterfaceElement>,std::allocator<std::shared_ptr<MaterialX_v1_39_6::InterfaceElement> > > > >,0> >::find	xhash	0x1401f0467
                             MaterialX_v1_39_6::Document::Cache::refreshWithLock	0.071097	0.073595	0.0		0.014058	0.014058	0.0	0.0	CpuHotPaths.exe	MaterialX_v1_39_6::Document::Cache::refreshWithLock(void)	Document.cpp	0x1401f3840
                            std::vector<std::shared_ptr<MaterialX_v1_39_6::InterfaceElement>,std::allocator<std::shared_ptr<MaterialX_v1_39_6::InterfaceElement> > >::insert	0.142210	0.147208	0.0		0.028120	0.028120	0.0	0.0	CpuHotPaths.exe	std::vector<std::shared_ptr<MaterialX_v1_39_6::InterfaceElement>,std::allocator<std::shared_ptr<MaterialX_v1_39_6::InterfaceElement> > >::insert	vector	0x1401f0a8b
                           MaterialX_v1_39_6::Document::getTargetDef	0.148120	0.153326	0.0		0.0	0.0	0.0	0.0	CpuHotPaths.exe	MaterialX_v1_39_6::Document::getTargetDef	Document.h	0x1401d3336
                            MaterialX_v1_39_6::Element::getChildOfType<class MaterialX_v1_39_6::TargetDef>	0.148120	0.153326	0.0		0.0	0.0	0.0	0.0	CpuHotPaths.exe	MaterialX_v1_39_6::Element::getChildOfType<class MaterialX_v1_39_6::TargetDef>(class std::basic_string<char,struct std::char_traits<char>,class std::allocator<char> > const &)	Element.cpp	0x1401a1ed0
                             std::shared_ptr<MaterialX_v1_39_6::Document const >::{dtor}	0.075510	0.078163	0.0		0.014931	0.014931	0.0	0.0	CpuHotPaths.exe	std::shared_ptr<MaterialX_v1_39_6::Document const >::{dtor}	memory	0x1401a211a
                             MaterialX_v1_39_6::Element::getChild	0.072611	0.075162	0.0		0.0	0.0	0.0	0.0	CpuHotPaths.exe	MaterialX_v1_39_6::Element::getChild(class std::basic_string<char,struct std::char_traits<char>,class std::allocator<char> > const &)	Element.cpp	0x1401c2250
                              std::_Hash<std::_Umap_traits<std::basic_string<char,std::char_traits<char>,std::allocator<char> >,std::shared_ptr<MaterialX_v1_39_6::Element>,std::_Uhash_compare<std::basic_string<char,std::char_traits<char>,std::allocator<char> >,std::hash<std::basic_string<char,std::char_traits<char>,std::allocator<char> > >,std::equal_to<std::basic_string<char,std::char_traits<char>,std::allocator<char> > > >,std::allocator<std::pair<std::basic_string<char,std::char_traits<char>,std::allocator<char> > const ,std::shared_ptr<MaterialX_v1_39_6::Element> > >,0> >::find	0.072611	0.075162	0.0		0.014358	0.014358	0.0	0.0	CpuHotPaths.exe	std::_Hash<std::_Umap_traits<std::basic_string<char,std::char_traits<char>,std::allocator<char> >,std::shared_ptr<MaterialX_v1_39_6::Element>,std::_Uhash_compare<std::basic_string<char,std::char_traits<char>,std::allocator<char> >,std::hash<std::basic_string<char,std::char_traits<char>,std::allocator<char> > >,std::equal_to<std::basic_string<char,std::char_traits<char>,std::allocator<char> > > >,std::allocator<std::pair<std::basic_string<char,std::char_traits<char>,std::allocator<char> > const ,std::shared_ptr<MaterialX_v1_39_6::Element> > >,0> >::find	xhash	0x1401c2276
                           MaterialX_v1_39_6::InterfaceElement::getTarget	0.143903	0.148960	0.0		0.0	0.0	0.0	0.0	CpuHotPaths.exe	MaterialX_v1_39_6::InterfaceElement::getTarget	Interface.h	0x1401d351f
                            MaterialX_v1_39_6::Element::getAttribute	0.143903	0.148960	0.0		0.014400	0.014400	0.0	0.0	CpuHotPaths.exe	MaterialX_v1_39_6::Element::getAttribute(class std::basic_string<char,struct std::char_traits<char>,class std::allocator<char> > const &)	Element.h	0x1400b15e0
                             std::_Hash<std::_Umap_traits<std::basic_string<char,std::char_traits<char>,std::allocator<char> >,std::basic_string<char,std::char_traits<char>,std::allocator<char> >,std::_Uhash_compare<std::basic_string<char,std::char_traits<char>,std::allocator<char> >,std::hash<std::basic_string<char,std::char_traits<char>,std::allocator<char> > >,std::equal_to<std::basic_string<char,std::char_traits<char>,std::allocator<char> > > >,std::allocator<std::pair<std::basic_string<char,std::char_traits<char>,std::allocator<char> > const ,std::basic_string<char,std::char_traits<char>,std::allocator<char> > > >,0> >::find	0.071079	0.073577	0.0		0.014055	0.014055	0.0	0.0	CpuHotPaths.exe	std::_Hash<std::_Umap_traits<std::basic_string<char,std::char_traits<char>,std::allocator<char> >,std::basic_string<char,std::char_traits<char>,std::allocator<char> >,std::_Uhash_compare<std::basic_string<char,std::char_traits<char>,std::allocator<char> >,std::hash<std::basic_string<char,std::char_traits<char>,std::allocator<char> > >,std::equal_to<std::basic_string<char,std::char_traits<char>,std::allocator<char> > > >,std::allocator<std::pair<std::basic_string<char,std::char_traits<char>,std::allocator<char> > const ,std::basic_string<char,std::char_traits<char>,std::allocator<char> > > >,0> >::find	xhash	0x1400b15ea
                           MaterialX_v1_39_6::Element::getQualifiedName	0.075016	0.077652	0.0		0.0	0.0	0.0	0.0	CpuHotPaths.exe	MaterialX_v1_39_6::Element::getQualifiedName(class std::basic_string<char,struct std::char_traits<char>,class std::allocator<char> > const &)	Element.h	0x1401c35b0
                            std::basic_string<char,struct std::char_traits<char>,class std::allocator<char> >::basic_string<char,struct std::char_traits<char>,class std::allocator<char> >	0.075016	0.077652	0.0		0.0	0.0	0.0	0.0	CpuHotPaths.exe	std::basic_string<char,struct std::char_traits<char>,class std::allocator<char> >::basic_string<char,struct std::char_traits<char>,class std::allocator<char> >(class std::basic_string<char,struct std::char_traits<char>,class std::allocator<char> > const &)	xstring	0x1400aa8d0
                             operator new	0.075016	0.077652	0.0		0.0	0.0	0.0	0.0	CpuHotPaths.exe	operator new(unsigned __int64)	new_scalar.cpp	0x140234a68
                              malloc_base	0.075016	0.077652	0.0		0.014833	0.014833	0.0	0.0	ucrtbase.dll	malloc_base	[Unknown]	0x1800050a0
                           MaterialX_v1_39_6::TargetDef::getMatchingTargets	0.074850	0.077480	0.0		0.0	0.0	0.0	0.0	CpuHotPaths.exe	MaterialX_v1_39_6::TargetDef::getMatchingTargets(void)	Definition.cpp	0x1401d4200
                            MaterialX_v1_39_6::Element::getInheritsFrom	0.074850	0.077480	0.0		0.0	0.0	0.0	0.0	CpuHotPaths.exe	MaterialX_v1_39_6::Element::getInheritsFrom(void)	Element.h	0x1401c2d90
                             MaterialX_v1_39_6::Element::hasInheritString	0.074850	0.077480	0.0		0.0	0.0	0.0	0.0	CpuHotPaths.exe	MaterialX_v1_39_6::Element::hasInheritString(void)	Element.h	0x1401c4660
                              MaterialX_v1_39_6::Element::hasAttribute	0.074850	0.077480	0.0		0.0	0.0	0.0	0.0	CpuHotPaths.exe	MaterialX_v1_39_6::Element::hasAttribute	Element.h	0x1401c4664
                               std::_Hash<std::_Umap_traits<std::basic_string<char,std::char_traits<char>,std::allocator<char> >,std::basic_string<char,std::char_traits<char>,std::allocator<char> >,std::_Uhash_compare<std::basic_string<char,std::char_traits<char>,std::allocator<char> >,std::hash<std::basic_string<char,std::char_traits<char>,std::allocator<char> > >,std::equal_to<std::basic_string<char,std::char_traits<char>,std::allocator<char> > > >,std::allocator<std::pair<std::basic_string<char,std::char_traits<char>,std::allocator<char> > const ,std::basic_string<char,std::char_traits<char>,std::allocator<char> > > >,0> >::count	0.074850	0.077480	0.0		0.014800	0.014800	0.0	0.0	CpuHotPaths.exe	std::_Hash<std::_Umap_traits<std::basic_string<char,std::char_traits<char>,std::allocator<char> >,std::basic_string<char,std::char_traits<char>,std::allocator<char> >,std::_Uhash_compare<std::basic_string<char,std::char_traits<char>,std::allocator<char> >,std::hash<std::basic_string<char,std::char_traits<char>,std::allocator<char> > >,std::equal_to<std::basic_string<char,std::char_traits<char>,std::allocator<char> > > >,std::allocator<std::pair<std::basic_string<char,std::char_traits<char>,std::allocator<char> > const ,std::basic_string<char,std::char_traits<char>,std::allocator<char> > > >,0> >::count	xhash	0x1401c4664
                           std::vector<std::shared_ptr<MaterialX_v1_39_6::InterfaceElement>,std::allocator<std::shared_ptr<MaterialX_v1_39_6::InterfaceElement> > >::insert	0.071999	0.074529	0.0		0.0	0.0	0.0	0.0	CpuHotPaths.exe	std::vector<std::shared_ptr<MaterialX_v1_39_6::InterfaceElement>,std::allocator<std::shared_ptr<MaterialX_v1_39_6::InterfaceElement> > >::insert	vector	0x1401d2ea7
                            operator new	0.071999	0.074529	0.0		0.0	0.0	0.0	0.0	CpuHotPaths.exe	operator new(unsigned __int64)	new_scalar.cpp	0x140234a68
                             malloc_base	0.071999	0.074529	0.0		0.014237	0.014237	0.0	0.0	ucrtbase.dll	malloc_base	[Unknown]	0x1800050a0
                           MaterialX_v1_39_6::Implementation::hasNodeGraph	0.071568	0.074084	0.0		0.0	0.0	0.0	0.0	CpuHotPaths.exe	MaterialX_v1_39_6::Implementation::hasNodeGraph	Definition.h	0x1401d2f1b
                            MaterialX_v1_39_6::Element::hasAttribute	0.071568	0.074084	0.0		0.0	0.0	0.0	0.0	CpuHotPaths.exe	MaterialX_v1_39_6::Element::hasAttribute	Element.h	0x1401d2f1b
                             std::_Hash<std::_Umap_traits<std::basic_string<char,std::char_traits<char>,std::allocator<char> >,std::basic_string<char,std::char_traits<char>,std::allocator<char> >,std::_Uhash_compare<std::basic_string<char,std::char_traits<char>,std::allocator<char> >,std::hash<std::basic_string<char,std::char_traits<char>,std::allocator<char> > >,std::equal_to<std::basic_string<char,std::char_traits<char>,std::allocator<char> > > >,std::allocator<std::pair<std::basic_string<char,std::char_traits<char>,std::allocator<char> > const ,std::basic_string<char,std::char_traits<char>,std::allocator<char> > > >,0> >::count	0.071568	0.074084	0.0		0.014151	0.014151	0.0	0.0	CpuHotPaths.exe	std::_Hash<std::_Umap_traits<std::basic_string<char,std::char_traits<char>,std::allocator<char> >,std::basic_string<char,std::char_traits<char>,std::allocator<char> >,std::_Uhash_compare<std::basic_string<char,std::char_traits<char>,std::allocator<char> >,std::hash<std::basic_string<char,std::char_traits<char>,std::allocator<char> > >,std::equal_to<std::basic_string<char,std::char_traits<char>,std::allocator<char> > > >,std::allocator<std::pair<std::basic_string<char,std::char_traits<char>,std::allocator<char> > const ,std::basic_string<char,std::char_traits<char>,std::allocator<char> > > >,0> >::count	xhash	0x1401d2f22
                           MaterialX_v1_39_6::Element::asA<class MaterialX_v1_39_6::Implementation>	0.069969	0.072428	0.0		0.0	0.0	0.0	0.0	CpuHotPaths.exe	MaterialX_v1_39_6::Element::asA<class MaterialX_v1_39_6::Implementation>(void)	Element.cpp	0x140191b50
                            std::dynamic_pointer_cast	0.069969	0.072428	0.0		0.013835	0.013835	0.0	0.0	CpuHotPaths.exe	std::dynamic_pointer_cast	memory	0x140191b98
                          MaterialX_v1_39_6::ShaderGenerator::createShaderNodeImplForImplementation	0.215818	0.223403	0.0		0.0	0.0	0.0	0.0	CpuHotPaths.exe	MaterialX_v1_39_6::ShaderGenerator::createShaderNodeImplForImplementation(class MaterialX_v1_39_6::Implementation const &)	ShaderGenerator.cpp	0x14014d3e0
                           MaterialX_v1_39_6::SourceCodeNode::create	0.215818	0.223403	0.0		0.0	0.0	0.0	0.0	CpuHotPaths.exe	MaterialX_v1_39_6::SourceCodeNode::create(void)	SourceCodeNode.cpp	0x1401691e0
                            std::make_shared	0.215818	0.223403	0.0		0.0	0.0	0.0	0.0	CpuHotPaths.exe	std::make_shared	memory	0x1401691fe
                             operator new	0.215818	0.223403	0.0		0.0	0.0	0.0	0.0	CpuHotPaths.exe	operator new(unsigned __int64)	new_scalar.cpp	0x140234a68
                              malloc_base	0.215818	0.223403	0.0		0.042675	0.042675	0.0	0.0	ucrtbase.dll	malloc_base	[Unknown]	0x1800050a0
                          MaterialX_v1_39_6::GenContext::findNodeImplementation	0.071658	0.074176	0.0		0.0	0.0	0.0	0.0	CpuHotPaths.exe	MaterialX_v1_39_6::GenContext::findNodeImplementation(class std::basic_string<char,struct std::char_traits<char>,class std::allocator<char> > const &)	GenContext.cpp	0x1401345e0
                           std::shared_ptr<MaterialX_v1_39_6::ShaderNodeImpl>::{dtor}	0.071658	0.074176	0.0		0.014169	0.014169	0.0	0.0	CpuHotPaths.exe	std::shared_ptr<MaterialX_v1_39_6::ShaderNodeImpl>::{dtor}	memory	0x1401346a6
                         MaterialX_v1_39_6::ValueElement::getResolvedValue	2.324456	2.026897	10.791326		0.0	0.0	0.0	0.0	CpuHotPaths.exe	MaterialX_v1_39_6::ValueElement::getResolvedValue(class std::shared_ptr<class MaterialX_v1_39_6::StringResolver>)	Element.cpp	0x1401c3be0
                          MaterialX_v1_39_6::Value::createValueFromStrings	1.889818	1.576985	10.791326		0.0	0.0	0.0	0.0	CpuHotPaths.exe	MaterialX_v1_39_6::Value::createValueFromStrings(class std::basic_string<char,struct std::char_traits<char>,class std::allocator<char> > const &,class std::basic_string<char,struct std::char_traits<char>,class std::allocator<char> > const &,class std::shared_ptr<class MaterialX_v1_39_6::TypeDef const >)	Value.cpp	0x140202910
                           MaterialX_v1_39_6::TypedValue<float>::createFromString	0.734379	0.605617	4.398244		0.0	0.0	0.0	0.0	CpuHotPaths.exe	MaterialX_v1_39_6::TypedValue<float>::createFromString(class std::basic_string<char,struct std::char_traits<char>,class std::allocator<char> > const &)	Value.cpp	0x140201350
                            MaterialX_v1_39_6::fromValueString<float>	0.734379	0.605617	4.398244		0.0	0.0	0.0	0.0	CpuHotPaths.exe	MaterialX_v1_39_6::fromValueString<float>(class std::basic_string<char,struct std::char_traits<char>,class std::allocator<char> > const &)	Value.cpp	0x1401fb440
                             func@0x180045990	0.365982	0.224273	4.398244		0.072367	0.042841	0.029526	0.0	MSVCP140.dll	func@0x180045990	[Unknown]	0x180045990
                             std::basic_stringstream<char,std::char_traits<char>,std::allocator<char> >::{ctor}	0.146595	0.151747	0.0		0.028987	0.028987	0.0	0.0	CpuHotPaths.exe	std::basic_stringstream<char,std::char_traits<char>,std::allocator<char> >::{ctor}	sstream	0x1401fb47b
                             std::basic_stringstream<char,std::char_traits<char>,std::allocator<char> >::{dtor}	0.075290	0.077936	0.0		0.014887	0.014887	0.0	0.0	CpuHotPaths.exe	std::basic_stringstream<char,std::char_traits<char>,std::allocator<char> >::{dtor}	sstream	0x1401fb565
                             std::basic_ios<char,struct std::char_traits<char> >::imbue	0.074440	0.077056	0.0		0.014719	0.014719	0.0	0.0	MSVCP140.dll	std::basic_ios<char,struct std::char_traits<char> >::imbue(class std::locale const & __ptr64)	[Unknown]	0x18005a0d0
                             std::locale::classic	0.072072	0.074605	0.0		0.014251	0.014251	0.0	0.0	MSVCP140.dll	std::locale::classic(void)	[Unknown]	0x1800170a0
                           MaterialX_v1_39_6::TypedValue<class MaterialX_v1_39_6::Color3>::createFromString	0.577509	0.447463	4.277897		0.0	0.0	0.0	0.0	CpuHotPaths.exe	MaterialX_v1_39_6::TypedValue<class MaterialX_v1_39_6::Color3>::createFromString(class std::basic_string<char,struct std::char_traits<char>,class std::allocator<char> > const &)	Value.cpp	0x140201b10
                            MaterialX_v1_39_6::fromValueString	0.577509	0.447463	4.277897		0.0	0.0	0.0	0.0	CpuHotPaths.exe	MaterialX_v1_39_6::fromValueString	Value.cpp	0x140201b3a
                             MaterialX_v1_39_6::fromValueString<float>	0.431952	0.296791	4.277897		0.0	0.0	0.0	0.0	CpuHotPaths.exe	MaterialX_v1_39_6::fromValueString<float>(class std::basic_string<char,struct std::char_traits<char>,class std::allocator<char> > const &)	Value.cpp	0x1401fb440
                              func@0x180045990	0.216004	0.149385	2.111610		0.042711	0.028536	0.014176	0.0	MSVCP140.dll	func@0x180045990	[Unknown]	0x180045990
                              std::basic_stringstream<char,std::char_traits<char>,std::allocator<char> >::{ctor}	0.073547	0.0	2.166287		0.014543	0.0	0.014543	0.0	CpuHotPaths.exe	std::basic_stringstream<char,std::char_traits<char>,std::allocator<char> >::{ctor}	sstream	0x1401fb47b
                              std::basic_ios<char,struct std::char_traits<char> >::imbue	0.072848	0.075408	0.0		0.014404	0.014404	0.0	0.0	MSVCP140.dll	std::basic_ios<char,struct std::char_traits<char> >::imbue(class std::locale const & __ptr64)	[Unknown]	0x18005a0d0
                              std::basic_stringstream<char,std::char_traits<char>,std::allocator<char> >::{dtor}	0.069554	0.071999	0.0		0.013753	0.013753	0.0	0.0	CpuHotPaths.exe	std::basic_stringstream<char,std::char_traits<char>,std::allocator<char> >::{dtor}	sstream	0x1401fb565
                             MaterialX_v1_39_6::splitString	0.145557	0.150672	0.0		0.0	0.0	0.0	0.0	CpuHotPaths.exe	MaterialX_v1_39_6::splitString(class std::basic_string<char,struct std::char_traits<char>,class std::allocator<char> > const &,class std::basic_string<char,struct std::char_traits<char>,class std::allocator<char> > const &)	Util.cpp	0x14017fd70
                              std::vector<std::basic_string<char,std::char_traits<char>,std::allocator<char> >,std::allocator<std::basic_string<char,std::char_traits<char>,std::allocator<char> > > >::push_back	0.145557	0.150672	0.0		0.028781	0.028781	0.0	0.0	CpuHotPaths.exe	std::vector<std::basic_string<char,std::char_traits<char>,std::allocator<char> >,std::allocator<std::basic_string<char,std::char_traits<char>,std::allocator<char> > > >::push_back	vector	0x14017fe49
                           MaterialX_v1_39_6::TypedValue<class MaterialX_v1_39_6::Vector3>::createFromString	0.360428	0.298759	2.115185		0.0	0.0	0.0	0.0	CpuHotPaths.exe	MaterialX_v1_39_6::TypedValue<class MaterialX_v1_39_6::Vector3>::createFromString(class std::basic_string<char,struct std::char_traits<char>,class std::allocator<char> > const &)	Value.cpp	0x1402024a0
                            MaterialX_v1_39_6::fromValueString	0.360428	0.298759	2.115185		0.0	0.0	0.0	0.0	CpuHotPaths.exe	MaterialX_v1_39_6::fromValueString	Value.cpp	0x1402024ca
                             MaterialX_v1_39_6::fromValueString<float>	0.290643	0.226522	2.115185		0.0	0.0	0.0	0.0	CpuHotPaths.exe	MaterialX_v1_39_6::fromValueString<float>(class std::basic_string<char,struct std::char_traits<char>,class std::allocator<char> > const &)	Value.cpp	0x1401fb440
                              func@0x180045990	0.290643	0.226522	2.115185		0.057470	0.043270	0.014200	0.0	MSVCP140.dll	func@0x180045990	[Unknown]	0x180045990
                             MaterialX_v1_39_6::splitString	0.069784	0.072237	0.0		0.0	0.0	0.0	0.0	CpuHotPaths.exe	MaterialX_v1_39_6::splitString(class std::basic_string<char,struct std::char_traits<char>,class std::allocator<char> > const &,class std::basic_string<char,struct std::char_traits<char>,class std::allocator<char> > const &)	Util.cpp	0x14017fd70
                              std::vector<std::basic_string<char,std::char_traits<char>,std::allocator<char> >,std::allocator<std::basic_string<char,std::char_traits<char>,std::allocator<char> > > >::push_back	0.069784	0.072237	0.0		0.013799	0.013799	0.0	0.0	CpuHotPaths.exe	std::vector<std::basic_string<char,std::char_traits<char>,std::allocator<char> >,std::allocator<std::basic_string<char,std::char_traits<char>,std::allocator<char> > > >::push_back	vector	0x14017fe49
                           std::_Hash<std::_Umap_traits<std::basic_string<char,std::char_traits<char>,std::allocator<char> >,std::shared_ptr<MaterialX_v1_39_6::Value> (__cdecl*)(std::basic_string<char,std::char_traits<char>,std::allocator<char> > const &),std::_Uhash_compare<std::basic_string<char,std::char_traits<char>,std::allocator<char> >,std::hash<std::basic_string<char,std::char_traits<char>,std::allocator<char> > >,std::equal_to<std::basic_string<char,std::char_traits<char>,std::allocator<char> > > >,std::allocator<std::pair<std::basic_string<char,std::char_traits<char>,std::allocator<char> > const ,std::shared_ptr<MaterialX_v1_39_6::Value> (__cdecl*)(std::basic_string<char,std::char_traits<char>,std::allocator<char> > const &)> >,0> >::find	0.145640	0.150758	0.0		0.028798	0.028798	0.0	0.0	CpuHotPaths.exe	std::_Hash<std::_Umap_traits<std::basic_string<char,std::char_traits<char>,std::allocator<char> >,std::shared_ptr<MaterialX_v1_39_6::Value> (__cdecl*)(std::basic_string<char,std::char_traits<char>,std::allocator<char> > const &),std::_Uhash_compare<std::basic_string<char,std::char_traits<char>,std::allocator<char> >,std::hash<std::basic_string<char,std::char_traits<char>,std::allocator<char> > >,std::equal_to<std::basic_string<char,std::char_traits<char>,std::allocator<char> > > >,std::allocator<std::pair<std::basic_string<char,std::char_traits<char>,std::allocator<char> > const ,std::shared_ptr<MaterialX_v1_39_6::Value> (__cdecl*)(std::basic_string<char,std::char_traits<char>,std::allocator<char> > const &)> >,0> >::find	xhash	0x140202942
                           MaterialX_v1_39_6::TypedValue<class MaterialX_v1_39_6::Vector2>::createFromString	0.071863	0.074388	0.0		0.0	0.0	0.0	0.0	CpuHotPaths.exe	MaterialX_v1_39_6::TypedValue<class MaterialX_v1_39_6::Vector2>::createFromString(class std::basic_string<char,struct std::char_traits<char>,class std::allocator<char> > const &)	Value.cpp	0x1402022d0
                            MaterialX_v1_39_6::fromValueString	0.071863	0.074388	0.0		0.0	0.0	0.0	0.0	CpuHotPaths.exe	MaterialX_v1_39_6::fromValueString	Value.cpp	0x1402022fa
                             MaterialX_v1_39_6::fromValueString<float>	0.071863	0.074388	0.0		0.0	0.0	0.0	0.0	CpuHotPaths.exe	MaterialX_v1_39_6::fromValueString<float>(class std::basic_string<char,struct std::char_traits<char>,class std::allocator<char> > const &)	Value.cpp	0x1401fb440
                              func@0x180045990	0.071863	0.074388	0.0		0.014210	0.014210	0.0	0.0	MSVCP140.dll	func@0x180045990	[Unknown]	0x180045990
                          MaterialX_v1_39_6::Document::getTypeDef	0.144822	0.149912	0.0		0.0	0.0	0.0	0.0	CpuHotPaths.exe	MaterialX_v1_39_6::Document::getTypeDef	Document.h	0x1401c3cd8
                           MaterialX_v1_39_6::Element::getChildOfType<class MaterialX_v1_39_6::TypeDef>	0.144822	0.149912	0.0		0.0	0.0	0.0	0.0	CpuHotPaths.exe	MaterialX_v1_39_6::Element::getChildOfType<class MaterialX_v1_39_6::TypeDef>(class std::basic_string<char,struct std::char_traits<char>,class std::allocator<char> > const &)	Element.cpp	0x1401a2650
                            MaterialX_v1_39_6::Element::asA<class MaterialX_v1_39_6::Document>	0.073451	0.076033	0.0		0.0	0.0	0.0	0.0	CpuHotPaths.exe	MaterialX_v1_39_6::Element::asA<class MaterialX_v1_39_6::Document>(void)	Element.cpp	0x140190ba0
                             MaterialX_v1_39_6::Element::getSelf	0.073451	0.076033	0.0		0.0	0.0	0.0	0.0	CpuHotPaths.exe	MaterialX_v1_39_6::Element::getSelf	Element.h	0x140190bb7
                              std::enable_shared_from_this<MaterialX_v1_39_6::Element>::shared_from_this	0.073451	0.076033	0.0		0.014524	0.014524	0.0	0.0	CpuHotPaths.exe	std::enable_shared_from_this<MaterialX_v1_39_6::Element>::shared_from_this	memory	0x140190bb7
                            std::shared_ptr<MaterialX_v1_39_6::Document const >::{dtor}	0.071371	0.073879	0.0		0.014112	0.014112	0.0	0.0	CpuHotPaths.exe	std::shared_ptr<MaterialX_v1_39_6::Document const >::{dtor}	memory	0x1401a289a
                          std::shared_ptr<MaterialX_v1_39_6::Document const >::{dtor}	0.143965	0.149025	0.0		0.028467	0.028467	0.0	0.0	CpuHotPaths.exe	std::shared_ptr<MaterialX_v1_39_6::Document const >::{dtor}	memory	0x1401c3d9d
                          MaterialX_v1_39_6::ValueElement::getResolvedValueString	0.074130	0.076735	0.0		0.0	0.0	0.0	0.0	CpuHotPaths.exe	MaterialX_v1_39_6::ValueElement::getResolvedValueString(class std::shared_ptr<class MaterialX_v1_39_6::StringResolver>)	Element.cpp	0x1401c3ec0
                           MaterialX_v1_39_6::ValueElement::getValueString	0.074130	0.076735	0.0		0.0	0.0	0.0	0.0	CpuHotPaths.exe	MaterialX_v1_39_6::ValueElement::getValueString	Element.h	0x1401c4052
                            MaterialX_v1_39_6::Element::getAttribute	0.074130	0.076735	0.0		0.0	0.0	0.0	0.0	CpuHotPaths.exe	MaterialX_v1_39_6::Element::getAttribute(class std::basic_string<char,struct std::char_traits<char>,class std::allocator<char> > const &)	Element.h	0x1400b15e0
                             std::_Hash<std::_Umap_traits<std::basic_string<char,std::char_traits<char>,std::allocator<char> >,std::basic_string<char,std::char_traits<char>,std::allocator<char> >,std::_Uhash_compare<std::basic_string<char,std::char_traits<char>,std::allocator<char> >,std::hash<std::basic_string<char,std::char_traits<char>,std::allocator<char> > >,std::equal_to<std::basic_string<char,std::char_traits<char>,std::allocator<char> > > >,std::allocator<std::pair<std::basic_string<char,std::char_traits<char>,std::allocator<char> > const ,std::basic_string<char,std::char_traits<char>,std::allocator<char> > > >,0> >::find	0.074130	0.076735	0.0		0.014658	0.014658	0.0	0.0	CpuHotPaths.exe	std::_Hash<std::_Umap_traits<std::basic_string<char,std::char_traits<char>,std::allocator<char> >,std::basic_string<char,std::char_traits<char>,std::allocator<char> >,std::_Uhash_compare<std::basic_string<char,std::char_traits<char>,std::allocator<char> >,std::hash<std::basic_string<char,std::char_traits<char>,std::allocator<char> > >,std::equal_to<std::basic_string<char,std::char_traits<char>,std::allocator<char> > > >,std::allocator<std::pair<std::basic_string<char,std::char_traits<char>,std::allocator<char> > const ,std::basic_string<char,std::char_traits<char>,std::allocator<char> > > >,0> >::find	xhash	0x1400b15ea
                          MaterialX_v1_39_6::Element::getDocument	0.071720	0.074241	0.0		0.0	0.0	0.0	0.0	CpuHotPaths.exe	MaterialX_v1_39_6::Element::getDocument	Element.cpp	0x1401c3c7d
                           MaterialX_v1_39_6::Element::asA<class MaterialX_v1_39_6::Document>	0.071720	0.074241	0.0		0.0	0.0	0.0	0.0	CpuHotPaths.exe	MaterialX_v1_39_6::Element::asA<class MaterialX_v1_39_6::Document>(void)	Element.cpp	0x140190ba0
                            std::dynamic_pointer_cast	0.071720	0.074241	0.0		0.014181	0.014181	0.0	0.0	CpuHotPaths.exe	std::dynamic_pointer_cast	memory	0x140190be8
                         MaterialX_v1_39_6::InterfaceElement::getActiveValueElements	1.016956	1.052696	0.0		0.0	0.0	0.0	0.0	CpuHotPaths.exe	MaterialX_v1_39_6::InterfaceElement::getActiveValueElements(void)	Interface.cpp	0x1401ccd20
                          std::_Tree<std::_Tset_traits<std::basic_string<char,std::char_traits<char>,std::allocator<char> >,std::less<std::basic_string<char,std::char_traits<char>,std::allocator<char> > >,std::allocator<std::basic_string<char,std::char_traits<char>,std::allocator<char> > >,0> >::insert	0.290486	0.300695	0.0		0.057439	0.057439	0.0	0.0	CpuHotPaths.exe	std::_Tree<std::_Tset_traits<std::basic_string<char,std::char_traits<char>,std::allocator<char> >,std::less<std::basic_string<char,std::char_traits<char>,std::allocator<char> > >,std::allocator<std::basic_string<char,std::char_traits<char>,std::allocator<char> > >,0> >::insert	xtree	0x1401cce40
                          MaterialX_v1_39_6::Element::getChildrenOfType<class MaterialX_v1_39_6::ValueElement>	0.287984	0.298105	0.0		0.0	0.0	0.0	0.0	CpuHotPaths.exe	MaterialX_v1_39_6::Element::getChildrenOfType<class MaterialX_v1_39_6::ValueElement>(class std::basic_string<char,struct std::char_traits<char>,class std::allocator<char> > const &)	Element.cpp	0x1401b0250
                           MaterialX_v1_39_6::Element::asA<class MaterialX_v1_39_6::ValueElement>	0.146656	0.151810	0.0		0.0	0.0	0.0	0.0	CpuHotPaths.exe	MaterialX_v1_39_6::Element::asA<class MaterialX_v1_39_6::ValueElement>(void)	Element.cpp	0x140194e50
                            std::dynamic_pointer_cast	0.075171	0.077813	0.0		0.014864	0.014864	0.0	0.0	CpuHotPaths.exe	std::dynamic_pointer_cast	memory	0x140194e98
                            MaterialX_v1_39_6::Element::getSelf	0.071485	0.073998	0.0		0.0	0.0	0.0	0.0	CpuHotPaths.exe	MaterialX_v1_39_6::Element::getSelf	Element.h	0x140194e67
                             std::enable_shared_from_this<MaterialX_v1_39_6::Element>::shared_from_this	0.071485	0.073998	0.0		0.014135	0.014135	0.0	0.0	CpuHotPaths.exe	std::enable_shared_from_this<MaterialX_v1_39_6::Element>::shared_from_this	memory	0x140194e67
                           MaterialX_v1_39_6::Element::asA<class MaterialX_v1_39_6::Document>	0.071466	0.073978	0.0		0.0	0.0	0.0	0.0	CpuHotPaths.exe	MaterialX_v1_39_6::Element::asA<class MaterialX_v1_39_6::Document>(void)	Element.cpp	0x140190ba0
                            MaterialX_v1_39_6::Element::getSelf	0.071466	0.073978	0.0		0.0	0.0	0.0	0.0	CpuHotPaths.exe	MaterialX_v1_39_6::Element::getSelf	Element.h	0x140190bb7
                             std::enable_shared_from_this<MaterialX_v1_39_6::Element>::shared_from_this	0.071466	0.073978	0.0		0.014131	0.014131	0.0	0.0	CpuHotPaths.exe	std::enable_shared_from_this<MaterialX_v1_39_6::Element>::shared_from_this	memory	0x140190bb7
                           std::vector<std::shared_ptr<MaterialX_v1_39_6::ValueElement>,std::allocator<std::shared_ptr<MaterialX_v1_39_6::ValueElement> > >::push_back	0.069862	0.072317	0.0		0.013814	0.013814	0.0	0.0	CpuHotPaths.exe	std::vector<std::shared_ptr<MaterialX_v1_39_6::ValueElement>,std::allocator<std::shared_ptr<MaterialX_v1_39_6::ValueElement> > >::push_back	vector	0x1401b054b
                          MaterialX_v1_39_6::InheritanceIterator::{dtor}	0.221195	0.228968	0.0		0.0	0.0	0.0	0.0	CpuHotPaths.exe	MaterialX_v1_39_6::InheritanceIterator::{dtor}	Traversal.h	0x1401cd146
                           std::_Tree<std::_Tset_traits<std::shared_ptr<MaterialX_v1_39_6::Element const >,std::less<std::shared_ptr<MaterialX_v1_39_6::Element const > >,std::allocator<std::shared_ptr<MaterialX_v1_39_6::Element const > >,0> >::{dtor}	0.146205	0.151343	0.0		0.028910	0.028910	0.0	0.0	CpuHotPaths.exe	std::_Tree<std::_Tset_traits<std::shared_ptr<MaterialX_v1_39_6::Element const >,std::less<std::shared_ptr<MaterialX_v1_39_6::Element const > >,std::allocator<std::shared_ptr<MaterialX_v1_39_6::Element const > >,0> >::{dtor}	xtree	0x1401cd146
                           std::shared_ptr<MaterialX_v1_39_6::Element const >::{dtor}	0.074990	0.077626	0.0		0.014828	0.014828	0.0	0.0	CpuHotPaths.exe	std::shared_ptr<MaterialX_v1_39_6::Element const >::{dtor}	memory	0x1401cd169
                          MaterialX_v1_39_6::InheritanceIterator::{dtor}	0.074123	0.076727	0.0		0.0	0.0	0.0	0.0	CpuHotPaths.exe	MaterialX_v1_39_6::InheritanceIterator::{dtor}	Traversal.h	0x1401cd0eb
                           std::_Tree<std::_Tset_traits<std::shared_ptr<MaterialX_v1_39_6::Element const >,std::less<std::shared_ptr<MaterialX_v1_39_6::Element const > >,std::allocator<std::shared_ptr<MaterialX_v1_39_6::Element const > >,0> >::{dtor}	0.074123	0.076727	0.0		0.014657	0.014657	0.0	0.0	CpuHotPaths.exe	std::_Tree<std::_Tset_traits<std::shared_ptr<MaterialX_v1_39_6::Element const >,std::less<std::shared_ptr<MaterialX_v1_39_6::Element const > >,std::allocator<std::shared_ptr<MaterialX_v1_39_6::Element const > >,0> >::{dtor}	xtree	0x1401cd0eb
                          MaterialX_v1_39_6::InheritanceIterator::InheritanceIterator	0.073416	0.075996	0.0		0.0	0.0	0.0	0.0	CpuHotPaths.exe	MaterialX_v1_39_6::InheritanceIterator::InheritanceIterator(class MaterialX_v1_39_6::InheritanceIterator const &)	[Unknown]	0x1401b6b80
                           std::set<std::shared_ptr<MaterialX_v1_39_6::Element const >,std::less<std::shared_ptr<MaterialX_v1_39_6::Element const > >,std::allocator<std::shared_ptr<MaterialX_v1_39_6::Element const > > >::{ctor}	0.073416	0.075996	0.0		0.014517	0.014517	0.0	0.0	CpuHotPaths.exe	std::set<std::shared_ptr<MaterialX_v1_39_6::Element const >,std::less<std::shared_ptr<MaterialX_v1_39_6::Element const > >,std::allocator<std::shared_ptr<MaterialX_v1_39_6::Element const > > >::{ctor}	set	0x1401b6bc2
                          MaterialX_v1_39_6::Element::traverseInheritance	0.069753	0.072204	0.0		0.0	0.0	0.0	0.0	CpuHotPaths.exe	MaterialX_v1_39_6::Element::traverseInheritance(void)	Element.cpp	0x1401c8ff0
                           MaterialX_v1_39_6::InheritanceIterator::InheritanceIterator	0.069753	0.072204	0.0		0.0	0.0	0.0	0.0	CpuHotPaths.exe	MaterialX_v1_39_6::InheritanceIterator::InheritanceIterator(class std::shared_ptr<class MaterialX_v1_39_6::Element const >)	Traversal.h	0x1401b6cd0
                            std::set<std::shared_ptr<MaterialX_v1_39_6::Element const >,std::less<std::shared_ptr<MaterialX_v1_39_6::Element const > >,std::allocator<std::shared_ptr<MaterialX_v1_39_6::Element const > > >::{ctor}	0.069753	0.072204	0.0		0.0	0.0	0.0	0.0	CpuHotPaths.exe	std::set<std::shared_ptr<MaterialX_v1_39_6::Element const >,std::less<std::shared_ptr<MaterialX_v1_39_6::Element const > >,std::allocator<std::shared_ptr<MaterialX_v1_39_6::Element const > > >::{ctor}	set	0x1401b6d1b
                             operator new	0.069753	0.072204	0.0		0.0	0.0	0.0	0.0	CpuHotPaths.exe	operator new(unsigned __int64)	new_scalar.cpp	0x140234a68
                              malloc_base	0.069753	0.072204	0.0		0.013793	0.013793	0.0	0.0	ucrtbase.dll	malloc_base	[Unknown]	0x1800050a0
                         MaterialX_v1_39_6::ShaderNode::addInput	0.655123	0.678147	0.0		0.0	0.0	0.0	0.0	CpuHotPaths.exe	MaterialX_v1_39_6::ShaderNode::addInput(class std::basic_string<char,struct std::char_traits<char>,class std::allocator<char> > const &,class MaterialX_v1_39_6::TypeDesc)	ShaderNode.cpp	0x140140980
                          std::make_shared<MaterialX_v1_39_6::ShaderInput,MaterialX_v1_39_6::ShaderNode *,MaterialX_v1_39_6::TypeDesc &,std::basic_string<char,std::char_traits<char>,std::allocator<char> > const &>	0.289636	0.299814	0.0		0.014188	0.014188	0.0	0.0	CpuHotPaths.exe	std::make_shared<MaterialX_v1_39_6::ShaderInput,MaterialX_v1_39_6::ShaderNode *,MaterialX_v1_39_6::TypeDesc &,std::basic_string<char,std::char_traits<char>,std::allocator<char> > const &>(class MaterialX_v1_39_6::ShaderNode * *, class MaterialX_v1_39_6::TypeDesc & const, const class std::basic_string<char,std::char_traits<char>,std::allocator<char> > & const)	memory	0x14013e490
                           operator new	0.217882	0.225539	0.0		0.0	0.0	0.0	0.0	CpuHotPaths.exe	operator new(unsigned __int64)	new_scalar.cpp	0x140234a68
                            malloc_base	0.217882	0.225539	0.0		0.043083	0.043083	0.0	0.0	ucrtbase.dll	malloc_base	[Unknown]	0x1800050a0
                          MaterialX_v1_39_6::ShaderNode::getInput	0.147506	0.152690	0.0		0.0	0.0	0.0	0.0	CpuHotPaths.exe	MaterialX_v1_39_6::ShaderNode::getInput(class std::basic_string<char,struct std::char_traits<char>,class std::allocator<char> > const &)	ShaderNode.cpp	0x140143510
                           std::_Hash<std::_Umap_traits<std::basic_string<char,std::char_traits<char>,std::allocator<char> >,std::shared_ptr<MaterialX_v1_39_6::ShaderInput>,std::_Uhash_compare<std::basic_string<char,std::char_traits<char>,std::allocator<char> >,std::hash<std::basic_string<char,std::char_traits<char>,std::allocator<char> > >,std::equal_to<std::basic_string<char,std::char_traits<char>,std::allocator<char> > > >,std::allocator<std::pair<std::basic_string<char,std::char_traits<char>,std::allocator<char> > const ,std::shared_ptr<MaterialX_v1_39_6::ShaderInput> > >,0> >::find	0.147506	0.152690	0.0		0.029167	0.029167	0.0	0.0	CpuHotPaths.exe	std::_Hash<std::_Umap_traits<std::basic_string<char,std::char_traits<char>,std::allocator<char> >,std::shared_ptr<MaterialX_v1_39_6::ShaderInput>,std::_Uhash_compare<std::basic_string<char,std::char_traits<char>,std::allocator<char> >,std::hash<std::basic_string<char,std::char_traits<char>,std::allocator<char> > >,std::equal_to<std::basic_string<char,std::char_traits<char>,std::allocator<char> > > >,std::allocator<std::pair<std::basic_string<char,std::char_traits<char>,std::allocator<char> > const ,std::shared_ptr<MaterialX_v1_39_6::ShaderInput> > >,0> >::find	xhash	0x14014351a
                          std::unordered_map<std::basic_string<char,std::char_traits<char>,std::allocator<char> >,std::shared_ptr<MaterialX_v1_39_6::ShaderInput>,std::hash<std::basic_string<char,std::char_traits<char>,std::allocator<char> > >,std::equal_to<std::basic_string<char,std::char_traits<char>,std::allocator<char> > >,std::allocator<std::pair<std::basic_string<char,std::char_traits<char>,std::allocator<char> > const ,std::shared_ptr<MaterialX_v1_39_6::ShaderInput> > > >::operator[]	0.145015	0.150111	0.0		0.0	0.0	0.0	0.0	CpuHotPaths.exe	std::unordered_map<std::basic_string<char,std::char_traits<char>,std::allocator<char> >,std::shared_ptr<MaterialX_v1_39_6::ShaderInput>,std::hash<std::basic_string<char,std::char_traits<char>,std::allocator<char> > >,std::equal_to<std::basic_string<char,std::char_traits<char>,std::allocator<char> > >,std::allocator<std::pair<std::basic_string<char,std::char_traits<char>,std::allocator<char> > const ,std::shared_ptr<MaterialX_v1_39_6::ShaderInput> > > >::operator[]	unordered_map	0x1401409d7
                           operator new	0.145015	0.150111	0.0		0.0	0.0	0.0	0.0	CpuHotPaths.exe	operator new(unsigned __int64)	new_scalar.cpp	0x140234a68
                            malloc_base	0.145015	0.150111	0.0		0.028674	0.028674	0.0	0.0	ucrtbase.dll	malloc_base	[Unknown]	0x1800050a0
                          std::shared_ptr<MaterialX_v1_39_6::ShaderInput>::{dtor}	0.072967	0.075531	0.0		0.014428	0.014428	0.0	0.0	CpuHotPaths.exe	std::shared_ptr<MaterialX_v1_39_6::ShaderInput>::{dtor}	memory	0x140140a7c
                         std::pair<MaterialX_v1_39_6::TypeDesc,std::shared_ptr<MaterialX_v1_39_6::Value> >::{ctor}	0.286210	0.296268	0.0		0.0	0.0	0.0	0.0	CpuHotPaths.exe	std::pair<MaterialX_v1_39_6::TypeDesc,std::shared_ptr<MaterialX_v1_39_6::Value> >::{ctor}	utility	0x1401416a9
                          MaterialX_v1_39_6::TypeDesc::{ctor}	0.286210	0.296268	0.0		0.0	0.0	0.0	0.0	CpuHotPaths.exe	MaterialX_v1_39_6::TypeDesc::{ctor}	TypeDesc.h	0x1401416a9
                           MaterialX_v1_39_6::TypeDesc::constexpr_hash	0.286210	0.296268	0.0		0.042076	0.042076	0.0	0.0	CpuHotPaths.exe	MaterialX_v1_39_6::TypeDesc::constexpr_hash	TypeDesc.h	0x1401416bc
                            MaterialX_v1_39_6::TypeDesc::constexpr_hash	0.073420	0.076000	0.0		0.014518	0.014518	0.0	0.0	CpuHotPaths.exe	MaterialX_v1_39_6::TypeDesc::constexpr_hash(class std::basic_string_view<char,struct std::char_traits<char> >,unsigned int,unsigned int)	TypeDesc.h	0x1400b0d10
                         MaterialX_v1_39_6::ValueElement::getResolvedValueString	0.217314	0.224952	0.0		0.0	0.0	0.0	0.0	CpuHotPaths.exe	MaterialX_v1_39_6::ValueElement::getResolvedValueString(class std::shared_ptr<class MaterialX_v1_39_6::StringResolver>)	Element.cpp	0x1401c3ec0
                          MaterialX_v1_39_6::ValueElement::getValueString	0.145259	0.150364	0.0		0.0	0.0	0.0	0.0	CpuHotPaths.exe	MaterialX_v1_39_6::ValueElement::getValueString	Element.h	0x1401c4052
                           MaterialX_v1_39_6::Element::getAttribute	0.145259	0.150364	0.0		0.0	0.0	0.0	0.0	CpuHotPaths.exe	MaterialX_v1_39_6::Element::getAttribute(class std::basic_string<char,struct std::char_traits<char>,class std::allocator<char> > const &)	Element.h	0x1400b15e0
                            std::_Hash<std::_Umap_traits<std::basic_string<char,std::char_traits<char>,std::allocator<char> >,std::basic_string<char,std::char_traits<char>,std::allocator<char> >,std::_Uhash_compare<std::basic_string<char,std::char_traits<char>,std::allocator<char> >,std::hash<std::basic_string<char,std::char_traits<char>,std::allocator<char> > >,std::equal_to<std::basic_string<char,std::char_traits<char>,std::allocator<char> > > >,std::allocator<std::pair<std::basic_string<char,std::char_traits<char>,std::allocator<char> > const ,std::basic_string<char,std::char_traits<char>,std::allocator<char> > > >,0> >::find	0.145259	0.150364	0.0		0.028723	0.028723	0.0	0.0	CpuHotPaths.exe	std::_Hash<std::_Umap_traits<std::basic_string<char,std::char_traits<char>,std::allocator<char> >,std::basic_string<char,std::char_traits<char>,std::allocator<char> >,std::_Uhash_compare<std::basic_string<char,std::char_traits<char>,std::allocator<char> >,std::hash<std::basic_string<char,std::char_traits<char>,std::allocator<char> > >,std::equal_to<std::basic_string<char,std::char_traits<char>,std::allocator<char> > > >,std::allocator<std::pair<std::basic_string<char,std::char_traits<char>,std::allocator<char> > const ,std::basic_string<char,std::char_traits<char>,std::allocator<char> > > >,0> >::find	xhash	0x1400b15ea
                          std::basic_string<char,struct std::char_traits<char>,class std::allocator<char> >::basic_string<char,struct std::char_traits<char>,class std::allocator<char> >	0.072055	0.074588	0.0		0.014248	0.014248	0.0	0.0	CpuHotPaths.exe	std::basic_string<char,struct std::char_traits<char>,class std::allocator<char> >::basic_string<char,struct std::char_traits<char>,class std::allocator<char> >(class std::basic_string<char,struct std::char_traits<char>,class std::allocator<char> > const &)	xstring	0x1400aa8d0
                         std::make_shared<MaterialX_v1_39_6::ShaderNode,MaterialX_v1_39_6::ShaderGraph const * &,std::basic_string<char,std::char_traits<char>,std::allocator<char> > const &>	0.215410	0.222981	0.0		0.0	0.0	0.0	0.0	CpuHotPaths.exe	std::make_shared<MaterialX_v1_39_6::ShaderNode,MaterialX_v1_39_6::ShaderGraph const * &,std::basic_string<char,std::char_traits<char>,std::allocator<char> > const &>(const class MaterialX_v1_39_6::ShaderGraph * & const, const class std::basic_string<char,std::char_traits<char>,std::allocator<char> > & const)	memory	0x14013e660
                          MaterialX_v1_39_6::ShaderNode::ShaderNode	0.141842	0.146827	0.0		0.0	0.0	0.0	0.0	CpuHotPaths.exe	MaterialX_v1_39_6::ShaderNode::ShaderNode(class MaterialX_v1_39_6::ShaderGraph const *,class std::basic_string<char,struct std::char_traits<char>,class std::allocator<char> > const &)	ShaderNode.cpp	0x14013e9b0
                           std::basic_string<char,struct std::char_traits<char>,class std::allocator<char> >::basic_string<char,struct std::char_traits<char>,class std::allocator<char> >	0.071208	0.073710	0.0		0.014080	0.014080	0.0	0.0	CpuHotPaths.exe	std::basic_string<char,struct std::char_traits<char>,class std::allocator<char> >::basic_string<char,struct std::char_traits<char>,class std::allocator<char> >(class std::basic_string<char,struct std::char_traits<char>,class std::allocator<char> > const &)	xstring	0x1400aa8d0
                           std::unordered_map<std::basic_string<char,std::char_traits<char>,std::allocator<char> >,std::shared_ptr<MaterialX_v1_39_6::ShaderInput>,std::hash<std::basic_string<char,std::char_traits<char>,std::allocator<char> > >,std::equal_to<std::basic_string<char,std::char_traits<char>,std::allocator<char> > >,std::allocator<std::pair<std::basic_string<char,std::char_traits<char>,std::allocator<char> > const ,std::shared_ptr<MaterialX_v1_39_6::ShaderInput> > > >::{ctor}	0.070634	0.073117	0.0		0.0	0.0	0.0	0.0	CpuHotPaths.exe	std::unordered_map<std::basic_string<char,std::char_traits<char>,std::allocator<char> >,std::shared_ptr<MaterialX_v1_39_6::ShaderInput>,std::hash<std::basic_string<char,std::char_traits<char>,std::allocator<char> > >,std::equal_to<std::basic_string<char,std::char_traits<char>,std::allocator<char> > >,std::allocator<std::pair<std::basic_string<char,std::char_traits<char>,std::allocator<char> > const ,std::shared_ptr<MaterialX_v1_39_6::ShaderInput> > > >::{ctor}	unordered_map	0x14013ea00
                            operator new	0.070634	0.073117	0.0		0.0	0.0	0.0	0.0	CpuHotPaths.exe	operator new(unsigned __int64)	new_scalar.cpp	0x140234a68
                             malloc_base	0.070634	0.073117	0.0		0.013967	0.013967	0.0	0.0	ucrtbase.dll	malloc_base	[Unknown]	0x1800050a0
                          operator new	0.073568	0.076154	0.0		0.0	0.0	0.0	0.0	CpuHotPaths.exe	operator new(unsigned __int64)	new_scalar.cpp	0x140234a68
                           malloc_base	0.073568	0.076154	0.0		0.014547	0.014547	0.0	0.0	ucrtbase.dll	malloc_base	[Unknown]	0x1800050a0
                         MaterialX_v1_39_6::Element::isA	0.212227	0.219686	0.0		0.0	0.0	0.0	0.0	CpuHotPaths.exe	MaterialX_v1_39_6::Element::isA	Element.h	0x140141553
                          MaterialX_v1_39_6::Element::asA<class MaterialX_v1_39_6::Output>	0.212227	0.219686	0.0		0.0	0.0	0.0	0.0	CpuHotPaths.exe	MaterialX_v1_39_6::Element::asA<class MaterialX_v1_39_6::Output>(void)	Element.cpp	0x1401933c0
                           std::dynamic_pointer_cast	0.071461	0.073972	0.0		0.014130	0.014130	0.0	0.0	CpuHotPaths.exe	std::dynamic_pointer_cast	memory	0x140193408
                           MaterialX_v1_39_6::Element::getSelf	0.070776	0.073263	0.0		0.0	0.0	0.0	0.0	CpuHotPaths.exe	MaterialX_v1_39_6::Element::getSelf	Element.h	0x1401933d7
                            std::enable_shared_from_this<MaterialX_v1_39_6::Element>::shared_from_this	0.070776	0.073263	0.0		0.013995	0.013995	0.0	0.0	CpuHotPaths.exe	std::enable_shared_from_this<MaterialX_v1_39_6::Element>::shared_from_this	memory	0x1401933d7
                           std::shared_ptr<MaterialX_v1_39_6::Element const >::{dtor}	0.069991	0.072450	0.0		0.013840	0.013840	0.0	0.0	CpuHotPaths.exe	std::shared_ptr<MaterialX_v1_39_6::Element const >::{dtor}	memory	0x140193449
                         MaterialX_v1_39_6::ShaderNode::addOutput	0.143408	0.148448	0.0		0.0	0.0	0.0	0.0	CpuHotPaths.exe	MaterialX_v1_39_6::ShaderNode::addOutput(class std::basic_string<char,struct std::char_traits<char>,class std::allocator<char> > const &,class MaterialX_v1_39_6::TypeDesc)	ShaderNode.cpp	0x140140bd0
                          std::make_shared<MaterialX_v1_39_6::ShaderOutput,MaterialX_v1_39_6::ShaderNode *,MaterialX_v1_39_6::TypeDesc &,std::basic_string<char,std::char_traits<char>,std::allocator<char> > const &>	0.071797	0.074321	0.0		0.014197	0.014197	0.0	0.0	CpuHotPaths.exe	std::make_shared<MaterialX_v1_39_6::ShaderOutput,MaterialX_v1_39_6::ShaderNode *,MaterialX_v1_39_6::TypeDesc &,std::basic_string<char,std::char_traits<char>,std::allocator<char> > const &>(class MaterialX_v1_39_6::ShaderNode * *, class MaterialX_v1_39_6::TypeDesc & const, const class std::basic_string<char,std::char_traits<char>,std::allocator<char> > & const)	memory	0x14013e720
                          std::shared_ptr<MaterialX_v1_39_6::ShaderOutput>::{dtor}	0.071611	0.074127	0.0		0.014160	0.014160	0.0	0.0	CpuHotPaths.exe	std::shared_ptr<MaterialX_v1_39_6::ShaderOutput>::{dtor}	memory	0x140140d42
                         MaterialX_v1_39_6::Element::getAttribute	0.140275	0.145205	0.0		0.013499	0.013499	0.0	0.0	CpuHotPaths.exe	MaterialX_v1_39_6::Element::getAttribute(class std::basic_string<char,struct std::char_traits<char>,class std::allocator<char> > const &)	Element.h	0x1400b15e0
                          std::_Hash<std::_Umap_traits<std::basic_string<char,std::char_traits<char>,std::allocator<char> >,std::basic_string<char,std::char_traits<char>,std::allocator<char> >,std::_Uhash_compare<std::basic_string<char,std::char_traits<char>,std::allocator<char> >,std::hash<std::basic_string<char,std::char_traits<char>,std::allocator<char> > >,std::equal_to<std::basic_string<char,std::char_traits<char>,std::allocator<char> > > >,std::allocator<std::pair<std::basic_string<char,std::char_traits<char>,std::allocator<char> > const ,std::basic_string<char,std::char_traits<char>,std::allocator<char> > > >,0> >::find	0.072005	0.074536	0.0		0.014238	0.014238	0.0	0.0	CpuHotPaths.exe	std::_Hash<std::_Umap_traits<std::basic_string<char,std::char_traits<char>,std::allocator<char> >,std::basic_string<char,std::char_traits<char>,std::allocator<char> >,std::_Uhash_compare<std::basic_string<char,std::char_traits<char>,std::allocator<char> >,std::hash<std::basic_string<char,std::char_traits<char>,std::allocator<char> > >,std::equal_to<std::basic_string<char,std::char_traits<char>,std::allocator<char> > > >,std::allocator<std::pair<std::basic_string<char,std::char_traits<char>,std::allocator<char> > const ,std::basic_string<char,std::char_traits<char>,std::allocator<char> > > >,0> >::find	xhash	0x1400b15ea
                         MaterialX_v1_39_6::NodeDef::getNodeGroup	0.074116	0.076721	0.0		0.0	0.0	0.0	0.0	CpuHotPaths.exe	MaterialX_v1_39_6::NodeDef::getNodeGroup	Definition.h	0x140141a26
                          MaterialX_v1_39_6::Element::getAttribute	0.074116	0.076721	0.0		0.0	0.0	0.0	0.0	CpuHotPaths.exe	MaterialX_v1_39_6::Element::getAttribute(class std::basic_string<char,struct std::char_traits<char>,class std::allocator<char> > const &)	Element.h	0x1400b15e0
                           std::_Hash<std::_Umap_traits<std::basic_string<char,std::char_traits<char>,std::allocator<char> >,std::basic_string<char,std::char_traits<char>,std::allocator<char> >,std::_Uhash_compare<std::basic_string<char,std::char_traits<char>,std::allocator<char> >,std::hash<std::basic_string<char,std::char_traits<char>,std::allocator<char> > >,std::equal_to<std::basic_string<char,std::char_traits<char>,std::allocator<char> > > >,std::allocator<std::pair<std::basic_string<char,std::char_traits<char>,std::allocator<char> > const ,std::basic_string<char,std::char_traits<char>,std::allocator<char> > > >,0> >::find	0.074116	0.076721	0.0		0.014655	0.014655	0.0	0.0	CpuHotPaths.exe	std::_Hash<std::_Umap_traits<std::basic_string<char,std::char_traits<char>,std::allocator<char> >,std::basic_string<char,std::char_traits<char>,std::allocator<char> >,std::_Uhash_compare<std::basic_string<char,std::char_traits<char>,std::allocator<char> >,std::hash<std::basic_string<char,std::char_traits<char>,std::allocator<char> > >,std::equal_to<std::basic_string<char,std::char_traits<char>,std::allocator<char> > > >,std::allocator<std::pair<std::basic_string<char,std::char_traits<char>,std::allocator<char> > const ,std::basic_string<char,std::char_traits<char>,std::allocator<char> > > >,0> >::find	xhash	0x1400b15ea
                         MaterialX_v1_39_6::GenContext::getTypeDesc	0.073836	0.076431	0.0		0.0	0.0	0.0	0.0	CpuHotPaths.exe	MaterialX_v1_39_6::GenContext::getTypeDesc	GenContext.h	0x1401414f0
                          MaterialX_v1_39_6::ShaderGenerator::getTypeSystem	0.073836	0.076431	0.0		0.0	0.0	0.0	0.0	CpuHotPaths.exe	MaterialX_v1_39_6::ShaderGenerator::getTypeSystem	ShaderGenerator.h	0x1401414f8
                           std::shared_ptr<MaterialX_v1_39_6::TypeSystem>::{ctor}	0.073836	0.076431	0.0		0.014600	0.014600	0.0	0.0	CpuHotPaths.exe	std::shared_ptr<MaterialX_v1_39_6::TypeSystem>::{ctor}	memory	0x1401414f8
                         std::operator==	0.072018	0.074549	0.0		0.014240	0.014240	0.0	0.0	CpuHotPaths.exe	std::operator==	xstring	0x140141cc3
                       MaterialX_v1_39_6::ShaderNode::initialize	4.847805	4.867091	4.299018		0.0	0.0	0.0	0.0	CpuHotPaths.exe	MaterialX_v1_39_6::ShaderNode::initialize(class MaterialX_v1_39_6::Node const &,class MaterialX_v1_39_6::NodeDef const &,class MaterialX_v1_39_6::GenContext &)	ShaderNode.cpp	0x140143bc0
                        MaterialX_v1_39_6::InterfaceElement::getActiveInputs	1.077343	1.115205	0.0		0.0	0.0	0.0	0.0	CpuHotPaths.exe	MaterialX_v1_39_6::InterfaceElement::getActiveInputs(void)	Interface.cpp	0x1401cae40
                         MaterialX_v1_39_6::InterfaceElement::getInputs	0.429913	0.445022	0.0		0.0	0.0	0.0	0.0	CpuHotPaths.exe	MaterialX_v1_39_6::InterfaceElement::getInputs	Interface.h	0x1401caf1c
                          MaterialX_v1_39_6::Element::getChildrenOfType<class MaterialX_v1_39_6::Input>	0.429913	0.445022	0.0		0.029203	0.029203	0.0	0.0	CpuHotPaths.exe	MaterialX_v1_39_6::Element::getChildrenOfType<class MaterialX_v1_39_6::Input>(class std::basic_string<char,struct std::char_traits<char>,class std::allocator<char> > const &)	Element.cpp	0x1401a8de0
                           std::vector<std::shared_ptr<MaterialX_v1_39_6::Input>,std::allocator<std::shared_ptr<MaterialX_v1_39_6::Input> > >::push_back	0.140439	0.145374	0.0		0.0	0.0	0.0	0.0	CpuHotPaths.exe	std::vector<std::shared_ptr<MaterialX_v1_39_6::Input>,std::allocator<std::shared_ptr<MaterialX_v1_39_6::Input> > >::push_back	vector	0x1401a90db
                            operator new	0.140439	0.145374	0.0		0.0	0.0	0.0	0.0	CpuHotPaths.exe	operator new(unsigned __int64)	new_scalar.cpp	0x140234a68
                             malloc_base	0.140439	0.145374	0.0		0.027769	0.027769	0.0	0.0	ucrtbase.dll	malloc_base	[Unknown]	0x1800050a0
                           MaterialX_v1_39_6::Element::asA<class MaterialX_v1_39_6::Input>	0.070994	0.073489	0.0		0.0	0.0	0.0	0.0	CpuHotPaths.exe	MaterialX_v1_39_6::Element::asA<class MaterialX_v1_39_6::Input>(void)	Element.cpp	0x140191d70
                            std::shared_ptr<MaterialX_v1_39_6::Element>::{dtor}	0.070994	0.073489	0.0		0.014038	0.014038	0.0	0.0	CpuHotPaths.exe	std::shared_ptr<MaterialX_v1_39_6::Element>::{dtor}	memory	0x140191df9
                           std::shared_ptr<MaterialX_v1_39_6::Element>::{ctor}	0.070793	0.073281	0.0		0.013998	0.013998	0.0	0.0	CpuHotPaths.exe	std::shared_ptr<MaterialX_v1_39_6::Element>::{ctor}	memory	0x1401a8ff5
                         std::_Tree<std::_Tset_traits<std::basic_string<char,std::char_traits<char>,std::allocator<char> >,std::less<std::basic_string<char,std::char_traits<char>,std::allocator<char> > >,std::allocator<std::basic_string<char,std::char_traits<char>,std::allocator<char> > >,0> >::{dtor}	0.145642	0.150761	0.0		0.028798	0.028798	0.0	0.0	CpuHotPaths.exe	std::_Tree<std::_Tset_traits<std::basic_string<char,std::char_traits<char>,std::allocator<char> >,std::less<std::basic_string<char,std::char_traits<char>,std::allocator<char> > >,std::allocator<std::basic_string<char,std::char_traits<char>,std::allocator<char> > >,0> >::{dtor}	xtree	0x1401cb309
                         MaterialX_v1_39_6::InheritanceIterator::{dtor}	0.143182	0.148214	0.0		0.0	0.0	0.0	0.0	CpuHotPaths.exe	MaterialX_v1_39_6::InheritanceIterator::{dtor}	Traversal.h	0x1401cb2b5
                          std::_Tree<std::_Tset_traits<std::shared_ptr<MaterialX_v1_39_6::Element const >,std::less<std::shared_ptr<MaterialX_v1_39_6::Element const > >,std::allocator<std::shared_ptr<MaterialX_v1_39_6::Element const > >,0> >::{dtor}	0.143182	0.148214	0.0		0.028312	0.028312	0.0	0.0	CpuHotPaths.exe	std::_Tree<std::_Tset_traits<std::shared_ptr<MaterialX_v1_39_6::Element const >,std::less<std::shared_ptr<MaterialX_v1_39_6::Element const > >,std::allocator<std::shared_ptr<MaterialX_v1_39_6::Element const > >,0> >::{dtor}	xtree	0x1401cb2b5
                         std::vector<std::shared_ptr<MaterialX_v1_39_6::Input>,std::allocator<std::shared_ptr<MaterialX_v1_39_6::Input> > >::push_back	0.142229	0.147227	0.0		0.028123	0.028123	0.0	0.0	CpuHotPaths.exe	std::vector<std::shared_ptr<MaterialX_v1_39_6::Input>,std::allocator<std::shared_ptr<MaterialX_v1_39_6::Input> > >::push_back	vector	0x1401cb0e2
                         MaterialX_v1_39_6::InheritanceIterator::InheritanceIterator	0.074522	0.077141	0.0		0.0	0.0	0.0	0.0	CpuHotPaths.exe	MaterialX_v1_39_6::InheritanceIterator::InheritanceIterator(class MaterialX_v1_39_6::InheritanceIterator const &)	[Unknown]	0x1401b6b80
                          std::set<std::shared_ptr<MaterialX_v1_39_6::Element const >,std::less<std::shared_ptr<MaterialX_v1_39_6::Element const > >,std::allocator<std::shared_ptr<MaterialX_v1_39_6::Element const > > >::{ctor}	0.074522	0.077141	0.0		0.0	0.0	0.0	0.0	CpuHotPaths.exe	std::set<std::shared_ptr<MaterialX_v1_39_6::Element const >,std::less<std::shared_ptr<MaterialX_v1_39_6::Element const > >,std::allocator<std::shared_ptr<MaterialX_v1_39_6::Element const > > >::{ctor}	set	0x1401b6bc2
                           operator new	0.074522	0.077141	0.0		0.0	0.0	0.0	0.0	CpuHotPaths.exe	operator new(unsigned __int64)	new_scalar.cpp	0x140234a68
                            malloc_base	0.074522	0.077141	0.0		0.014736	0.014736	0.0	0.0	ucrtbase.dll	malloc_base	[Unknown]	0x1800050a0
                         MaterialX_v1_39_6::Element::traverseInheritance	0.074113	0.076718	0.0		0.0	0.0	0.0	0.0	CpuHotPaths.exe	MaterialX_v1_39_6::Element::traverseInheritance(void)	Element.cpp	0x1401c8ff0
                          MaterialX_v1_39_6::InheritanceIterator::InheritanceIterator	0.074113	0.076718	0.0		0.0	0.0	0.0	0.0	CpuHotPaths.exe	MaterialX_v1_39_6::InheritanceIterator::InheritanceIterator(class std::shared_ptr<class MaterialX_v1_39_6::Element const >)	Traversal.h	0x1401b6cd0
                           std::set<std::shared_ptr<MaterialX_v1_39_6::Element const >,std::less<std::shared_ptr<MaterialX_v1_39_6::Element const > >,std::allocator<std::shared_ptr<MaterialX_v1_39_6::Element const > > >::{ctor}	0.074113	0.076718	0.0		0.0	0.0	0.0	0.0	CpuHotPaths.exe	std::set<std::shared_ptr<MaterialX_v1_39_6::Element const >,std::less<std::shared_ptr<MaterialX_v1_39_6::Element const > >,std::allocator<std::shared_ptr<MaterialX_v1_39_6::Element const > > >::{ctor}	set	0x1401b6d1b
                            operator new	0.074113	0.076718	0.0		0.0	0.0	0.0	0.0	CpuHotPaths.exe	operator new(unsigned __int64)	new_scalar.cpp	0x140234a68
                             malloc_base	0.074113	0.076718	0.0		0.014655	0.014655	0.0	0.0	ucrtbase.dll	malloc_base	[Unknown]	0x1800050a0
                         std::_Tree<std::_Tset_traits<std::basic_string<char,std::char_traits<char>,std::allocator<char> >,std::less<std::basic_string<char,std::char_traits<char>,std::allocator<char> > >,std::allocator<std::basic_string<char,std::char_traits<char>,std::allocator<char> > >,0> >::insert	0.067742	0.070123	0.0		0.013395	0.013395	0.0	0.0	CpuHotPaths.exe	std::_Tree<std::_Tset_traits<std::basic_string<char,std::char_traits<char>,std::allocator<char> >,std::less<std::basic_string<char,std::char_traits<char>,std::allocator<char> > >,std::allocator<std::basic_string<char,std::char_traits<char>,std::allocator<char> > >,0> >::insert	xtree	0x1401cafa1
                        MaterialX_v1_39_6::InterfaceElement::getActiveValueElement	0.948671	0.982011	0.0		0.0	0.0	0.0	0.0	CpuHotPaths.exe	MaterialX_v1_39_6::InterfaceElement::getActiveValueElement(class std::basic_string<char,struct std::char_traits<char>,class std::allocator<char> > const &)	Interface.cpp	0x1401cc890
                         MaterialX_v1_39_6::Element::getChildOfType<class MaterialX_v1_39_6::ValueElement>	0.364359	0.377164	0.0		0.0	0.0	0.0	0.0	CpuHotPaths.exe	MaterialX_v1_39_6::Element::getChildOfType<class MaterialX_v1_39_6::ValueElement>(class std::basic_string<char,struct std::char_traits<char>,class std::allocator<char> > const &)	Element.cpp	0x1401a3910
                          MaterialX_v1_39_6::Element::asA<class MaterialX_v1_39_6::Document>	0.292605	0.302888	0.0		0.0	0.0	0.0	0.0	CpuHotPaths.exe	MaterialX_v1_39_6::Element::asA<class MaterialX_v1_39_6::Document>(void)	Element.cpp	0x140190ba0
                           std::dynamic_pointer_cast	0.148075	0.153278	0.0		0.029279	0.029279	0.0	0.0	CpuHotPaths.exe	std::dynamic_pointer_cast	memory	0x140190be8
                           std::shared_ptr<MaterialX_v1_39_6::Element const >::{dtor}	0.072717	0.075273	0.0		0.014379	0.014379	0.0	0.0	CpuHotPaths.exe	std::shared_ptr<MaterialX_v1_39_6::Element const >::{dtor}	memory	0x140190c29
                           MaterialX_v1_39_6::Element::getSelf	0.071813	0.074337	0.0		0.0	0.0	0.0	0.0	CpuHotPaths.exe	MaterialX_v1_39_6::Element::getSelf	Element.h	0x140190bb7
                            std::enable_shared_from_this<MaterialX_v1_39_6::Element>::shared_from_this	0.071813	0.074337	0.0		0.014200	0.014200	0.0	0.0	CpuHotPaths.exe	std::enable_shared_from_this<MaterialX_v1_39_6::Element>::shared_from_this	memory	0x140190bb7
                          std::shared_ptr<MaterialX_v1_39_6::Element>::{dtor}	0.071754	0.074276	0.0		0.014188	0.014188	0.0	0.0	CpuHotPaths.exe	std::shared_ptr<MaterialX_v1_39_6::Element>::{dtor}	memory	0x1401a3b92
                         MaterialX_v1_39_6::InheritanceIterator::{dtor}	0.289504	0.299678	0.0		0.0	0.0	0.0	0.0	CpuHotPaths.exe	MaterialX_v1_39_6::InheritanceIterator::{dtor}	Traversal.h	0x1401ccbc9
                          std::_Tree<std::_Tset_traits<std::shared_ptr<MaterialX_v1_39_6::Element const >,std::less<std::shared_ptr<MaterialX_v1_39_6::Element const > >,std::allocator<std::shared_ptr<MaterialX_v1_39_6::Element const > >,0> >::{dtor}	0.217244	0.224879	0.0		0.042957	0.042957	0.0	0.0	CpuHotPaths.exe	std::_Tree<std::_Tset_traits<std::shared_ptr<MaterialX_v1_39_6::Element const >,std::less<std::shared_ptr<MaterialX_v1_39_6::Element const > >,std::allocator<std::shared_ptr<MaterialX_v1_39_6::Element const > >,0> >::{dtor}	xtree	0x1401ccbc9
                          std::shared_ptr<MaterialX_v1_39_6::Element const >::{dtor}	0.072260	0.074799	0.0		0.014288	0.014288	0.0	0.0	CpuHotPaths.exe	std::shared_ptr<MaterialX_v1_39_6::Element const >::{dtor}	memory	0x1401ccbec
                         MaterialX_v1_39_6::InheritanceIterator::{dtor}	0.146443	0.151589	0.0		0.0	0.0	0.0	0.0	CpuHotPaths.exe	MaterialX_v1_39_6::InheritanceIterator::{dtor}	Traversal.h	0x1401ccb73
                          std::_Tree<std::_Tset_traits<std::shared_ptr<MaterialX_v1_39_6::Element const >,std::less<std::shared_ptr<MaterialX_v1_39_6::Element const > >,std::allocator<std::shared_ptr<MaterialX_v1_39_6::Element const > >,0> >::{dtor}	0.146443	0.151589	0.0		0.028957	0.028957	0.0	0.0	CpuHotPaths.exe	std::_Tree<std::_Tset_traits<std::shared_ptr<MaterialX_v1_39_6::Element const >,std::less<std::shared_ptr<MaterialX_v1_39_6::Element const > >,std::allocator<std::shared_ptr<MaterialX_v1_39_6::Element const > >,0> >::{dtor}	xtree	0x1401ccb73
                         MaterialX_v1_39_6::InheritanceIterator::InheritanceIterator	0.075449	0.078100	0.0		0.0	0.0	0.0	0.0	CpuHotPaths.exe	MaterialX_v1_39_6::InheritanceIterator::InheritanceIterator(class MaterialX_v1_39_6::InheritanceIterator const &)	[Unknown]	0x1401b6b80
                          std::set<std::shared_ptr<MaterialX_v1_39_6::Element const >,std::less<std::shared_ptr<MaterialX_v1_39_6::Element const > >,std::allocator<std::shared_ptr<MaterialX_v1_39_6::Element const > > >::{ctor}	0.075449	0.078100	0.0		0.0	0.0	0.0	0.0	CpuHotPaths.exe	std::set<std::shared_ptr<MaterialX_v1_39_6::Element const >,std::less<std::shared_ptr<MaterialX_v1_39_6::Element const > >,std::allocator<std::shared_ptr<MaterialX_v1_39_6::Element const > > >::{ctor}	set	0x1401b6bc2
                           operator new	0.075449	0.078100	0.0		0.0	0.0	0.0	0.0	CpuHotPaths.exe	operator new(unsigned __int64)	new_scalar.cpp	0x140234a68
                            malloc_base	0.075449	0.078100	0.0		0.014919	0.014919	0.0	0.0	ucrtbase.dll	malloc_base	[Unknown]	0x1800050a0
                         MaterialX_v1_39_6::Element::traverseInheritance	0.072916	0.075478	0.0		0.0	0.0	0.0	0.0	CpuHotPaths.exe	MaterialX_v1_39_6::Element::traverseInheritance(void)	Element.cpp	0x1401c8ff0
                          MaterialX_v1_39_6::InheritanceIterator::InheritanceIterator	0.072916	0.075478	0.0		0.0	0.0	0.0	0.0	CpuHotPaths.exe	MaterialX_v1_39_6::InheritanceIterator::InheritanceIterator(class std::shared_ptr<class MaterialX_v1_39_6::Element const >)	Traversal.h	0x1401b6cd0
                           std::set<std::shared_ptr<MaterialX_v1_39_6::Element const >,std::less<std::shared_ptr<MaterialX_v1_39_6::Element const > >,std::allocator<std::shared_ptr<MaterialX_v1_39_6::Element const > > >::{ctor}	0.072916	0.075478	0.0		0.0	0.0	0.0	0.0	CpuHotPaths.exe	std::set<std::shared_ptr<MaterialX_v1_39_6::Element const >,std::less<std::shared_ptr<MaterialX_v1_39_6::Element const > >,std::allocator<std::shared_ptr<MaterialX_v1_39_6::Element const > > >::{ctor}	set	0x1401b6d1b
                            operator new	0.072916	0.075478	0.0		0.0	0.0	0.0	0.0	CpuHotPaths.exe	operator new(unsigned __int64)	new_scalar.cpp	0x140234a68
                             malloc_base	0.072916	0.075478	0.0		0.014418	0.014418	0.0	0.0	ucrtbase.dll	malloc_base	[Unknown]	0x1800050a0
                        MaterialX_v1_39_6::Input::getInterfaceInput	0.582535	0.603008	0.0		0.014197	0.014197	0.0	0.0	CpuHotPaths.exe	MaterialX_v1_39_6::Input::getInterfaceInput(void)	Interface.cpp	0x1401ce7d0
                         MaterialX_v1_39_6::ValueElement::hasInterfaceName	0.216078	0.223672	0.0		0.014269	0.014269	0.0	0.0	CpuHotPaths.exe	MaterialX_v1_39_6::ValueElement::hasInterfaceName(void)	Element.h	0x1401cf3f0
                          MaterialX_v1_39_6::Element::hasAttribute	0.143914	0.148972	0.0		0.0	0.0	0.0	0.0	CpuHotPaths.exe	MaterialX_v1_39_6::Element::hasAttribute	Element.h	0x1401cf3f4
                           std::_Hash<std::_Umap_traits<std::basic_string<char,std::char_traits<char>,std::allocator<char> >,std::basic_string<char,std::char_traits<char>,std::allocator<char> >,std::_Uhash_compare<std::basic_string<char,std::char_traits<char>,std::allocator<char> >,std::hash<std::basic_string<char,std::char_traits<char>,std::allocator<char> > >,std::equal_to<std::basic_string<char,std::char_traits<char>,std::allocator<char> > > >,std::allocator<std::pair<std::basic_string<char,std::char_traits<char>,std::allocator<char> > const ,std::basic_string<char,std::char_traits<char>,std::allocator<char> > > >,0> >::count	0.143914	0.148972	0.0		0.028457	0.028457	0.0	0.0	CpuHotPaths.exe	std::_Hash<std::_Umap_traits<std::basic_string<char,std::char_traits<char>,std::allocator<char> >,std::basic_string<char,std::char_traits<char>,std::allocator<char> >,std::_Uhash_compare<std::basic_string<char,std::char_traits<char>,std::allocator<char> >,std::hash<std::basic_string<char,std::char_traits<char>,std::allocator<char> > >,std::equal_to<std::basic_string<char,std::char_traits<char>,std::allocator<char> > > >,std::allocator<std::pair<std::basic_string<char,std::char_traits<char>,std::allocator<char> > const ,std::basic_string<char,std::char_traits<char>,std::allocator<char> > > >,0> >::count	xhash	0x1401cf3f4
                         MaterialX_v1_39_6::Element::getAncestorOfType<class MaterialX_v1_39_6::GraphElement>	0.149250	0.154495	0.0		0.0	0.0	0.0	0.0	CpuHotPaths.exe	MaterialX_v1_39_6::Element::getAncestorOfType<class MaterialX_v1_39_6::GraphElement>(void)	Element.h	0x14019af80
                          MaterialX_v1_39_6::Element::asA<class MaterialX_v1_39_6::GraphElement>	0.149250	0.154495	0.0		0.014571	0.014571	0.0	0.0	CpuHotPaths.exe	MaterialX_v1_39_6::Element::asA<class MaterialX_v1_39_6::GraphElement>(void)	Element.cpp	0x140191a40
                           std::dynamic_pointer_cast	0.075563	0.078218	0.0		0.014941	0.014941	0.0	0.0	CpuHotPaths.exe	std::dynamic_pointer_cast	memory	0x140191a88
                         MaterialX_v1_39_6::InterfaceElement::getInput	0.145407	0.150517	0.0		0.0	0.0	0.0	0.0	CpuHotPaths.exe	MaterialX_v1_39_6::InterfaceElement::getInput	Interface.h	0x1401ce819
                          MaterialX_v1_39_6::Element::getChildOfType<class MaterialX_v1_39_6::Input>	0.145407	0.150517	0.0		0.0	0.0	0.0	0.0	CpuHotPaths.exe	MaterialX_v1_39_6::Element::getChildOfType<class MaterialX_v1_39_6::Input>(class std::basic_string<char,struct std::char_traits<char>,class std::allocator<char> > const &)	Element.cpp	0x14019e2d0
                           MaterialX_v1_39_6::Element::getChild	0.075698	0.078358	0.0		0.014968	0.014968	0.0	0.0	CpuHotPaths.exe	MaterialX_v1_39_6::Element::getChild(class std::basic_string<char,struct std::char_traits<char>,class std::allocator<char> > const &)	Element.cpp	0x1401c2250
                           MaterialX_v1_39_6::Element::asA<class MaterialX_v1_39_6::Document>	0.069709	0.072159	0.0		0.0	0.0	0.0	0.0	CpuHotPaths.exe	MaterialX_v1_39_6::Element::asA<class MaterialX_v1_39_6::Document>(void)	Element.cpp	0x140190ba0
                            MaterialX_v1_39_6::Element::getSelf	0.069709	0.072159	0.0		0.0	0.0	0.0	0.0	CpuHotPaths.exe	MaterialX_v1_39_6::Element::getSelf	Element.h	0x140190bb7
                             std::enable_shared_from_this<MaterialX_v1_39_6::Element>::shared_from_this	0.069709	0.072159	0.0		0.013784	0.013784	0.0	0.0	CpuHotPaths.exe	std::enable_shared_from_this<MaterialX_v1_39_6::Element>::shared_from_this	memory	0x140190bb7
                        MaterialX_v1_39_6::InterfaceElement::getActiveValueElements	0.578779	0.599119	0.0		0.0	0.0	0.0	0.0	CpuHotPaths.exe	MaterialX_v1_39_6::InterfaceElement::getActiveValueElements(void)	Interface.cpp	0x1401ccd20
                         MaterialX_v1_39_6::InheritanceIterator::InheritanceIterator	0.219220	0.226924	0.0		0.0	0.0	0.0	0.0	CpuHotPaths.exe	MaterialX_v1_39_6::InheritanceIterator::InheritanceIterator(class MaterialX_v1_39_6::InheritanceIterator const &)	[Unknown]	0x1401b6b80
                          std::set<std::shared_ptr<MaterialX_v1_39_6::Element const >,std::less<std::shared_ptr<MaterialX_v1_39_6::Element const > >,std::allocator<std::shared_ptr<MaterialX_v1_39_6::Element const > > >::{ctor}	0.219220	0.226924	0.0		0.0	0.0	0.0	0.0	CpuHotPaths.exe	std::set<std::shared_ptr<MaterialX_v1_39_6::Element const >,std::less<std::shared_ptr<MaterialX_v1_39_6::Element const > >,std::allocator<std::shared_ptr<MaterialX_v1_39_6::Element const > > >::{ctor}	set	0x1401b6bc2
                           operator new	0.219220	0.226924	0.0		0.0	0.0	0.0	0.0	CpuHotPaths.exe	operator new(unsigned __int64)	new_scalar.cpp	0x140234a68
                            malloc_base	0.219220	0.226924	0.0		0.043347	0.043347	0.0	0.0	ucrtbase.dll	malloc_base	[Unknown]	0x1800050a0
                         MaterialX_v1_39_6::Element::getChildrenOfType<class MaterialX_v1_39_6::ValueElement>	0.140210	0.145138	0.0		0.0	0.0	0.0	0.0	CpuHotPaths.exe	MaterialX_v1_39_6::Element::getChildrenOfType<class MaterialX_v1_39_6::ValueElement>(class std::basic_string<char,struct std::char_traits<char>,class std::allocator<char> > const &)	Element.cpp	0x1401b0250
                          MaterialX_v1_39_6::Element::asA<class MaterialX_v1_39_6::ValueElement>	0.071007	0.073502	0.0		0.0	0.0	0.0	0.0	CpuHotPaths.exe	MaterialX_v1_39_6::Element::asA<class MaterialX_v1_39_6::ValueElement>(void)	Element.cpp	0x140194e50
                           MaterialX_v1_39_6::Element::getSelf	0.071007	0.073502	0.0		0.0	0.0	0.0	0.0	CpuHotPaths.exe	MaterialX_v1_39_6::Element::getSelf	Element.h	0x140194e67
                            std::enable_shared_from_this<MaterialX_v1_39_6::Element>::shared_from_this	0.071007	0.073502	0.0		0.014040	0.014040	0.0	0.0	CpuHotPaths.exe	std::enable_shared_from_this<MaterialX_v1_39_6::Element>::shared_from_this	memory	0x140194e67
                          std::vector<std::shared_ptr<MaterialX_v1_39_6::ValueElement>,std::allocator<std::shared_ptr<MaterialX_v1_39_6::ValueElement> > >::push_back	0.069204	0.071636	0.0		0.013684	0.013684	0.0	0.0	CpuHotPaths.exe	std::vector<std::shared_ptr<MaterialX_v1_39_6::ValueElement>,std::allocator<std::shared_ptr<MaterialX_v1_39_6::ValueElement> > >::push_back	vector	0x1401b054b
                         MaterialX_v1_39_6::Element::traverseInheritance	0.074918	0.077551	0.0		0.0	0.0	0.0	0.0	CpuHotPaths.exe	MaterialX_v1_39_6::Element::traverseInheritance(void)	Element.cpp	0x1401c8ff0
                          MaterialX_v1_39_6::InheritanceIterator::InheritanceIterator	0.074918	0.077551	0.0		0.0	0.0	0.0	0.0	CpuHotPaths.exe	MaterialX_v1_39_6::InheritanceIterator::InheritanceIterator(class std::shared_ptr<class MaterialX_v1_39_6::Element const >)	Traversal.h	0x1401b6cd0
                           std::_Tree<std::_Tset_traits<std::shared_ptr<MaterialX_v1_39_6::Element const >,std::less<std::shared_ptr<MaterialX_v1_39_6::Element const > >,std::allocator<std::shared_ptr<MaterialX_v1_39_6::Element const > >,0> >::insert	0.074918	0.077551	0.0		0.0	0.0	0.0	0.0	CpuHotPaths.exe	std::_Tree<std::_Tset_traits<std::shared_ptr<MaterialX_v1_39_6::Element const >,std::less<std::shared_ptr<MaterialX_v1_39_6::Element const > >,std::allocator<std::shared_ptr<MaterialX_v1_39_6::Element const > >,0> >::insert	xtree	0x1401b6d44
                            operator new	0.074918	0.077551	0.0		0.0	0.0	0.0	0.0	CpuHotPaths.exe	operator new(unsigned __int64)	new_scalar.cpp	0x140234a68
                             malloc_base	0.074918	0.077551	0.0		0.014814	0.014814	0.0	0.0	ucrtbase.dll	malloc_base	[Unknown]	0x1800050a0
                         std::_Tree<std::_Tset_traits<std::basic_string<char,std::char_traits<char>,std::allocator<char> >,std::less<std::basic_string<char,std::char_traits<char>,std::allocator<char> > >,std::allocator<std::basic_string<char,std::char_traits<char>,std::allocator<char> > >,0> >::{dtor}	0.073592	0.076178	0.0		0.014552	0.014552	0.0	0.0	CpuHotPaths.exe	std::_Tree<std::_Tset_traits<std::basic_string<char,std::char_traits<char>,std::allocator<char> >,std::less<std::basic_string<char,std::char_traits<char>,std::allocator<char> > >,std::allocator<std::basic_string<char,std::char_traits<char>,std::allocator<char> > >,0> >::{dtor}	xtree	0x1401cd19a
                         std::_Tree<std::_Tset_traits<std::basic_string<char,std::char_traits<char>,std::allocator<char> >,std::less<std::basic_string<char,std::char_traits<char>,std::allocator<char> > >,std::allocator<std::basic_string<char,std::char_traits<char>,std::allocator<char> > >,0> >::insert	0.070839	0.073328	0.0		0.014007	0.014007	0.0	0.0	CpuHotPaths.exe	std::_Tree<std::_Tset_traits<std::basic_string<char,std::char_traits<char>,std::allocator<char> >,std::less<std::basic_string<char,std::char_traits<char>,std::allocator<char> > >,std::allocator<std::basic_string<char,std::char_traits<char>,std::allocator<char> > >,0> >::insert	xtree	0x1401cce40
                        MaterialX_v1_39_6::Element::getNamePath	0.506829	0.524641	0.0		0.0	0.0	0.0	0.0	CpuHotPaths.exe	MaterialX_v1_39_6::Element::getNamePath(class std::shared_ptr<class MaterialX_v1_39_6::Element const >)	Element.cpp	0x1401c2e80
                         std::basic_string<char,std::char_traits<char>,std::allocator<char> >::operator=	0.290219	0.300419	0.0		0.043118	0.043118	0.0	0.0	CpuHotPaths.exe	std::basic_string<char,std::char_traits<char>,std::allocator<char> >::operator=	xstring	0x1401c31c9
                          operator new	0.072158	0.074694	0.0		0.0	0.0	0.0	0.0	CpuHotPaths.exe	operator new(unsigned __int64)	new_scalar.cpp	0x140234a68
                           malloc_base	0.072158	0.074694	0.0		0.014268	0.014268	0.0	0.0	ucrtbase.dll	malloc_base	[Unknown]	0x1800050a0
                         MaterialX_v1_39_6::Element::getDocument	0.073122	0.075692	0.0		0.0	0.0	0.0	0.0	CpuHotPaths.exe	MaterialX_v1_39_6::Element::getDocument	Element.cpp	0x1401c2ed9
                          MaterialX_v1_39_6::Element::asA<class MaterialX_v1_39_6::Document>	0.073122	0.075692	0.0		0.0	0.0	0.0	0.0	CpuHotPaths.exe	MaterialX_v1_39_6::Element::asA<class MaterialX_v1_39_6::Document>(void)	Element.cpp	0x140190ba0
                           MaterialX_v1_39_6::Element::getSelf	0.073122	0.075692	0.0		0.0	0.0	0.0	0.0	CpuHotPaths.exe	MaterialX_v1_39_6::Element::getSelf	Element.h	0x140190bb7
                            std::enable_shared_from_this<MaterialX_v1_39_6::Element>::shared_from_this	0.073122	0.075692	0.0		0.014459	0.014459	0.0	0.0	CpuHotPaths.exe	std::enable_shared_from_this<MaterialX_v1_39_6::Element>::shared_from_this	memory	0x140190bb7
                         std::operator+	0.071780	0.074302	0.0		0.014193	0.014193	0.0	0.0	CpuHotPaths.exe	std::operator+	xstring	0x1401c3177
                         MaterialX_v1_39_6::Element::getSelf	0.071708	0.074229	0.0		0.0	0.0	0.0	0.0	CpuHotPaths.exe	MaterialX_v1_39_6::Element::getSelf	Element.h	0x1401c2f8a
                          std::enable_shared_from_this<MaterialX_v1_39_6::Element>::shared_from_this	0.071708	0.074229	0.0		0.014179	0.014179	0.0	0.0	CpuHotPaths.exe	std::enable_shared_from_this<MaterialX_v1_39_6::Element>::shared_from_this	memory	0x1401c2f8a
                        MaterialX_v1_39_6::ValueElement::getResolvedValue	0.428035	0.369984	2.079825		0.0	0.0	0.0	0.0	CpuHotPaths.exe	MaterialX_v1_39_6::ValueElement::getResolvedValue(class std::shared_ptr<class MaterialX_v1_39_6::StringResolver>)	Element.cpp	0x1401c3be0
                         MaterialX_v1_39_6::Value::createValueFromStrings	0.285815	0.222767	2.079825		0.0	0.0	0.0	0.0	CpuHotPaths.exe	MaterialX_v1_39_6::Value::createValueFromStrings(class std::basic_string<char,struct std::char_traits<char>,class std::allocator<char> > const &,class std::basic_string<char,struct std::char_traits<char>,class std::allocator<char> > const &,class std::shared_ptr<class MaterialX_v1_39_6::TypeDef const >)	Value.cpp	0x140202910
                          MaterialX_v1_39_6::TypedValue<float>::createFromString	0.285815	0.222767	2.079825		0.0	0.0	0.0	0.0	CpuHotPaths.exe	MaterialX_v1_39_6::TypedValue<float>::createFromString(class std::basic_string<char,struct std::char_traits<char>,class std::allocator<char> > const &)	Value.cpp	0x140201350
                           MaterialX_v1_39_6::fromValueString<float>	0.285815	0.222767	2.079825		0.0	0.0	0.0	0.0	CpuHotPaths.exe	MaterialX_v1_39_6::fromValueString<float>(class std::basic_string<char,struct std::char_traits<char>,class std::allocator<char> > const &)	Value.cpp	0x1401fb440
                            std::basic_stringstream<char,std::char_traits<char>,std::allocator<char> >::{ctor}	0.144571	0.076558	2.079825		0.028587	0.014624	0.013962	0.0	CpuHotPaths.exe	std::basic_stringstream<char,std::char_traits<char>,std::allocator<char> >::{ctor}	sstream	0x1401fb47b
                            std::basic_ios<char,struct std::char_traits<char> >::~basic_ios<char,struct std::char_traits<char> >	0.071039	0.073535	0.0		0.014047	0.014047	0.0	0.0	MSVCP140.dll	std::basic_ios<char,struct std::char_traits<char> >::~basic_ios<char,struct std::char_traits<char> >(void)	[Unknown]	0x180007030
                            func@0x180045990	0.070206	0.072673	0.0		0.013882	0.013882	0.0	0.0	MSVCP140.dll	func@0x180045990	[Unknown]	0x180045990
                         MaterialX_v1_39_6::ValueElement::getResolvedValueString	0.071981	0.074511	0.0		0.0	0.0	0.0	0.0	CpuHotPaths.exe	MaterialX_v1_39_6::ValueElement::getResolvedValueString(class std::shared_ptr<class MaterialX_v1_39_6::StringResolver>)	Element.cpp	0x1401c3ec0
                          MaterialX_v1_39_6::ValueElement::getValueString	0.071981	0.074511	0.0		0.0	0.0	0.0	0.0	CpuHotPaths.exe	MaterialX_v1_39_6::ValueElement::getValueString	Element.h	0x1401c4052
                           MaterialX_v1_39_6::Element::getAttribute	0.071981	0.074511	0.0		0.014233	0.014233	0.0	0.0	CpuHotPaths.exe	MaterialX_v1_39_6::Element::getAttribute(class std::basic_string<char,struct std::char_traits<char>,class std::allocator<char> > const &)	Element.h	0x1400b15e0
                         MaterialX_v1_39_6::Document::getTypeDef	0.070238	0.072706	0.0		0.0	0.0	0.0	0.0	CpuHotPaths.exe	MaterialX_v1_39_6::Document::getTypeDef	Document.h	0x1401c3cd8
                          MaterialX_v1_39_6::Element::getChildOfType<class MaterialX_v1_39_6::TypeDef>	0.070238	0.072706	0.0		0.013888	0.013888	0.0	0.0	CpuHotPaths.exe	MaterialX_v1_39_6::Element::getChildOfType<class MaterialX_v1_39_6::TypeDef>(class std::basic_string<char,struct std::char_traits<char>,class std::allocator<char> > const &)	Element.cpp	0x1401a2650
                        MaterialX_v1_39_6::TypedValue<float>::getValueString	0.355159	0.367641	0.0		0.0	0.0	0.0	0.0	CpuHotPaths.exe	MaterialX_v1_39_6::TypedValue<float>::getValueString(void)	Value.cpp	0x1401f6620
                         MaterialX_v1_39_6::toValueString<float>	0.355159	0.367641	0.0		0.0	0.0	0.0	0.0	CpuHotPaths.exe	MaterialX_v1_39_6::toValueString<float>(float const &)	Value.cpp	0x1401fe5f0
                          std::basic_ostream<char,struct std::char_traits<char> >::operator<<	0.211057	0.218474	0.0		0.041733	0.041733	0.0	0.0	MSVCP140.dll	std::basic_ostream<char,struct std::char_traits<char> >::operator<<(float)	[Unknown]	0x18004fa10
                          std::basic_stringstream<char,std::char_traits<char>,std::allocator<char> >::{ctor}	0.144102	0.149167	0.0		0.028494	0.028494	0.0	0.0	CpuHotPaths.exe	std::basic_stringstream<char,std::char_traits<char>,std::allocator<char> >::{ctor}	sstream	0x1401fe64c
                        MaterialX_v1_39_6::TypedValue<class MaterialX_v1_39_6::Vector3>::getValueString	0.145952	0.151082	0.0		0.0	0.0	0.0	0.0	CpuHotPaths.exe	MaterialX_v1_39_6::TypedValue<class MaterialX_v1_39_6::Vector3>::getValueString(void)	Value.cpp	0x1401f6fa0
                         MaterialX_v1_39_6::toValueString	0.145952	0.151082	0.0		0.0	0.0	0.0	0.0	CpuHotPaths.exe	MaterialX_v1_39_6::toValueString	Value.cpp	0x1401f6fd2
                          MaterialX_v1_39_6::toValueString<float>	0.145952	0.151082	0.0		0.0	0.0	0.0	0.0	CpuHotPaths.exe	MaterialX_v1_39_6::toValueString<float>(float const &)	Value.cpp	0x1401fe5f0
                           std::basic_ostream<char,struct std::char_traits<char> >::operator<<	0.145952	0.151082	0.0		0.028860	0.028860	0.0	0.0	MSVCP140.dll	std::basic_ostream<char,struct std::char_traits<char> >::operator<<(float)	[Unknown]	0x18004fa10
                        std::basic_string<char,std::char_traits<char>,std::allocator<char> >::{dtor}	0.078110	0.080855	0.0		0.0	0.0	0.0	0.0	CpuHotPaths.exe	std::basic_string<char,std::char_traits<char>,std::allocator<char> >::{dtor}	xstring	0x140144828
                         operator delete	0.078110	0.080855	0.0		0.015445	0.015445	0.0	0.0	CpuHotPaths.exe	operator delete(void *,unsigned __int64)	delete_scalar_size.cpp	0x140234ab4
                        MaterialX_v1_39_6::TypedValue<class MaterialX_v1_39_6::Color3>::getValueString	0.075343	0.0	2.219192		0.0	0.0	0.0	0.0	CpuHotPaths.exe	MaterialX_v1_39_6::TypedValue<class MaterialX_v1_39_6::Color3>::getValueString(void)	Value.cpp	0x1401f6690
                         MaterialX_v1_39_6::toValueString	0.075343	0.0	2.219192		0.0	0.0	0.0	0.0	CpuHotPaths.exe	MaterialX_v1_39_6::toValueString	Value.cpp	0x1401f66c2
                          MaterialX_v1_39_6::toValueString<float>	0.075343	0.0	2.219192		0.0	0.0	0.0	0.0	CpuHotPaths.exe	MaterialX_v1_39_6::toValueString<float>(float const &)	Value.cpp	0x1401fe5f0
                           std::basic_stringstream<char,std::char_traits<char>,std::allocator<char> >::{ctor}	0.075343	0.0	2.219192		0.014898	0.0	0.014898	0.0	CpuHotPaths.exe	std::basic_stringstream<char,std::char_traits<char>,std::allocator<char> >::{ctor}	sstream	0x1401fe64c
                        std::shared_ptr<MaterialX_v1_39_6::Input>::{dtor}	0.071048	0.073545	0.0		0.014049	0.014049	0.0	0.0	CpuHotPaths.exe	std::shared_ptr<MaterialX_v1_39_6::Input>::{dtor}	memory	0x140144256
                       MaterialX_v1_39_6::Node::getNodeDef	4.611307	4.773366	0.0		0.0	0.0	0.0	0.0	CpuHotPaths.exe	MaterialX_v1_39_6::Node::getNodeDef(class std::basic_string<char,struct std::char_traits<char>,class std::allocator<char> > const &,bool)	Node.cpp	0x1401e5600
                        MaterialX_v1_39_6::NodeDef::getType	1.942569	2.010838	0.0		0.0	0.0	0.0	0.0	CpuHotPaths.exe	MaterialX_v1_39_6::NodeDef::getType(void)	Definition.cpp	0x1401d4660
                         MaterialX_v1_39_6::InterfaceElement::getActiveOutputs	1.587397	1.643185	0.0		0.0	0.0	0.0	0.0	CpuHotPaths.exe	MaterialX_v1_39_6::InterfaceElement::getActiveOutputs(void)	Interface.cpp	0x1401cb9a0
                          MaterialX_v1_39_6::InterfaceElement::getOutputs	0.644129	0.666766	0.0		0.0	0.0	0.0	0.0	CpuHotPaths.exe	MaterialX_v1_39_6::InterfaceElement::getOutputs	Interface.h	0x1401cba7c
                           MaterialX_v1_39_6::Element::getChildrenOfType<class MaterialX_v1_39_6::Output>	0.644129	0.666766	0.0		0.0	0.0	0.0	0.0	CpuHotPaths.exe	MaterialX_v1_39_6::Element::getChildrenOfType<class MaterialX_v1_39_6::Output>(class std::basic_string<char,struct std::char_traits<char>,class std::allocator<char> > const &)	Element.cpp	0x1401ac080
                            MaterialX_v1_39_6::Element::asA<class MaterialX_v1_39_6::Output>	0.284553	0.294553	0.0		0.0	0.0	0.0	0.0	CpuHotPaths.exe	MaterialX_v1_39_6::Element::asA<class MaterialX_v1_39_6::Output>(void)	Element.cpp	0x1401932b0
                             std::shared_ptr<MaterialX_v1_39_6::Element>::{dtor}	0.143230	0.148263	0.0		0.028321	0.028321	0.0	0.0	CpuHotPaths.exe	std::shared_ptr<MaterialX_v1_39_6::Element>::{dtor}	memory	0x140193339
                             MaterialX_v1_39_6::Element::getSelf	0.070940	0.073433	0.0		0.0	0.0	0.0	0.0	CpuHotPaths.exe	MaterialX_v1_39_6::Element::getSelf	Element.h	0x1401932c7
                              std::enable_shared_from_this<MaterialX_v1_39_6::Element>::shared_from_this	0.070940	0.073433	0.0		0.014027	0.014027	0.0	0.0	CpuHotPaths.exe	std::enable_shared_from_this<MaterialX_v1_39_6::Element>::shared_from_this	memory	0x1401932c7
                             std::dynamic_pointer_cast	0.070383	0.072857	0.0		0.013917	0.013917	0.0	0.0	CpuHotPaths.exe	std::dynamic_pointer_cast	memory	0x1401932f8
                            MaterialX_v1_39_6::Element::asA<class MaterialX_v1_39_6::Document>	0.145164	0.150266	0.0		0.0	0.0	0.0	0.0	CpuHotPaths.exe	MaterialX_v1_39_6::Element::asA<class MaterialX_v1_39_6::Document>(void)	Element.cpp	0x140190ba0
                             MaterialX_v1_39_6::Element::getSelf	0.074436	0.077051	0.0		0.0	0.0	0.0	0.0	CpuHotPaths.exe	MaterialX_v1_39_6::Element::getSelf	Element.h	0x140190bb7
                              std::enable_shared_from_this<MaterialX_v1_39_6::Element>::shared_from_this	0.074436	0.077051	0.0		0.014718	0.014718	0.0	0.0	CpuHotPaths.exe	std::enable_shared_from_this<MaterialX_v1_39_6::Element>::shared_from_this	memory	0x140190bb7
                             std::shared_ptr<MaterialX_v1_39_6::Element const >::{dtor}	0.070729	0.073215	0.0		0.013985	0.013985	0.0	0.0	CpuHotPaths.exe	std::shared_ptr<MaterialX_v1_39_6::Element const >::{dtor}	memory	0x140190c29
                            std::vector<std::shared_ptr<MaterialX_v1_39_6::Output>,std::allocator<std::shared_ptr<MaterialX_v1_39_6::Output> > >::push_back	0.143593	0.148639	0.0		0.028393	0.028393	0.0	0.0	CpuHotPaths.exe	std::vector<std::shared_ptr<MaterialX_v1_39_6::Output>,std::allocator<std::shared_ptr<MaterialX_v1_39_6::Output> > >::push_back	vector	0x1401ac37b
                            std::shared_ptr<MaterialX_v1_39_6::Element>::{ctor}	0.070818	0.073307	0.0		0.014003	0.014003	0.0	0.0	CpuHotPaths.exe	std::shared_ptr<MaterialX_v1_39_6::Element>::{ctor}	memory	0x1401ac295
                          MaterialX_v1_39_6::Element::traverseInheritance	0.296600	0.307024	0.0		0.0	0.0	0.0	0.0	CpuHotPaths.exe	MaterialX_v1_39_6::Element::traverseInheritance(void)	Element.cpp	0x1401c8ff0
                           MaterialX_v1_39_6::InheritanceIterator::InheritanceIterator	0.296600	0.307024	0.0		0.0	0.0	0.0	0.0	CpuHotPaths.exe	MaterialX_v1_39_6::InheritanceIterator::InheritanceIterator(class std::shared_ptr<class MaterialX_v1_39_6::Element const >)	Traversal.h	0x1401b6cd0
                            std::set<std::shared_ptr<MaterialX_v1_39_6::Element const >,std::less<std::shared_ptr<MaterialX_v1_39_6::Element const > >,std::allocator<std::shared_ptr<MaterialX_v1_39_6::Element const > > >::{ctor}	0.148160	0.153366	0.0		0.0	0.0	0.0	0.0	CpuHotPaths.exe	std::set<std::shared_ptr<MaterialX_v1_39_6::Element const >,std::less<std::shared_ptr<MaterialX_v1_39_6::Element const > >,std::allocator<std::shared_ptr<MaterialX_v1_39_6::Element const > > >::{ctor}	set	0x1401b6d1b
                             operator new	0.148160	0.153366	0.0		0.0	0.0	0.0	0.0	CpuHotPaths.exe	operator new(unsigned __int64)	new_scalar.cpp	0x140234a68
                              malloc_base	0.148160	0.153366	0.0		0.029296	0.029296	0.0	0.0	ucrtbase.dll	malloc_base	[Unknown]	0x1800050a0
                            std::shared_ptr<MaterialX_v1_39_6::Element const >::{ctor}	0.074762	0.077389	0.0		0.014783	0.014783	0.0	0.0	CpuHotPaths.exe	std::shared_ptr<MaterialX_v1_39_6::Element const >::{ctor}	memory	0x1401b6cea
                            std::_Tree<std::_Tset_traits<std::shared_ptr<MaterialX_v1_39_6::Element const >,std::less<std::shared_ptr<MaterialX_v1_39_6::Element const > >,std::allocator<std::shared_ptr<MaterialX_v1_39_6::Element const > >,0> >::insert	0.073679	0.076268	0.0		0.0	0.0	0.0	0.0	CpuHotPaths.exe	std::_Tree<std::_Tset_traits<std::shared_ptr<MaterialX_v1_39_6::Element const >,std::less<std::shared_ptr<MaterialX_v1_39_6::Element const > >,std::allocator<std::shared_ptr<MaterialX_v1_39_6::Element const > >,0> >::insert	xtree	0x1401b6d44
                             operator new	0.073679	0.076268	0.0		0.0	0.0	0.0	0.0	CpuHotPaths.exe	operator new(unsigned __int64)	new_scalar.cpp	0x140234a68
                              malloc_base	0.073679	0.076268	0.0		0.014569	0.014569	0.0	0.0	ucrtbase.dll	malloc_base	[Unknown]	0x1800050a0
                          std::vector<std::shared_ptr<MaterialX_v1_39_6::Output>,std::allocator<std::shared_ptr<MaterialX_v1_39_6::Output> > >::{dtor}	0.144772	0.149859	0.0		0.028626	0.028626	0.0	0.0	CpuHotPaths.exe	std::vector<std::shared_ptr<MaterialX_v1_39_6::Output>,std::allocator<std::shared_ptr<MaterialX_v1_39_6::Output> > >::{dtor}	vector	0x1401cbcc0
                          MaterialX_v1_39_6::InheritanceIterator::operator++	0.143248	0.148283	0.0		0.0	0.0	0.0	0.0	CpuHotPaths.exe	MaterialX_v1_39_6::InheritanceIterator::operator++(void)	Traversal.cpp	0x1402049f0
                           MaterialX_v1_39_6::Element::getInheritsFrom	0.143248	0.148283	0.0		0.0	0.0	0.0	0.0	CpuHotPaths.exe	MaterialX_v1_39_6::Element::getInheritsFrom(void)	Element.h	0x1401c2d90
                            MaterialX_v1_39_6::Element::hasInheritString	0.143248	0.148283	0.0		0.014235	0.014235	0.0	0.0	CpuHotPaths.exe	MaterialX_v1_39_6::Element::hasInheritString(void)	Element.h	0x1401c4660
                             MaterialX_v1_39_6::Element::hasAttribute	0.071258	0.073763	0.0		0.0	0.0	0.0	0.0	CpuHotPaths.exe	MaterialX_v1_39_6::Element::hasAttribute	Element.h	0x1401c4664
                              std::_Hash<std::_Umap_traits<std::basic_string<char,std::char_traits<char>,std::allocator<char> >,std::basic_string<char,std::char_traits<char>,std::allocator<char> >,std::_Uhash_compare<std::basic_string<char,std::char_traits<char>,std::allocator<char> >,std::hash<std::basic_string<char,std::char_traits<char>,std::allocator<char> > >,std::equal_to<std::basic_string<char,std::char_traits<char>,std::allocator<char> > > >,std::allocator<std::pair<std::basic_string<char,std::char_traits<char>,std::allocator<char> > const ,std::basic_string<char,std::char_traits<char>,std::allocator<char> > > >,0> >::count	0.071258	0.073763	0.0		0.014090	0.014090	0.0	0.0	CpuHotPaths.exe	std::_Hash<std::_Umap_traits<std::basic_string<char,std::char_traits<char>,std::allocator<char> >,std::basic_string<char,std::char_traits<char>,std::allocator<char> >,std::_Uhash_compare<std::basic_string<char,std::char_traits<char>,std::allocator<char> >,std::hash<std::basic_string<char,std::char_traits<char>,std::allocator<char> > >,std::equal_to<std::basic_string<char,std::char_traits<char>,std::allocator<char> > > >,std::allocator<std::pair<std::basic_string<char,std::char_traits<char>,std::allocator<char> > const ,std::basic_string<char,std::char_traits<char>,std::allocator<char> > > >,0> >::count	xhash	0x1401c4664
                          MaterialX_v1_39_6::InheritanceIterator::InheritanceIterator	0.139341	0.144237	0.0		0.0	0.0	0.0	0.0	CpuHotPaths.exe	MaterialX_v1_39_6::InheritanceIterator::InheritanceIterator(class MaterialX_v1_39_6::InheritanceIterator const &)	[Unknown]	0x1401b6b80
                           std::set<std::shared_ptr<MaterialX_v1_39_6::Element const >,std::less<std::shared_ptr<MaterialX_v1_39_6::Element const > >,std::allocator<std::shared_ptr<MaterialX_v1_39_6::Element const > > >::{ctor}	0.139341	0.144237	0.0		0.013559	0.013559	0.0	0.0	CpuHotPaths.exe	std::set<std::shared_ptr<MaterialX_v1_39_6::Element const >,std::less<std::shared_ptr<MaterialX_v1_39_6::Element const > >,std::allocator<std::shared_ptr<MaterialX_v1_39_6::Element const > > >::{ctor}	set	0x1401b6bc2
                            operator new	0.070768	0.073255	0.0		0.0	0.0	0.0	0.0	CpuHotPaths.exe	operator new(unsigned __int64)	new_scalar.cpp	0x140234a68
                             malloc_base	0.070768	0.073255	0.0		0.013993	0.013993	0.0	0.0	ucrtbase.dll	malloc_base	[Unknown]	0x1800050a0
                          MaterialX_v1_39_6::InheritanceIterator::{dtor}	0.074313	0.076924	0.0		0.0	0.0	0.0	0.0	CpuHotPaths.exe	MaterialX_v1_39_6::InheritanceIterator::{dtor}	Traversal.h	0x1401cbd64
                           std::_Tree<std::_Tset_traits<std::shared_ptr<MaterialX_v1_39_6::Element const >,std::less<std::shared_ptr<MaterialX_v1_39_6::Element const > >,std::allocator<std::shared_ptr<MaterialX_v1_39_6::Element const > >,0> >::{dtor}	0.074313	0.076924	0.0		0.014694	0.014694	0.0	0.0	CpuHotPaths.exe	std::_Tree<std::_Tset_traits<std::shared_ptr<MaterialX_v1_39_6::Element const >,std::less<std::shared_ptr<MaterialX_v1_39_6::Element const > >,std::allocator<std::shared_ptr<MaterialX_v1_39_6::Element const > >,0> >::{dtor}	xtree	0x1401cbd64
                          std::vector<std::shared_ptr<MaterialX_v1_39_6::Output>,std::allocator<std::shared_ptr<MaterialX_v1_39_6::Output> > >::push_back	0.072910	0.075473	0.0		0.0	0.0	0.0	0.0	CpuHotPaths.exe	std::vector<std::shared_ptr<MaterialX_v1_39_6::Output>,std::allocator<std::shared_ptr<MaterialX_v1_39_6::Output> > >::push_back	vector	0x1401cbc42
                           operator new	0.072910	0.075473	0.0		0.0	0.0	0.0	0.0	CpuHotPaths.exe	operator new(unsigned __int64)	new_scalar.cpp	0x140234a68
                            malloc_base	0.072910	0.075473	0.0		0.014417	0.014417	0.0	0.0	ucrtbase.dll	malloc_base	[Unknown]	0x1800050a0
                          std::_Tree<std::_Tset_traits<std::basic_string<char,std::char_traits<char>,std::allocator<char> >,std::less<std::basic_string<char,std::char_traits<char>,std::allocator<char> > >,std::allocator<std::basic_string<char,std::char_traits<char>,std::allocator<char> > >,0> >::{dtor}	0.072085	0.074618	0.0		0.014254	0.014254	0.0	0.0	CpuHotPaths.exe	std::_Tree<std::_Tset_traits<std::basic_string<char,std::char_traits<char>,std::allocator<char> >,std::less<std::basic_string<char,std::char_traits<char>,std::allocator<char> > >,std::allocator<std::basic_string<char,std::char_traits<char>,std::allocator<char> > >,0> >::{dtor}	xtree	0x1401cbe69
                         MaterialX_v1_39_6::Element::getAttribute	0.355172	0.367654	0.0		0.0	0.0	0.0	0.0	CpuHotPaths.exe	MaterialX_v1_39_6::Element::getAttribute(class std::basic_string<char,struct std::char_traits<char>,class std::allocator<char> > const &)	Element.h	0x1400b15e0
                          std::_Hash<std::_Umap_traits<std::basic_string<char,std::char_traits<char>,std::allocator<char> >,std::basic_string<char,std::char_traits<char>,std::allocator<char> >,std::_Uhash_compare<std::basic_string<char,std::char_traits<char>,std::allocator<char> >,std::hash<std::basic_string<char,std::char_traits<char>,std::allocator<char> > >,std::equal_to<std::basic_string<char,std::char_traits<char>,std::allocator<char> > > >,std::allocator<std::pair<std::basic_string<char,std::char_traits<char>,std::allocator<char> > const ,std::basic_string<char,std::char_traits<char>,std::allocator<char> > > >,0> >::find	0.355172	0.367654	0.0		0.070229	0.070229	0.0	0.0	CpuHotPaths.exe	std::_Hash<std::_Umap_traits<std::basic_string<char,std::char_traits<char>,std::allocator<char> >,std::basic_string<char,std::char_traits<char>,std::allocator<char> >,std::_Uhash_compare<std::basic_string<char,std::char_traits<char>,std::allocator<char> >,std::hash<std::basic_string<char,std::char_traits<char>,std::allocator<char> > >,std::equal_to<std::basic_string<char,std::char_traits<char>,std::allocator<char> > > >,std::allocator<std::pair<std::basic_string<char,std::char_traits<char>,std::allocator<char> > const ,std::basic_string<char,std::char_traits<char>,std::allocator<char> > > >,0> >::find	xhash	0x1400b15ea
                        MaterialX_v1_39_6::InterfaceElement::hasExactInputMatch	1.731649	1.792505	0.0		0.0	0.0	0.0	0.0	CpuHotPaths.exe	MaterialX_v1_39_6::InterfaceElement::hasExactInputMatch(class std::shared_ptr<class MaterialX_v1_39_6::InterfaceElement const >,class std::basic_string<char,struct std::char_traits<char>,class std::allocator<char> > *)	Interface.cpp	0x1401ceda0
                         MaterialX_v1_39_6::InterfaceElement::getActiveInputs	0.931699	0.964443	0.0		0.0	0.0	0.0	0.0	CpuHotPaths.exe	MaterialX_v1_39_6::InterfaceElement::getActiveInputs(void)	Interface.cpp	0x1401cae40
                          MaterialX_v1_39_6::InterfaceElement::getInputs	0.356239	0.368758	0.0		0.0	0.0	0.0	0.0	CpuHotPaths.exe	MaterialX_v1_39_6::InterfaceElement::getInputs	Interface.h	0x1401caf1c
                           MaterialX_v1_39_6::Element::getChildrenOfType<class MaterialX_v1_39_6::Input>	0.356239	0.368758	0.0		0.028411	0.028411	0.0	0.0	CpuHotPaths.exe	MaterialX_v1_39_6::Element::getChildrenOfType<class MaterialX_v1_39_6::Input>(class std::basic_string<char,struct std::char_traits<char>,class std::allocator<char> > const &)	Element.cpp	0x1401a8de0
                            std::vector<std::shared_ptr<MaterialX_v1_39_6::Input>,std::allocator<std::shared_ptr<MaterialX_v1_39_6::Input> > >::push_back	0.071926	0.074454	0.0		0.014222	0.014222	0.0	0.0	CpuHotPaths.exe	std::vector<std::shared_ptr<MaterialX_v1_39_6::Input>,std::allocator<std::shared_ptr<MaterialX_v1_39_6::Input> > >::push_back	vector	0x1401a90db
                            MaterialX_v1_39_6::Element::asA<class MaterialX_v1_39_6::Document>	0.070957	0.073451	0.0		0.0	0.0	0.0	0.0	CpuHotPaths.exe	MaterialX_v1_39_6::Element::asA<class MaterialX_v1_39_6::Document>(void)	Element.cpp	0x140190ba0
                             std::shared_ptr<MaterialX_v1_39_6::Element const >::{dtor}	0.070957	0.073451	0.0		0.014031	0.014031	0.0	0.0	CpuHotPaths.exe	std::shared_ptr<MaterialX_v1_39_6::Element const >::{dtor}	memory	0x140190c29
                            MaterialX_v1_39_6::Element::asA<class MaterialX_v1_39_6::Input>	0.069672	0.072121	0.0		0.0	0.0	0.0	0.0	CpuHotPaths.exe	MaterialX_v1_39_6::Element::asA<class MaterialX_v1_39_6::Input>(void)	Element.cpp	0x140191d70
                             std::dynamic_pointer_cast	0.069672	0.072121	0.0		0.013777	0.013777	0.0	0.0	CpuHotPaths.exe	std::dynamic_pointer_cast	memory	0x140191db8
                          MaterialX_v1_39_6::InheritanceIterator::InheritanceIterator	0.144639	0.149722	0.0		0.0	0.0	0.0	0.0	CpuHotPaths.exe	MaterialX_v1_39_6::InheritanceIterator::InheritanceIterator(class MaterialX_v1_39_6::InheritanceIterator const &)	[Unknown]	0x1401b6b80
                           std::set<std::shared_ptr<MaterialX_v1_39_6::Element const >,std::less<std::shared_ptr<MaterialX_v1_39_6::Element const > >,std::allocator<std::shared_ptr<MaterialX_v1_39_6::Element const > > >::{ctor}	0.144639	0.149722	0.0		0.0	0.0	0.0	0.0	CpuHotPaths.exe	std::set<std::shared_ptr<MaterialX_v1_39_6::Element const >,std::less<std::shared_ptr<MaterialX_v1_39_6::Element const > >,std::allocator<std::shared_ptr<MaterialX_v1_39_6::Element const > > >::{ctor}	set	0x1401b6bc2
                            operator new	0.144639	0.149722	0.0		0.0	0.0	0.0	0.0	CpuHotPaths.exe	operator new(unsigned __int64)	new_scalar.cpp	0x140234a68
                             malloc_base	0.144639	0.149722	0.0		0.028600	0.028600	0.0	0.0	ucrtbase.dll	malloc_base	[Unknown]	0x1800050a0
                          std::_Tree<std::_Tset_traits<std::basic_string<char,std::char_traits<char>,std::allocator<char> >,std::less<std::basic_string<char,std::char_traits<char>,std::allocator<char> > >,std::allocator<std::basic_string<char,std::char_traits<char>,std::allocator<char> > >,0> >::insert	0.141032	0.145988	0.0		0.014476	0.014476	0.0	0.0	CpuHotPaths.exe	std::_Tree<std::_Tset_traits<std::basic_string<char,std::char_traits<char>,std::allocator<char> >,std::less<std::basic_string<char,std::char_traits<char>,std::allocator<char> > >,std::allocator<std::basic_string<char,std::char_traits<char>,std::allocator<char> > >,0> >::insert	xtree	0x1401cafa1
                           operator new	0.067822	0.070205	0.0		0.0	0.0	0.0	0.0	CpuHotPaths.exe	operator new(unsigned __int64)	new_scalar.cpp	0x140234a68
                            malloc_base	0.067822	0.070205	0.0		0.013411	0.013411	0.0	0.0	ucrtbase.dll	malloc_base	[Unknown]	0x1800050a0
                          std::_Tree<std::_Tset_traits<std::basic_string<char,std::char_traits<char>,std::allocator<char> >,std::less<std::basic_string<char,std::char_traits<char>,std::allocator<char> > >,std::allocator<std::basic_string<char,std::char_traits<char>,std::allocator<char> > >,0> >::{dtor}	0.076010	0.078681	0.0		0.015030	0.015030	0.0	0.0	CpuHotPaths.exe	std::_Tree<std::_Tset_traits<std::basic_string<char,std::char_traits<char>,std::allocator<char> >,std::less<std::basic_string<char,std::char_traits<char>,std::allocator<char> > >,std::allocator<std::basic_string<char,std::char_traits<char>,std::allocator<char> > >,0> >::{dtor}	xtree	0x1401cb309
                          std::set<std::basic_string<char,std::char_traits<char>,std::allocator<char> >,std::less<std::basic_string<char,std::char_traits<char>,std::allocator<char> > >,std::allocator<std::basic_string<char,std::char_traits<char>,std::allocator<char> > > >::{ctor}	0.071410	0.073920	0.0		0.0	0.0	0.0	0.0	CpuHotPaths.exe	std::set<std::basic_string<char,std::char_traits<char>,std::allocator<char> >,std::less<std::basic_string<char,std::char_traits<char>,std::allocator<char> > >,std::allocator<std::basic_string<char,std::char_traits<char>,std::allocator<char> > > >::{ctor}	set	0x1401cae82
                           operator new	0.071410	0.073920	0.0		0.0	0.0	0.0	0.0	CpuHotPaths.exe	operator new(unsigned __int64)	new_scalar.cpp	0x140234a68
                            malloc_base	0.071410	0.073920	0.0		0.014120	0.014120	0.0	0.0	ucrtbase.dll	malloc_base	[Unknown]	0x1800050a0
                          std::vector<std::shared_ptr<MaterialX_v1_39_6::Input>,std::allocator<std::shared_ptr<MaterialX_v1_39_6::Input> > >::push_back	0.071323	0.073830	0.0		0.014103	0.014103	0.0	0.0	CpuHotPaths.exe	std::vector<std::shared_ptr<MaterialX_v1_39_6::Input>,std::allocator<std::shared_ptr<MaterialX_v1_39_6::Input> > >::push_back	vector	0x1401cb0e2
                          MaterialX_v1_39_6::Element::asA<class MaterialX_v1_39_6::InterfaceElement>	0.071048	0.073545	0.0		0.0	0.0	0.0	0.0	CpuHotPaths.exe	MaterialX_v1_39_6::Element::asA<class MaterialX_v1_39_6::InterfaceElement>(void)	Element.cpp	0x1401920a0
                           MaterialX_v1_39_6::Element::getSelf	0.071048	0.073545	0.0		0.0	0.0	0.0	0.0	CpuHotPaths.exe	MaterialX_v1_39_6::Element::getSelf	Element.h	0x1401920b7
                            std::enable_shared_from_this<MaterialX_v1_39_6::Element>::shared_from_this	0.071048	0.073545	0.0		0.014049	0.014049	0.0	0.0	CpuHotPaths.exe	std::enable_shared_from_this<MaterialX_v1_39_6::Element>::shared_from_this	memory	0x1401920b7
                         MaterialX_v1_39_6::InterfaceElement::getActiveInput	0.583072	0.603564	0.0		0.0	0.0	0.0	0.0	CpuHotPaths.exe	MaterialX_v1_39_6::InterfaceElement::getActiveInput(class std::basic_string<char,struct std::char_traits<char>,class std::allocator<char> > const &)	Interface.cpp	0x1401ca950
                          MaterialX_v1_39_6::InheritanceIterator::InheritanceIterator	0.221747	0.229540	0.0		0.0	0.0	0.0	0.0	CpuHotPaths.exe	MaterialX_v1_39_6::InheritanceIterator::InheritanceIterator(class MaterialX_v1_39_6::InheritanceIterator const &)	[Unknown]	0x1401b6b80
                           std::set<std::shared_ptr<MaterialX_v1_39_6::Element const >,std::less<std::shared_ptr<MaterialX_v1_39_6::Element const > >,std::allocator<std::shared_ptr<MaterialX_v1_39_6::Element const > > >::{ctor}	0.221747	0.229540	0.0		0.014561	0.014561	0.0	0.0	CpuHotPaths.exe	std::set<std::shared_ptr<MaterialX_v1_39_6::Element const >,std::less<std::shared_ptr<MaterialX_v1_39_6::Element const > >,std::allocator<std::shared_ptr<MaterialX_v1_39_6::Element const > > >::{ctor}	set	0x1401b6bc2
                            operator new	0.148109	0.153315	0.0		0.0	0.0	0.0	0.0	CpuHotPaths.exe	operator new(unsigned __int64)	new_scalar.cpp	0x140234a68
                             malloc_base	0.148109	0.153315	0.0		0.029286	0.029286	0.0	0.0	ucrtbase.dll	malloc_base	[Unknown]	0x1800050a0
                          MaterialX_v1_39_6::InterfaceElement::getInput	0.145262	0.150367	0.0		0.0	0.0	0.0	0.0	CpuHotPaths.exe	MaterialX_v1_39_6::InterfaceElement::getInput	Interface.h	0x1401ca9ea
                           MaterialX_v1_39_6::Element::getChildOfType<class MaterialX_v1_39_6::Input>	0.145262	0.150367	0.0		0.0	0.0	0.0	0.0	CpuHotPaths.exe	MaterialX_v1_39_6::Element::getChildOfType<class MaterialX_v1_39_6::Input>(class std::basic_string<char,struct std::char_traits<char>,class std::allocator<char> > const &)	Element.cpp	0x14019e2d0
                            MaterialX_v1_39_6::Element::getChild	0.145262	0.150367	0.0		0.0	0.0	0.0	0.0	CpuHotPaths.exe	MaterialX_v1_39_6::Element::getChild(class std::basic_string<char,struct std::char_traits<char>,class std::allocator<char> > const &)	Element.cpp	0x1401c2250
                             std::_Hash<std::_Umap_traits<std::basic_string<char,std::char_traits<char>,std::allocator<char> >,std::shared_ptr<MaterialX_v1_39_6::Element>,std::_Uhash_compare<std::basic_string<char,std::char_traits<char>,std::allocator<char> >,std::hash<std::basic_string<char,std::char_traits<char>,std::allocator<char> > >,std::equal_to<std::basic_string<char,std::char_traits<char>,std::allocator<char> > > >,std::allocator<std::pair<std::basic_string<char,std::char_traits<char>,std::allocator<char> > const ,std::shared_ptr<MaterialX_v1_39_6::Element> > >,0> >::find	0.145262	0.150367	0.0		0.028723	0.028723	0.0	0.0	CpuHotPaths.exe	std::_Hash<std::_Umap_traits<std::basic_string<char,std::char_traits<char>,std::allocator<char> >,std::shared_ptr<MaterialX_v1_39_6::Element>,std::_Uhash_compare<std::basic_string<char,std::char_traits<char>,std::allocator<char> >,std::hash<std::basic_string<char,std::char_traits<char>,std::allocator<char> > >,std::equal_to<std::basic_string<char,std::char_traits<char>,std::allocator<char> > > >,std::allocator<std::pair<std::basic_string<char,std::char_traits<char>,std::allocator<char> > const ,std::shared_ptr<MaterialX_v1_39_6::Element> > >,0> >::find	xhash	0x1401c2276
                          MaterialX_v1_39_6::InheritanceIterator::{dtor}	0.075192	0.077835	0.0		0.0	0.0	0.0	0.0	CpuHotPaths.exe	MaterialX_v1_39_6::InheritanceIterator::{dtor}	Traversal.h	0x1401cac2f
                           std::_Tree<std::_Tset_traits<std::shared_ptr<MaterialX_v1_39_6::Element const >,std::less<std::shared_ptr<MaterialX_v1_39_6::Element const > >,std::allocator<std::shared_ptr<MaterialX_v1_39_6::Element const > >,0> >::{dtor}	0.075192	0.077835	0.0		0.014868	0.014868	0.0	0.0	CpuHotPaths.exe	std::_Tree<std::_Tset_traits<std::shared_ptr<MaterialX_v1_39_6::Element const >,std::less<std::shared_ptr<MaterialX_v1_39_6::Element const > >,std::allocator<std::shared_ptr<MaterialX_v1_39_6::Element const > >,0> >::{dtor}	xtree	0x1401cac2f
                          MaterialX_v1_39_6::InheritanceIterator::{dtor}	0.074622	0.077245	0.0		0.0	0.0	0.0	0.0	CpuHotPaths.exe	MaterialX_v1_39_6::InheritanceIterator::{dtor}	Traversal.h	0x1401cacdb
                           std::shared_ptr<MaterialX_v1_39_6::Element const >::{dtor}	0.074622	0.077245	0.0		0.014755	0.014755	0.0	0.0	CpuHotPaths.exe	std::shared_ptr<MaterialX_v1_39_6::Element const >::{dtor}	memory	0x1401cacfe
                          MaterialX_v1_39_6::Element::traverseInheritance	0.066250	0.068578	0.0		0.0	0.0	0.0	0.0	CpuHotPaths.exe	MaterialX_v1_39_6::Element::traverseInheritance(void)	Element.cpp	0x1401c8ff0
                           MaterialX_v1_39_6::InheritanceIterator::InheritanceIterator	0.066250	0.068578	0.0		0.0	0.0	0.0	0.0	CpuHotPaths.exe	MaterialX_v1_39_6::InheritanceIterator::InheritanceIterator(class std::shared_ptr<class MaterialX_v1_39_6::Element const >)	Traversal.h	0x1401b6cd0
                            std::_Tree<std::_Tset_traits<std::shared_ptr<MaterialX_v1_39_6::Element const >,std::less<std::shared_ptr<MaterialX_v1_39_6::Element const > >,std::allocator<std::shared_ptr<MaterialX_v1_39_6::Element const > >,0> >::insert	0.066250	0.068578	0.0		0.0	0.0	0.0	0.0	CpuHotPaths.exe	std::_Tree<std::_Tset_traits<std::shared_ptr<MaterialX_v1_39_6::Element const >,std::less<std::shared_ptr<MaterialX_v1_39_6::Element const > >,std::allocator<std::shared_ptr<MaterialX_v1_39_6::Element const > >,0> >::insert	xtree	0x1401b6d44
                             operator new	0.066250	0.068578	0.0		0.0	0.0	0.0	0.0	CpuHotPaths.exe	operator new(unsigned __int64)	new_scalar.cpp	0x140234a68
                              malloc_base	0.066250	0.068578	0.0		0.013100	0.013100	0.0	0.0	ucrtbase.dll	malloc_base	[Unknown]	0x1800050a0
                         MaterialX_v1_39_6::Element::getAttribute	0.143265	0.148299	0.0		0.0	0.0	0.0	0.0	CpuHotPaths.exe	MaterialX_v1_39_6::Element::getAttribute(class std::basic_string<char,struct std::char_traits<char>,class std::allocator<char> > const &)	Element.h	0x1400b15e0
                          std::_Hash<std::_Umap_traits<std::basic_string<char,std::char_traits<char>,std::allocator<char> >,std::basic_string<char,std::char_traits<char>,std::allocator<char> >,std::_Uhash_compare<std::basic_string<char,std::char_traits<char>,std::allocator<char> >,std::hash<std::basic_string<char,std::char_traits<char>,std::allocator<char> > >,std::equal_to<std::basic_string<char,std::char_traits<char>,std::allocator<char> > > >,std::allocator<std::pair<std::basic_string<char,std::char_traits<char>,std::allocator<char> > const ,std::basic_string<char,std::char_traits<char>,std::allocator<char> > > >,0> >::find	0.143265	0.148299	0.0		0.028328	0.028328	0.0	0.0	CpuHotPaths.exe	std::_Hash<std::_Umap_traits<std::basic_string<char,std::char_traits<char>,std::allocator<char> >,std::basic_string<char,std::char_traits<char>,std::allocator<char> >,std::_Uhash_compare<std::basic_string<char,std::char_traits<char>,std::allocator<char> >,std::hash<std::basic_string<char,std::char_traits<char>,std::allocator<char> > >,std::equal_to<std::basic_string<char,std::char_traits<char>,std::allocator<char> > > >,std::allocator<std::pair<std::basic_string<char,std::char_traits<char>,std::allocator<char> > const ,std::basic_string<char,std::char_traits<char>,std::allocator<char> > > >,0> >::find	xhash	0x1400b15ea
                         std::shared_ptr<MaterialX_v1_39_6::Input>::{dtor}	0.073612	0.076199	0.0		0.014556	0.014556	0.0	0.0	CpuHotPaths.exe	std::shared_ptr<MaterialX_v1_39_6::Input>::{dtor}	memory	0x1401cee89
                        MaterialX_v1_39_6::Document::getMatchingNodeDefs	0.435480	0.450785	0.0		0.0	0.0	0.0	0.0	CpuHotPaths.exe	MaterialX_v1_39_6::Document::getMatchingNodeDefs(class std::basic_string<char,struct std::char_traits<char>,class std::allocator<char> > const &)	Document.cpp	0x1401f1000
                         std::vector<std::shared_ptr<MaterialX_v1_39_6::NodeDef>,std::allocator<std::shared_ptr<MaterialX_v1_39_6::NodeDef> > >::insert	0.291871	0.302129	0.0		0.043430	0.043430	0.0	0.0	CpuHotPaths.exe	std::vector<std::shared_ptr<MaterialX_v1_39_6::NodeDef>,std::allocator<std::shared_ptr<MaterialX_v1_39_6::NodeDef> > >::insert	vector	0x1401f121b
                          operator new	0.072231	0.074769	0.0		0.0	0.0	0.0	0.0	CpuHotPaths.exe	operator new(unsigned __int64)	new_scalar.cpp	0x140234a68
                           malloc_base	0.072231	0.074769	0.0		0.014282	0.014282	0.0	0.0	ucrtbase.dll	malloc_base	[Unknown]	0x1800050a0
                         MaterialX_v1_39_6::Document::Cache::getMatchingNodeDefs	0.143609	0.148656	0.0		0.0	0.0	0.0	0.0	CpuHotPaths.exe	MaterialX_v1_39_6::Document::Cache::getMatchingNodeDefs(class std::basic_string<char,struct std::char_traits<char>,class std::allocator<char> > const &)	Document.cpp	0x1401f0bd0
                          std::_Hash<std::_Umap_traits<std::basic_string<char,std::char_traits<char>,std::allocator<char> >,std::vector<std::shared_ptr<MaterialX_v1_39_6::NodeDef>,std::allocator<std::shared_ptr<MaterialX_v1_39_6::NodeDef> > >,std::_Uhash_compare<std::basic_string<char,std::char_traits<char>,std::allocator<char> >,std::hash<std::basic_string<char,std::char_traits<char>,std::allocator<char> > >,std::equal_to<std::basic_string<char,std::char_traits<char>,std::allocator<char> > > >,std::allocator<std::pair<std::basic_string<char,std::char_traits<char>,std::allocator<char> > const ,std::vector<std::shared_ptr<MaterialX_v1_39_6::NodeDef>,std::allocator<std::shared_ptr<MaterialX_v1_39_6::NodeDef> > > > >,0> >::find	0.143609	0.148656	0.0		0.028396	0.028396	0.0	0.0	CpuHotPaths.exe	std::_Hash<std::_Umap_traits<std::basic_string<char,std::char_traits<char>,std::allocator<char> >,std::vector<std::shared_ptr<MaterialX_v1_39_6::NodeDef>,std::allocator<std::shared_ptr<MaterialX_v1_39_6::NodeDef> > >,std::_Uhash_compare<std::basic_string<char,std::char_traits<char>,std::allocator<char> >,std::hash<std::basic_string<char,std::char_traits<char>,std::allocator<char> > >,std::equal_to<std::basic_string<char,std::char_traits<char>,std::allocator<char> > > >,std::allocator<std::pair<std::basic_string<char,std::char_traits<char>,std::allocator<char> > const ,std::vector<std::shared_ptr<MaterialX_v1_39_6::NodeDef>,std::allocator<std::shared_ptr<MaterialX_v1_39_6::NodeDef> > > > >,0> >::find	xhash	0x1401f0c07
                        std::vector<std::shared_ptr<MaterialX_v1_39_6::NodeDef>,std::allocator<std::shared_ptr<MaterialX_v1_39_6::NodeDef> > >::insert	0.214324	0.221856	0.0		0.0	0.0	0.0	0.0	CpuHotPaths.exe	std::vector<std::shared_ptr<MaterialX_v1_39_6::NodeDef>,std::allocator<std::shared_ptr<MaterialX_v1_39_6::NodeDef> > >::insert	vector	0x1401e5793
                         operator new	0.141924	0.146911	0.0		0.0	0.0	0.0	0.0	CpuHotPaths.exe	operator new(unsigned __int64)	new_scalar.cpp	0x140234a68
                          malloc_base	0.141924	0.146911	0.0		0.028063	0.028063	0.0	0.0	ucrtbase.dll	malloc_base	[Unknown]	0x1800050a0
                         operator delete	0.072401	0.074945	0.0		0.014316	0.014316	0.0	0.0	CpuHotPaths.exe	operator delete(void *,unsigned __int64)	delete_scalar_size.cpp	0x140234ab4
                        MaterialX_v1_39_6::NodeDef::isVersionCompatible	0.073853	0.076448	0.0		0.0	0.0	0.0	0.0	CpuHotPaths.exe	MaterialX_v1_39_6::NodeDef::isVersionCompatible(class std::basic_string<char,struct std::char_traits<char>,class std::allocator<char> > const &)	Definition.cpp	0x1401d4c60
                         MaterialX_v1_39_6::InterfaceElement::getVersionString	0.073853	0.076448	0.0		0.0	0.0	0.0	0.0	CpuHotPaths.exe	MaterialX_v1_39_6::InterfaceElement::getVersionString	Interface.h	0x1401d4c75
                          MaterialX_v1_39_6::Element::getAttribute	0.073853	0.076448	0.0		0.0	0.0	0.0	0.0	CpuHotPaths.exe	MaterialX_v1_39_6::Element::getAttribute(class std::basic_string<char,struct std::char_traits<char>,class std::allocator<char> > const &)	Element.h	0x1400b15e0
                           std::_Hash<std::_Umap_traits<std::basic_string<char,std::char_traits<char>,std::allocator<char> >,std::basic_string<char,std::char_traits<char>,std::allocator<char> >,std::_Uhash_compare<std::basic_string<char,std::char_traits<char>,std::allocator<char> >,std::hash<std::basic_string<char,std::char_traits<char>,std::allocator<char> > >,std::equal_to<std::basic_string<char,std::char_traits<char>,std::allocator<char> > > >,std::allocator<std::pair<std::basic_string<char,std::char_traits<char>,std::allocator<char> > const ,std::basic_string<char,std::char_traits<char>,std::allocator<char> > > >,0> >::find	0.073853	0.076448	0.0		0.014603	0.014603	0.0	0.0	CpuHotPaths.exe	std::_Hash<std::_Umap_traits<std::basic_string<char,std::char_traits<char>,std::allocator<char> >,std::basic_string<char,std::char_traits<char>,std::allocator<char> >,std::_Uhash_compare<std::basic_string<char,std::char_traits<char>,std::allocator<char> >,std::hash<std::basic_string<char,std::char_traits<char>,std::allocator<char> > >,std::equal_to<std::basic_string<char,std::char_traits<char>,std::allocator<char> > > >,std::allocator<std::pair<std::basic_string<char,std::char_traits<char>,std::allocator<char> > const ,std::basic_string<char,std::char_traits<char>,std::allocator<char> > > >,0> >::find	xhash	0x1400b15ea
                        std::vector<std::shared_ptr<MaterialX_v1_39_6::NodeDef>,std::allocator<std::shared_ptr<MaterialX_v1_39_6::NodeDef> > >::{dtor}	0.071786	0.074309	0.0		0.014195	0.014195	0.0	0.0	CpuHotPaths.exe	std::vector<std::shared_ptr<MaterialX_v1_39_6::NodeDef>,std::allocator<std::shared_ptr<MaterialX_v1_39_6::NodeDef> > >::{dtor}	vector	0x1401e5a9d
                        MaterialX_v1_39_6::InterfaceElement::getTarget	0.071748	0.074269	0.0		0.0	0.0	0.0	0.0	CpuHotPaths.exe	MaterialX_v1_39_6::InterfaceElement::getTarget	Interface.h	0x1401e57de
                         MaterialX_v1_39_6::Element::getAttribute	0.071748	0.074269	0.0		0.014187	0.014187	0.0	0.0	CpuHotPaths.exe	MaterialX_v1_39_6::Element::getAttribute(class std::basic_string<char,struct std::char_traits<char>,class std::allocator<char> > const &)	Element.h	0x1400b15e0
                        MaterialX_v1_39_6::Element::getQualifiedName	0.069898	0.072355	0.0		0.0	0.0	0.0	0.0	CpuHotPaths.exe	MaterialX_v1_39_6::Element::getQualifiedName(class std::basic_string<char,struct std::char_traits<char>,class std::allocator<char> > const &)	Element.h	0x1401c35b0
                         std::shared_ptr<MaterialX_v1_39_6::Element const >::operator=	0.069898	0.072355	0.0		0.013821	0.013821	0.0	0.0	CpuHotPaths.exe	std::shared_ptr<MaterialX_v1_39_6::Element const >::operator=	memory	0x1401c36b4
                       MaterialX_v1_39_6::InterfaceElement::getActiveInputs	0.931471	0.964206	0.0		0.0	0.0	0.0	0.0	CpuHotPaths.exe	MaterialX_v1_39_6::InterfaceElement::getActiveInputs(void)	Interface.cpp	0x1401cae40
                        std::vector<std::shared_ptr<MaterialX_v1_39_6::Input>,std::allocator<std::shared_ptr<MaterialX_v1_39_6::Input> > >::push_back	0.351882	0.364248	0.0		0.069579	0.069579	0.0	0.0	CpuHotPaths.exe	std::vector<std::shared_ptr<MaterialX_v1_39_6::Input>,std::allocator<std::shared_ptr<MaterialX_v1_39_6::Input> > >::push_back	vector	0x1401cb0e2
                        MaterialX_v1_39_6::InterfaceElement::getInputs	0.147504	0.152688	0.0		0.0	0.0	0.0	0.0	CpuHotPaths.exe	MaterialX_v1_39_6::InterfaceElement::getInputs	Interface.h	0x1401caf1c
                         MaterialX_v1_39_6::Element::getChildrenOfType<class MaterialX_v1_39_6::Input>	0.147504	0.152688	0.0		0.0	0.0	0.0	0.0	CpuHotPaths.exe	MaterialX_v1_39_6::Element::getChildrenOfType<class MaterialX_v1_39_6::Input>(class std::basic_string<char,struct std::char_traits<char>,class std::allocator<char> > const &)	Element.cpp	0x1401a8de0
                          std::vector<std::shared_ptr<MaterialX_v1_39_6::Input>,std::allocator<std::shared_ptr<MaterialX_v1_39_6::Input> > >::push_back	0.074549	0.077169	0.0		0.014741	0.014741	0.0	0.0	CpuHotPaths.exe	std::vector<std::shared_ptr<MaterialX_v1_39_6::Input>,std::allocator<std::shared_ptr<MaterialX_v1_39_6::Input> > >::push_back	vector	0x1401a90db
                          MaterialX_v1_39_6::Element::asA<class MaterialX_v1_39_6::Document>	0.072955	0.075519	0.0		0.0	0.0	0.0	0.0	CpuHotPaths.exe	MaterialX_v1_39_6::Element::asA<class MaterialX_v1_39_6::Document>(void)	Element.cpp	0x140190ba0
                           std::dynamic_pointer_cast	0.072955	0.075519	0.0		0.014426	0.014426	0.0	0.0	CpuHotPaths.exe	std::dynamic_pointer_cast	memory	0x140190be8
                        MaterialX_v1_39_6::InheritanceIterator::InheritanceIterator	0.145991	0.151121	0.0		0.0	0.0	0.0	0.0	CpuHotPaths.exe	MaterialX_v1_39_6::InheritanceIterator::InheritanceIterator(class MaterialX_v1_39_6::InheritanceIterator const &)	[Unknown]	0x1401b6b80
                         std::set<std::shared_ptr<MaterialX_v1_39_6::Element const >,std::less<std::shared_ptr<MaterialX_v1_39_6::Element const > >,std::allocator<std::shared_ptr<MaterialX_v1_39_6::Element const > > >::{ctor}	0.145991	0.151121	0.0		0.028867	0.028867	0.0	0.0	CpuHotPaths.exe	std::set<std::shared_ptr<MaterialX_v1_39_6::Element const >,std::less<std::shared_ptr<MaterialX_v1_39_6::Element const > >,std::allocator<std::shared_ptr<MaterialX_v1_39_6::Element const > > >::{ctor}	set	0x1401b6bc2
                        MaterialX_v1_39_6::InheritanceIterator::{dtor}	0.072243	0.074782	0.0		0.0	0.0	0.0	0.0	CpuHotPaths.exe	MaterialX_v1_39_6::InheritanceIterator::{dtor}	Traversal.h	0x1401cb2b5
                         std::_Tree<std::_Tset_traits<std::shared_ptr<MaterialX_v1_39_6::Element const >,std::less<std::shared_ptr<MaterialX_v1_39_6::Element const > >,std::allocator<std::shared_ptr<MaterialX_v1_39_6::Element const > >,0> >::{dtor}	0.072243	0.074782	0.0		0.014285	0.014285	0.0	0.0	CpuHotPaths.exe	std::_Tree<std::_Tset_traits<std::shared_ptr<MaterialX_v1_39_6::Element const >,std::less<std::shared_ptr<MaterialX_v1_39_6::Element const > >,std::allocator<std::shared_ptr<MaterialX_v1_39_6::Element const > >,0> >::{dtor}	xtree	0x1401cb2b5
                        std::vector<std::shared_ptr<MaterialX_v1_39_6::Input>,std::allocator<std::shared_ptr<MaterialX_v1_39_6::Input> > >::{dtor}	0.071834	0.074358	0.0		0.014204	0.014204	0.0	0.0	CpuHotPaths.exe	std::vector<std::shared_ptr<MaterialX_v1_39_6::Input>,std::allocator<std::shared_ptr<MaterialX_v1_39_6::Input> > >::{dtor}	vector	0x1401cb160
                        std::_Tree<std::_Tset_traits<std::basic_string<char,std::char_traits<char>,std::allocator<char> >,std::less<std::basic_string<char,std::char_traits<char>,std::allocator<char> > >,std::allocator<std::basic_string<char,std::char_traits<char>,std::allocator<char> > >,0> >::{dtor}	0.071684	0.074203	0.0		0.014174	0.014174	0.0	0.0	CpuHotPaths.exe	std::_Tree<std::_Tset_traits<std::basic_string<char,std::char_traits<char>,std::allocator<char> >,std::less<std::basic_string<char,std::char_traits<char>,std::allocator<char> > >,std::allocator<std::basic_string<char,std::char_traits<char>,std::allocator<char> > >,0> >::{dtor}	xtree	0x1401cb309
                        MaterialX_v1_39_6::InheritanceIterator::{dtor}	0.070334	0.072806	0.0		0.0	0.0	0.0	0.0	CpuHotPaths.exe	MaterialX_v1_39_6::InheritanceIterator::{dtor}	Traversal.h	0x1401cb204
                         std::_Tree<std::_Tset_traits<std::shared_ptr<MaterialX_v1_39_6::Element const >,std::less<std::shared_ptr<MaterialX_v1_39_6::Element const > >,std::allocator<std::shared_ptr<MaterialX_v1_39_6::Element const > >,0> >::{dtor}	0.070334	0.072806	0.0		0.013907	0.013907	0.0	0.0	CpuHotPaths.exe	std::_Tree<std::_Tset_traits<std::shared_ptr<MaterialX_v1_39_6::Element const >,std::less<std::shared_ptr<MaterialX_v1_39_6::Element const > >,std::allocator<std::shared_ptr<MaterialX_v1_39_6::Element const > >,0> >::{dtor}	xtree	0x1401cb204
                       MaterialX_v1_39_6::ShaderGraph::applyInputTransforms	0.501609	0.519237	0.0		0.014859	0.014859	0.0	0.0	CpuHotPaths.exe	MaterialX_v1_39_6::ShaderGraph::applyInputTransforms(class std::shared_ptr<class MaterialX_v1_39_6::Node const >,class MaterialX_v1_39_6::ShaderNode *,class MaterialX_v1_39_6::GenContext &)	ShaderGraph.cpp	0x14015ecd0
                        MaterialX_v1_39_6::InterfaceElement::getInputs	0.144962	0.150057	0.0		0.0	0.0	0.0	0.0	CpuHotPaths.exe	MaterialX_v1_39_6::InterfaceElement::getInputs	Interface.h	0x14015ed89
                         MaterialX_v1_39_6::Element::getChildrenOfType<class MaterialX_v1_39_6::Input>	0.144962	0.150057	0.0		0.0	0.0	0.0	0.0	CpuHotPaths.exe	MaterialX_v1_39_6::Element::getChildrenOfType<class MaterialX_v1_39_6::Input>(class std::basic_string<char,struct std::char_traits<char>,class std::allocator<char> > const &)	Element.cpp	0x1401a8de0
                          std::vector<std::shared_ptr<MaterialX_v1_39_6::Input>,std::allocator<std::shared_ptr<MaterialX_v1_39_6::Input> > >::push_back	0.076320	0.079002	0.0		0.0	0.0	0.0	0.0	CpuHotPaths.exe	std::vector<std::shared_ptr<MaterialX_v1_39_6::Input>,std::allocator<std::shared_ptr<MaterialX_v1_39_6::Input> > >::push_back	vector	0x1401a90db
                           operator new	0.076320	0.079002	0.0		0.0	0.0	0.0	0.0	CpuHotPaths.exe	operator new(unsigned __int64)	new_scalar.cpp	0x140234a68
                            malloc_base	0.076320	0.079002	0.0		0.015091	0.015091	0.0	0.0	ucrtbase.dll	malloc_base	[Unknown]	0x1800050a0
                          MaterialX_v1_39_6::Element::asA<class MaterialX_v1_39_6::Input>	0.068642	0.071054	0.0		0.0	0.0	0.0	0.0	CpuHotPaths.exe	MaterialX_v1_39_6::Element::asA<class MaterialX_v1_39_6::Input>(void)	Element.cpp	0x140191d70
                           MaterialX_v1_39_6::Element::getSelf	0.068642	0.071054	0.0		0.0	0.0	0.0	0.0	CpuHotPaths.exe	MaterialX_v1_39_6::Element::getSelf	Element.h	0x140191d87
                            std::enable_shared_from_this<MaterialX_v1_39_6::Element>::shared_from_this	0.068642	0.071054	0.0		0.013573	0.013573	0.0	0.0	CpuHotPaths.exe	std::enable_shared_from_this<MaterialX_v1_39_6::Element>::shared_from_this	memory	0x140191d87
                        MaterialX_v1_39_6::Element::getActiveColorSpace	0.138457	0.143323	0.0		0.013436	0.013436	0.0	0.0	CpuHotPaths.exe	MaterialX_v1_39_6::Element::getActiveColorSpace(void)	Element.h	0x140164260
                         MaterialX_v1_39_6::Element::getParent	0.070504	0.072982	0.0		0.0	0.0	0.0	0.0	CpuHotPaths.exe	MaterialX_v1_39_6::Element::getParent	Element.h	0x140164350
                          std::weak_ptr<MaterialX_v1_39_6::Element>::lock	0.070504	0.072982	0.0		0.013941	0.013941	0.0	0.0	CpuHotPaths.exe	std::weak_ptr<MaterialX_v1_39_6::Element>::lock	memory	0x140164357
                        std::shared_ptr<MaterialX_v1_39_6::Input>::{ctor}	0.072474	0.075022	0.0		0.014331	0.014331	0.0	0.0	CpuHotPaths.exe	std::shared_ptr<MaterialX_v1_39_6::Input>::{ctor}	memory	0x14015edc6
                        MaterialX_v1_39_6::Element::getAttribute	0.070571	0.073051	0.0		0.0	0.0	0.0	0.0	CpuHotPaths.exe	MaterialX_v1_39_6::Element::getAttribute(class std::basic_string<char,struct std::char_traits<char>,class std::allocator<char> > const &)	Element.h	0x1400b15e0
                         std::_Hash<std::_Umap_traits<std::basic_string<char,std::char_traits<char>,std::allocator<char> >,std::basic_string<char,std::char_traits<char>,std::allocator<char> >,std::_Uhash_compare<std::basic_string<char,std::char_traits<char>,std::allocator<char> >,std::hash<std::basic_string<char,std::char_traits<char>,std::allocator<char> > >,std::equal_to<std::basic_string<char,std::char_traits<char>,std::allocator<char> > > >,std::allocator<std::pair<std::basic_string<char,std::char_traits<char>,std::allocator<char> > const ,std::basic_string<char,std::char_traits<char>,std::allocator<char> > > >,0> >::find	0.070571	0.073051	0.0		0.013954	0.013954	0.0	0.0	CpuHotPaths.exe	std::_Hash<std::_Umap_traits<std::basic_string<char,std::char_traits<char>,std::allocator<char> >,std::basic_string<char,std::char_traits<char>,std::allocator<char> >,std::_Uhash_compare<std::basic_string<char,std::char_traits<char>,std::allocator<char> >,std::hash<std::basic_string<char,std::char_traits<char>,std::allocator<char> > >,std::equal_to<std::basic_string<char,std::char_traits<char>,std::allocator<char> > > >,std::allocator<std::pair<std::basic_string<char,std::char_traits<char>,std::allocator<char> > const ,std::basic_string<char,std::char_traits<char>,std::allocator<char> > > >,0> >::find	xhash	0x1400b15ea
                       MaterialX_v1_39_6::Element::getChildrenOfType<class MaterialX_v1_39_6::ValueElement>	0.283021	0.292967	0.0		0.0	0.0	0.0	0.0	CpuHotPaths.exe	MaterialX_v1_39_6::Element::getChildrenOfType<class MaterialX_v1_39_6::ValueElement>(class std::basic_string<char,struct std::char_traits<char>,class std::allocator<char> > const &)	Element.cpp	0x1401b0250
                        MaterialX_v1_39_6::Element::asA<class MaterialX_v1_39_6::Document>	0.212895	0.220377	0.0		0.0	0.0	0.0	0.0	CpuHotPaths.exe	MaterialX_v1_39_6::Element::asA<class MaterialX_v1_39_6::Document>(void)	Element.cpp	0x140190ba0
                         MaterialX_v1_39_6::Element::getSelf	0.140730	0.145676	0.0		0.0	0.0	0.0	0.0	CpuHotPaths.exe	MaterialX_v1_39_6::Element::getSelf	Element.h	0x140190bb7
                          std::enable_shared_from_this<MaterialX_v1_39_6::Element>::shared_from_this	0.140730	0.145676	0.0		0.027827	0.027827	0.0	0.0	CpuHotPaths.exe	std::enable_shared_from_this<MaterialX_v1_39_6::Element>::shared_from_this	memory	0x140190bb7
                         std::shared_ptr<MaterialX_v1_39_6::Element const >::{dtor}	0.072165	0.074701	0.0		0.014269	0.014269	0.0	0.0	CpuHotPaths.exe	std::shared_ptr<MaterialX_v1_39_6::Element const >::{dtor}	memory	0x140190c29
                        std::vector<std::shared_ptr<MaterialX_v1_39_6::ValueElement>,std::allocator<std::shared_ptr<MaterialX_v1_39_6::ValueElement> > >::push_back	0.070126	0.072591	0.0		0.0	0.0	0.0	0.0	CpuHotPaths.exe	std::vector<std::shared_ptr<MaterialX_v1_39_6::ValueElement>,std::allocator<std::shared_ptr<MaterialX_v1_39_6::ValueElement> > >::push_back	vector	0x1401b054b
                         operator new	0.070126	0.072591	0.0		0.0	0.0	0.0	0.0	CpuHotPaths.exe	operator new(unsigned __int64)	new_scalar.cpp	0x140234a68
                          malloc_base	0.070126	0.072591	0.0		0.013866	0.013866	0.0	0.0	ucrtbase.dll	malloc_base	[Unknown]	0x1800050a0
                       MaterialX_v1_39_6::GenContext::pushParentNode	0.075312	0.077959	0.0		0.0	0.0	0.0	0.0	CpuHotPaths.exe	MaterialX_v1_39_6::GenContext::pushParentNode	GenContext.h	0x140162e60
                        std::vector<std::shared_ptr<MaterialX_v1_39_6::Node const >,std::allocator<std::shared_ptr<MaterialX_v1_39_6::Node const > > >::push_back	0.075312	0.077959	0.0		0.014892	0.014892	0.0	0.0	CpuHotPaths.exe	std::vector<std::shared_ptr<MaterialX_v1_39_6::Node const >,std::allocator<std::shared_ptr<MaterialX_v1_39_6::Node const > > >::push_back	vector	0x140162e67
                       MaterialX_v1_39_6::InterfaceElement::getInput	0.074808	0.077437	0.0		0.0	0.0	0.0	0.0	CpuHotPaths.exe	MaterialX_v1_39_6::InterfaceElement::getInput	Interface.h	0x140163199
                        MaterialX_v1_39_6::Element::getChildOfType<class MaterialX_v1_39_6::Input>	0.074808	0.077437	0.0		0.0	0.0	0.0	0.0	CpuHotPaths.exe	MaterialX_v1_39_6::Element::getChildOfType<class MaterialX_v1_39_6::Input>(class std::basic_string<char,struct std::char_traits<char>,class std::allocator<char> > const &)	Element.cpp	0x14019e2d0
                         std::shared_ptr<MaterialX_v1_39_6::Element>::operator=	0.074808	0.077437	0.0		0.014792	0.014792	0.0	0.0	CpuHotPaths.exe	std::shared_ptr<MaterialX_v1_39_6::Element>::operator=	memory	0x14019e3fc
                       MaterialX_v1_39_6::Element::getNamePath	0.074774	0.077402	0.0		0.0	0.0	0.0	0.0	CpuHotPaths.exe	MaterialX_v1_39_6::Element::getNamePath(class std::shared_ptr<class MaterialX_v1_39_6::Element const >)	Element.cpp	0x1401c2e80
                        std::basic_string<char,std::char_traits<char>,std::allocator<char> >::{ctor}	0.074774	0.077402	0.0		0.0	0.0	0.0	0.0	CpuHotPaths.exe	std::basic_string<char,std::char_traits<char>,std::allocator<char> >::{ctor}	xstring	0x1401c3027
                         operator new	0.074774	0.077402	0.0		0.0	0.0	0.0	0.0	CpuHotPaths.exe	operator new(unsigned __int64)	new_scalar.cpp	0x140234a68
                          malloc_base	0.074774	0.077402	0.0		0.014785	0.014785	0.0	0.0	ucrtbase.dll	malloc_base	[Unknown]	0x1800050a0
                       std::basic_string<char,std::char_traits<char>,std::allocator<char> >::{dtor}	0.074675	0.077300	0.0		0.014766	0.014766	0.0	0.0	CpuHotPaths.exe	std::basic_string<char,std::char_traits<char>,std::allocator<char> >::{dtor}	xstring	0x140162f4c
                       MaterialX_v1_39_6::PortElement::getNodeName	0.073971	0.076570	0.0		0.0	0.0	0.0	0.0	CpuHotPaths.exe	MaterialX_v1_39_6::PortElement::getNodeName	Interface.h	0x1401631b0
                        MaterialX_v1_39_6::Element::getAttribute	0.073971	0.076570	0.0		0.0	0.0	0.0	0.0	CpuHotPaths.exe	MaterialX_v1_39_6::Element::getAttribute(class std::basic_string<char,struct std::char_traits<char>,class std::allocator<char> > const &)	Element.h	0x1400b15e0
                         std::_Hash<std::_Umap_traits<std::basic_string<char,std::char_traits<char>,std::allocator<char> >,std::basic_string<char,std::char_traits<char>,std::allocator<char> >,std::_Uhash_compare<std::basic_string<char,std::char_traits<char>,std::allocator<char> >,std::hash<std::basic_string<char,std::char_traits<char>,std::allocator<char> > >,std::equal_to<std::basic_string<char,std::char_traits<char>,std::allocator<char> > > >,std::allocator<std::pair<std::basic_string<char,std::char_traits<char>,std::allocator<char> > const ,std::basic_string<char,std::char_traits<char>,std::allocator<char> > > >,0> >::find	0.073971	0.076570	0.0		0.014627	0.014627	0.0	0.0	CpuHotPaths.exe	std::_Hash<std::_Umap_traits<std::basic_string<char,std::char_traits<char>,std::allocator<char> >,std::basic_string<char,std::char_traits<char>,std::allocator<char> >,std::_Uhash_compare<std::basic_string<char,std::char_traits<char>,std::allocator<char> >,std::hash<std::basic_string<char,std::char_traits<char>,std::allocator<char> > >,std::equal_to<std::basic_string<char,std::char_traits<char>,std::allocator<char> > > >,std::allocator<std::pair<std::basic_string<char,std::char_traits<char>,std::allocator<char> > const ,std::basic_string<char,std::char_traits<char>,std::allocator<char> > > >,0> >::find	xhash	0x1400b15ea
                       MaterialX_v1_39_6::ShaderInput::makeConnection	0.073006	0.075572	0.0		0.0	0.0	0.0	0.0	CpuHotPaths.exe	MaterialX_v1_39_6::ShaderInput::makeConnection(class MaterialX_v1_39_6::ShaderOutput *)	ShaderNode.cpp	0x140144c30
                        std::vector<MaterialX_v1_39_6::ShaderInput *,std::allocator<MaterialX_v1_39_6::ShaderInput *> >::push_back	0.073006	0.075572	0.0		0.014436	0.014436	0.0	0.0	CpuHotPaths.exe	std::vector<MaterialX_v1_39_6::ShaderInput *,std::allocator<MaterialX_v1_39_6::ShaderInput *> >::push_back	vector	0x140144c94
                       std::shared_ptr<MaterialX_v1_39_6::Node const >::{ctor}	0.071957	0.074486	0.0		0.014228	0.014228	0.0	0.0	CpuHotPaths.exe	std::shared_ptr<MaterialX_v1_39_6::Node const >::{ctor}	memory	0x14016327d
                      MaterialX_v1_39_6::Element::getNamePath	0.500041	0.517615	0.0		0.0	0.0	0.0	0.0	CpuHotPaths.exe	MaterialX_v1_39_6::Element::getNamePath(class std::shared_ptr<class MaterialX_v1_39_6::Element const >)	Element.cpp	0x1401c2e80
                       std::operator+	0.142840	0.147860	0.0		0.0	0.0	0.0	0.0	CpuHotPaths.exe	std::operator+	xstring	0x1401c3117
                        operator new	0.142840	0.147860	0.0		0.0	0.0	0.0	0.0	CpuHotPaths.exe	operator new(unsigned __int64)	new_scalar.cpp	0x140234a68
                         malloc_base	0.142840	0.147860	0.0		0.028244	0.028244	0.0	0.0	ucrtbase.dll	malloc_base	[Unknown]	0x1800050a0
                       std::operator+	0.072806	0.075365	0.0		0.0	0.0	0.0	0.0	CpuHotPaths.exe	std::operator+	xstring	0x1401c3177
                        operator new	0.072806	0.075365	0.0		0.0	0.0	0.0	0.0	CpuHotPaths.exe	operator new(unsigned __int64)	new_scalar.cpp	0x140234a68
                         malloc_base	0.072806	0.075365	0.0		0.014396	0.014396	0.0	0.0	ucrtbase.dll	malloc_base	[Unknown]	0x1800050a0
                       std::shared_ptr<MaterialX_v1_39_6::Element const >::operator=	0.071902	0.074429	0.0		0.014217	0.014217	0.0	0.0	CpuHotPaths.exe	std::shared_ptr<MaterialX_v1_39_6::Element const >::operator=	memory	0x1401c3312
                       MaterialX_v1_39_6::Element::getSelf	0.071863	0.074389	0.0		0.0	0.0	0.0	0.0	CpuHotPaths.exe	MaterialX_v1_39_6::Element::getSelf	Element.h	0x1401c2f8a
                        std::enable_shared_from_this<MaterialX_v1_39_6::Element>::shared_from_this	0.071863	0.074389	0.0		0.014210	0.014210	0.0	0.0	CpuHotPaths.exe	std::enable_shared_from_this<MaterialX_v1_39_6::Element>::shared_from_this	memory	0x1401c2f8a
                       std::basic_string<char,std::char_traits<char>,std::allocator<char> >::{dtor}	0.070642	0.073125	0.0		0.013968	0.013968	0.0	0.0	CpuHotPaths.exe	std::basic_string<char,std::char_traits<char>,std::allocator<char> >::{dtor}	xstring	0x1401c3200
                       std::basic_string<char,std::char_traits<char>,std::allocator<char> >::operator=	0.069988	0.072447	0.0		0.013839	0.013839	0.0	0.0	CpuHotPaths.exe	std::basic_string<char,std::char_traits<char>,std::allocator<char> >::operator=	xstring	0x1401c31c9
                      MaterialX_v1_39_6::Input::getConnectedNode	0.437013	0.452372	0.0		0.0	0.0	0.0	0.0	CpuHotPaths.exe	MaterialX_v1_39_6::Input::getConnectedNode(void)	Interface.cpp	0x1401cd320
                       MaterialX_v1_39_6::PortElement::getConnectedNode	0.217250	0.224885	0.0		0.0	0.0	0.0	0.0	CpuHotPaths.exe	MaterialX_v1_39_6::PortElement::getConnectedNode	Interface.cpp	0x1401cd5fe
                        MaterialX_v1_39_6::Element::getAncestorOfType<class MaterialX_v1_39_6::GraphElement>	0.217250	0.224885	0.0		0.0	0.0	0.0	0.0	CpuHotPaths.exe	MaterialX_v1_39_6::Element::getAncestorOfType<class MaterialX_v1_39_6::GraphElement>(void)	Element.h	0x14019af80
                         MaterialX_v1_39_6::Element::asA<class MaterialX_v1_39_6::GraphElement>	0.141651	0.146630	0.0		0.0	0.0	0.0	0.0	CpuHotPaths.exe	MaterialX_v1_39_6::Element::asA<class MaterialX_v1_39_6::GraphElement>(void)	Element.cpp	0x140191a40
                          MaterialX_v1_39_6::Element::getSelf	0.141651	0.146630	0.0		0.0	0.0	0.0	0.0	CpuHotPaths.exe	MaterialX_v1_39_6::Element::getSelf	Element.h	0x140191a57
                           std::enable_shared_from_this<MaterialX_v1_39_6::Element>::shared_from_this	0.141651	0.146630	0.0		0.028009	0.028009	0.0	0.0	CpuHotPaths.exe	std::enable_shared_from_this<MaterialX_v1_39_6::Element>::shared_from_this	memory	0x140191a57
                         std::shared_ptr<MaterialX_v1_39_6::Element const >::operator=	0.075599	0.078255	0.0		0.014948	0.014948	0.0	0.0	CpuHotPaths.exe	std::shared_ptr<MaterialX_v1_39_6::Element const >::operator=	memory	0x14019b093
                       MaterialX_v1_39_6::Element::isA<class MaterialX_v1_39_6::NodeGraph>	0.074923	0.077557	0.0		0.0	0.0	0.0	0.0	CpuHotPaths.exe	MaterialX_v1_39_6::Element::isA<class MaterialX_v1_39_6::NodeGraph>(class std::basic_string<char,struct std::char_traits<char>,class std::allocator<char> > const &)	Element.h	0x14016d480
                        MaterialX_v1_39_6::Element::asA<class MaterialX_v1_39_6::NodeGraph>	0.074923	0.077557	0.0		0.014815	0.014815	0.0	0.0	CpuHotPaths.exe	MaterialX_v1_39_6::Element::asA<class MaterialX_v1_39_6::NodeGraph>(void)	Element.cpp	0x1401931a0
                       MaterialX_v1_39_6::Input::getInterfaceInput	0.073229	0.075803	0.0		0.0	0.0	0.0	0.0	CpuHotPaths.exe	MaterialX_v1_39_6::Input::getInterfaceInput	Interface.cpp	0x1401cd351
                        MaterialX_v1_39_6::InterfaceElement::getInput	0.073229	0.075803	0.0		0.0	0.0	0.0	0.0	CpuHotPaths.exe	MaterialX_v1_39_6::InterfaceElement::getInput	Interface.h	0x1401cd387
                         MaterialX_v1_39_6::Element::getChildOfType<class MaterialX_v1_39_6::Input>	0.073229	0.075803	0.0		0.0	0.0	0.0	0.0	CpuHotPaths.exe	MaterialX_v1_39_6::Element::getChildOfType<class MaterialX_v1_39_6::Input>(class std::basic_string<char,struct std::char_traits<char>,class std::allocator<char> > const &)	Element.cpp	0x14019e2d0
                          MaterialX_v1_39_6::Element::asA<class MaterialX_v1_39_6::Document>	0.073229	0.075803	0.0		0.0	0.0	0.0	0.0	CpuHotPaths.exe	MaterialX_v1_39_6::Element::asA<class MaterialX_v1_39_6::Document>(void)	Element.cpp	0x140190ba0
                           std::dynamic_pointer_cast	0.073229	0.075803	0.0		0.014480	0.014480	0.0	0.0	CpuHotPaths.exe	std::dynamic_pointer_cast	memory	0x140190be8
                       MaterialX_v1_39_6::PortElement::getConnectedOutput	0.071610	0.074127	0.0		0.0	0.0	0.0	0.0	CpuHotPaths.exe	MaterialX_v1_39_6::PortElement::getConnectedOutput(void)	Interface.cpp	0x1401cda80
                        MaterialX_v1_39_6::Element::getDocument	0.071610	0.074127	0.0		0.0	0.0	0.0	0.0	CpuHotPaths.exe	MaterialX_v1_39_6::Element::getDocument(void)	Element.cpp	0x1401c2d00
                         MaterialX_v1_39_6::Element::asA<class MaterialX_v1_39_6::Document>	0.071610	0.074127	0.0		0.0	0.0	0.0	0.0	CpuHotPaths.exe	MaterialX_v1_39_6::Element::asA<class MaterialX_v1_39_6::Document>(void)	Element.cpp	0x140190ba0
                          MaterialX_v1_39_6::Element::getSelf	0.071610	0.074127	0.0		0.0	0.0	0.0	0.0	CpuHotPaths.exe	MaterialX_v1_39_6::Element::getSelf	Element.h	0x140190bb7
                           std::enable_shared_from_this<MaterialX_v1_39_6::Element>::shared_from_this	0.071610	0.074127	0.0		0.014160	0.014160	0.0	0.0	CpuHotPaths.exe	std::enable_shared_from_this<MaterialX_v1_39_6::Element>::shared_from_this	memory	0x140190bb7
                      MaterialX_v1_39_6::Node::getNodeDefOutput	0.356022	0.368534	0.0		0.0	0.0	0.0	0.0	CpuHotPaths.exe	MaterialX_v1_39_6::Node::getNodeDefOutput(class std::shared_ptr<class MaterialX_v1_39_6::Element>)	Node.cpp	0x1401e63a0
                       MaterialX_v1_39_6::PortElement::getConnectedOutput	0.284695	0.294700	0.0		0.0	0.0	0.0	0.0	CpuHotPaths.exe	MaterialX_v1_39_6::PortElement::getConnectedOutput(void)	Interface.cpp	0x1401cda80
                        MaterialX_v1_39_6::Element::resolveNameReference<class MaterialX_v1_39_6::Node>	0.144317	0.149389	0.0		0.0	0.0	0.0	0.0	CpuHotPaths.exe	MaterialX_v1_39_6::Element::resolveNameReference<class MaterialX_v1_39_6::Node>(class std::basic_string<char,struct std::char_traits<char>,class std::allocator<char> > const &,class std::shared_ptr<class MaterialX_v1_39_6::Element const >)	Element.h	0x1401c9ea0
                         MaterialX_v1_39_6::Element::getChildOfType<class MaterialX_v1_39_6::Node>	0.072857	0.075417	0.0		0.0	0.0	0.0	0.0	CpuHotPaths.exe	MaterialX_v1_39_6::Element::getChildOfType<class MaterialX_v1_39_6::Node>(class std::basic_string<char,struct std::char_traits<char>,class std::allocator<char> > const &)	Element.cpp	0x14019fd10
                          MaterialX_v1_39_6::Element::asA<class MaterialX_v1_39_6::Document>	0.072857	0.075417	0.0		0.0	0.0	0.0	0.0	CpuHotPaths.exe	MaterialX_v1_39_6::Element::asA<class MaterialX_v1_39_6::Document>(void)	Element.cpp	0x140190ba0
                           std::dynamic_pointer_cast	0.072857	0.075417	0.0		0.014406	0.014406	0.0	0.0	CpuHotPaths.exe	std::dynamic_pointer_cast	memory	0x140190be8
                         std::shared_ptr<MaterialX_v1_39_6::Element const >::{dtor}	0.071460	0.073971	0.0		0.014130	0.014130	0.0	0.0	CpuHotPaths.exe	std::shared_ptr<MaterialX_v1_39_6::Element const >::{dtor}	memory	0x1401ca142
                        MaterialX_v1_39_6::InterfaceElement::getOutputs	0.071448	0.073959	0.0		0.0	0.0	0.0	0.0	CpuHotPaths.exe	MaterialX_v1_39_6::InterfaceElement::getOutputs	Interface.h	0x1401cdfaa
                         MaterialX_v1_39_6::Element::getChildrenOfType<class MaterialX_v1_39_6::Output>	0.071448	0.073959	0.0		0.0	0.0	0.0	0.0	CpuHotPaths.exe	MaterialX_v1_39_6::Element::getChildrenOfType<class MaterialX_v1_39_6::Output>(class std::basic_string<char,struct std::char_traits<char>,class std::allocator<char> > const &)	Element.cpp	0x1401ac080
                          MaterialX_v1_39_6::Element::asA<class MaterialX_v1_39_6::Output>	0.071448	0.073959	0.0		0.0	0.0	0.0	0.0	CpuHotPaths.exe	MaterialX_v1_39_6::Element::asA<class MaterialX_v1_39_6::Output>(void)	Element.cpp	0x1401932b0
                           std::dynamic_pointer_cast	0.071448	0.073959	0.0		0.014128	0.014128	0.0	0.0	CpuHotPaths.exe	std::dynamic_pointer_cast	memory	0x1401932f8
                        MaterialX_v1_39_6::Element::getParent	0.068929	0.071352	0.0		0.0	0.0	0.0	0.0	CpuHotPaths.exe	MaterialX_v1_39_6::Element::getParent	Element.h	0x1401cdac3
                         std::weak_ptr<MaterialX_v1_39_6::Element>::lock	0.068929	0.071352	0.0		0.013630	0.013630	0.0	0.0	CpuHotPaths.exe	std::weak_ptr<MaterialX_v1_39_6::Element>::lock	memory	0x1401cdac3
                       std::basic_string<char,std::char_traits<char>,std::allocator<char> >::operator=	0.071328	0.073834	0.0		0.014104	0.014104	0.0	0.0	CpuHotPaths.exe	std::basic_string<char,std::char_traits<char>,std::allocator<char> >::operator=	xstring	0x1401e6423
                      MaterialX_v1_39_6::InterfaceElement::getActiveInputs	0.290737	0.300955	0.0		0.0	0.0	0.0	0.0	CpuHotPaths.exe	MaterialX_v1_39_6::InterfaceElement::getActiveInputs(void)	Interface.cpp	0x1401cae40
                       MaterialX_v1_39_6::InheritanceIterator::InheritanceIterator	0.074002	0.076602	0.0		0.0	0.0	0.0	0.0	CpuHotPaths.exe	MaterialX_v1_39_6::InheritanceIterator::InheritanceIterator(class MaterialX_v1_39_6::InheritanceIterator const &)	[Unknown]	0x1401b6b80
                        std::set<std::shared_ptr<MaterialX_v1_39_6::Element const >,std::less<std::shared_ptr<MaterialX_v1_39_6::Element const > >,std::allocator<std::shared_ptr<MaterialX_v1_39_6::Element const > > >::{ctor}	0.074002	0.076602	0.0		0.0	0.0	0.0	0.0	CpuHotPaths.exe	std::set<std::shared_ptr<MaterialX_v1_39_6::Element const >,std::less<std::shared_ptr<MaterialX_v1_39_6::Element const > >,std::allocator<std::shared_ptr<MaterialX_v1_39_6::Element const > > >::{ctor}	set	0x1401b6bc2
                         operator new	0.074002	0.076602	0.0		0.0	0.0	0.0	0.0	CpuHotPaths.exe	operator new(unsigned __int64)	new_scalar.cpp	0x140234a68
                          malloc_base	0.074002	0.076602	0.0		0.014633	0.014633	0.0	0.0	ucrtbase.dll	malloc_base	[Unknown]	0x1800050a0
                       MaterialX_v1_39_6::InheritanceIterator::{dtor}	0.072726	0.075282	0.0		0.0	0.0	0.0	0.0	CpuHotPaths.exe	MaterialX_v1_39_6::InheritanceIterator::{dtor}	Traversal.h	0x1401cb25a
                        std::_Tree<std::_Tset_traits<std::shared_ptr<MaterialX_v1_39_6::Element const >,std::less<std::shared_ptr<MaterialX_v1_39_6::Element const > >,std::allocator<std::shared_ptr<MaterialX_v1_39_6::Element const > >,0> >::{dtor}	0.072726	0.075282	0.0		0.014380	0.014380	0.0	0.0	CpuHotPaths.exe	std::_Tree<std::_Tset_traits<std::shared_ptr<MaterialX_v1_39_6::Element const >,std::less<std::shared_ptr<MaterialX_v1_39_6::Element const > >,std::allocator<std::shared_ptr<MaterialX_v1_39_6::Element const > >,0> >::{dtor}	xtree	0x1401cb25a
                       MaterialX_v1_39_6::Element::traverseInheritance	0.072396	0.074940	0.0		0.0	0.0	0.0	0.0	CpuHotPaths.exe	MaterialX_v1_39_6::Element::traverseInheritance(void)	Element.cpp	0x1401c8ff0
                        MaterialX_v1_39_6::InheritanceIterator::InheritanceIterator	0.072396	0.074940	0.0		0.0	0.0	0.0	0.0	CpuHotPaths.exe	MaterialX_v1_39_6::InheritanceIterator::InheritanceIterator(class std::shared_ptr<class MaterialX_v1_39_6::Element const >)	Traversal.h	0x1401b6cd0
                         std::set<std::shared_ptr<MaterialX_v1_39_6::Element const >,std::less<std::shared_ptr<MaterialX_v1_39_6::Element const > >,std::allocator<std::shared_ptr<MaterialX_v1_39_6::Element const > > >::{ctor}	0.072396	0.074940	0.0		0.0	0.0	0.0	0.0	CpuHotPaths.exe	std::set<std::shared_ptr<MaterialX_v1_39_6::Element const >,std::less<std::shared_ptr<MaterialX_v1_39_6::Element const > >,std::allocator<std::shared_ptr<MaterialX_v1_39_6::Element const > > >::{ctor}	set	0x1401b6d1b
                          operator new	0.072396	0.074940	0.0		0.0	0.0	0.0	0.0	CpuHotPaths.exe	operator new(unsigned __int64)	new_scalar.cpp	0x140234a68
                           malloc_base	0.072396	0.074940	0.0		0.014315	0.014315	0.0	0.0	ucrtbase.dll	malloc_base	[Unknown]	0x1800050a0
                       std::vector<std::shared_ptr<MaterialX_v1_39_6::Input>,std::allocator<std::shared_ptr<MaterialX_v1_39_6::Input> > >::push_back	0.071613	0.074130	0.0		0.0	0.0	0.0	0.0	CpuHotPaths.exe	std::vector<std::shared_ptr<MaterialX_v1_39_6::Input>,std::allocator<std::shared_ptr<MaterialX_v1_39_6::Input> > >::push_back	vector	0x1401cb0e2
                        operator new	0.071613	0.074130	0.0		0.0	0.0	0.0	0.0	CpuHotPaths.exe	operator new(unsigned __int64)	new_scalar.cpp	0x140234a68
                         malloc_base	0.071613	0.074130	0.0		0.014160	0.014160	0.0	0.0	ucrtbase.dll	malloc_base	[Unknown]	0x1800050a0
                      MaterialX_v1_39_6::ShaderGraph::getNode	0.217720	0.225371	0.0		0.014514	0.014514	0.0	0.0	CpuHotPaths.exe	MaterialX_v1_39_6::ShaderGraph::getNode(class std::basic_string<char,struct std::char_traits<char>,class std::allocator<char> > const &)	ShaderGraph.cpp	0x1401644f0
                       std::_Hash<std::_Umap_traits<std::basic_string<char,std::char_traits<char>,std::allocator<char> >,std::shared_ptr<MaterialX_v1_39_6::ShaderNode>,std::_Uhash_compare<std::basic_string<char,std::char_traits<char>,std::allocator<char> >,std::hash<std::basic_string<char,std::char_traits<char>,std::allocator<char> > >,std::equal_to<std::basic_string<char,std::char_traits<char>,std::allocator<char> > > >,std::allocator<std::pair<std::basic_string<char,std::char_traits<char>,std::allocator<char> > const ,std::shared_ptr<MaterialX_v1_39_6::ShaderNode> > >,0> >::find	0.144318	0.149390	0.0		0.028537	0.028537	0.0	0.0	CpuHotPaths.exe	std::_Hash<std::_Umap_traits<std::basic_string<char,std::char_traits<char>,std::allocator<char> >,std::shared_ptr<MaterialX_v1_39_6::ShaderNode>,std::_Uhash_compare<std::basic_string<char,std::char_traits<char>,std::allocator<char> >,std::hash<std::basic_string<char,std::char_traits<char>,std::allocator<char> > >,std::equal_to<std::basic_string<char,std::char_traits<char>,std::allocator<char> > > >,std::allocator<std::pair<std::basic_string<char,std::char_traits<char>,std::allocator<char> > const ,std::shared_ptr<MaterialX_v1_39_6::ShaderNode> > >,0> >::find	xhash	0x1401644fa
                      MaterialX_v1_39_6::Input::getInterfaceInput	0.072069	0.074602	0.0		0.0	0.0	0.0	0.0	CpuHotPaths.exe	MaterialX_v1_39_6::Input::getInterfaceInput(void)	Interface.cpp	0x1401ce7d0
                       MaterialX_v1_39_6::ValueElement::hasInterfaceName	0.072069	0.074602	0.0		0.0	0.0	0.0	0.0	CpuHotPaths.exe	MaterialX_v1_39_6::ValueElement::hasInterfaceName(void)	Element.h	0x1401cf3f0
                        MaterialX_v1_39_6::Element::hasAttribute	0.072069	0.074602	0.0		0.0	0.0	0.0	0.0	CpuHotPaths.exe	MaterialX_v1_39_6::Element::hasAttribute	Element.h	0x1401cf3f4
                         std::_Hash<std::_Umap_traits<std::basic_string<char,std::char_traits<char>,std::allocator<char> >,std::basic_string<char,std::char_traits<char>,std::allocator<char> >,std::_Uhash_compare<std::basic_string<char,std::char_traits<char>,std::allocator<char> >,std::hash<std::basic_string<char,std::char_traits<char>,std::allocator<char> > >,std::equal_to<std::basic_string<char,std::char_traits<char>,std::allocator<char> > > >,std::allocator<std::pair<std::basic_string<char,std::char_traits<char>,std::allocator<char> > const ,std::basic_string<char,std::char_traits<char>,std::allocator<char> > > >,0> >::count	0.072069	0.074602	0.0		0.014250	0.014250	0.0	0.0	CpuHotPaths.exe	std::_Hash<std::_Umap_traits<std::basic_string<char,std::char_traits<char>,std::allocator<char> >,std::basic_string<char,std::char_traits<char>,std::allocator<char> >,std::_Uhash_compare<std::basic_string<char,std::char_traits<char>,std::allocator<char> >,std::hash<std::basic_string<char,std::char_traits<char>,std::allocator<char> > >,std::equal_to<std::basic_string<char,std::char_traits<char>,std::allocator<char> > > >,std::allocator<std::pair<std::basic_string<char,std::char_traits<char>,std::allocator<char> > const ,std::basic_string<char,std::char_traits<char>,std::allocator<char> > > >,0> >::count	xhash	0x1401cf3f4
                     MaterialX_v1_39_6::GraphIterator::operator++	3.183010	3.294874	0.0		0.029792	0.029792	0.0	0.0	CpuHotPaths.exe	MaterialX_v1_39_6::GraphIterator::operator++(void)	Traversal.cpp	0x1402043a0
                      MaterialX_v1_39_6::Node::getUpstreamEdge	2.669369	2.763181	0.0		0.013892	0.013892	0.0	0.0	CpuHotPaths.exe	MaterialX_v1_39_6::Node::getUpstreamEdge(unsigned __int64)	Node.cpp	0x1401e6ae0
                       MaterialX_v1_39_6::Input::getConnectedNode	2.025265	2.096441	0.0		0.028747	0.028747	0.0	0.0	CpuHotPaths.exe	MaterialX_v1_39_6::Input::getConnectedNode(void)	Interface.cpp	0x1401cd320
                        MaterialX_v1_39_6::PortElement::getConnectedOutput	1.369489	1.417619	0.0		0.015010	0.015010	0.0	0.0	CpuHotPaths.exe	MaterialX_v1_39_6::PortElement::getConnectedOutput(void)	Interface.cpp	0x1401cda80
                         MaterialX_v1_39_6::Element::resolveNameReference<class MaterialX_v1_39_6::Node>	0.646381	0.669097	0.0		0.0	0.0	0.0	0.0	CpuHotPaths.exe	MaterialX_v1_39_6::Element::resolveNameReference<class MaterialX_v1_39_6::Node>(class std::basic_string<char,struct std::char_traits<char>,class std::allocator<char> > const &,class std::shared_ptr<class MaterialX_v1_39_6::Element const >)	Element.h	0x1401c9ea0
                          MaterialX_v1_39_6::Element::getChildOfType<class MaterialX_v1_39_6::Node>	0.289891	0.300079	0.0		0.0	0.0	0.0	0.0	CpuHotPaths.exe	MaterialX_v1_39_6::Element::getChildOfType<class MaterialX_v1_39_6::Node>(class std::basic_string<char,struct std::char_traits<char>,class std::allocator<char> > const &)	Element.cpp	0x14019fd10
                           MaterialX_v1_39_6::Element::getChild	0.146054	0.151187	0.0		0.0	0.0	0.0	0.0	CpuHotPaths.exe	MaterialX_v1_39_6::Element::getChild(class std::basic_string<char,struct std::char_traits<char>,class std::allocator<char> > const &)	Element.cpp	0x1401c2250
                            std::_Hash<std::_Umap_traits<std::basic_string<char,std::char_traits<char>,std::allocator<char> >,std::shared_ptr<MaterialX_v1_39_6::Element>,std::_Uhash_compare<std::basic_string<char,std::char_traits<char>,std::allocator<char> >,std::hash<std::basic_string<char,std::char_traits<char>,std::allocator<char> > >,std::equal_to<std::basic_string<char,std::char_traits<char>,std::allocator<char> > > >,std::allocator<std::pair<std::basic_string<char,std::char_traits<char>,std::allocator<char> > const ,std::shared_ptr<MaterialX_v1_39_6::Element> > >,0> >::find	0.075880	0.078546	0.0		0.015004	0.015004	0.0	0.0	CpuHotPaths.exe	std::_Hash<std::_Umap_traits<std::basic_string<char,std::char_traits<char>,std::allocator<char> >,std::shared_ptr<MaterialX_v1_39_6::Element>,std::_Uhash_compare<std::basic_string<char,std::char_traits<char>,std::allocator<char> >,std::hash<std::basic_string<char,std::char_traits<char>,std::allocator<char> > >,std::equal_to<std::basic_string<char,std::char_traits<char>,std::allocator<char> > > >,std::allocator<std::pair<std::basic_string<char,std::char_traits<char>,std::allocator<char> > const ,std::shared_ptr<MaterialX_v1_39_6::Element> > >,0> >::find	xhash	0x1401c2276
                            std::shared_ptr<MaterialX_v1_39_6::Element>::{ctor}	0.070174	0.072640	0.0		0.013876	0.013876	0.0	0.0	CpuHotPaths.exe	std::shared_ptr<MaterialX_v1_39_6::Element>::{ctor}	memory	0x1401c22de
                           MaterialX_v1_39_6::Element::asA<class MaterialX_v1_39_6::Document>	0.074385	0.076999	0.0		0.0	0.0	0.0	0.0	CpuHotPaths.exe	MaterialX_v1_39_6::Element::asA<class MaterialX_v1_39_6::Document>(void)	Element.cpp	0x140190ba0
                            std::dynamic_pointer_cast	0.074385	0.076999	0.0		0.014708	0.014708	0.0	0.0	CpuHotPaths.exe	std::dynamic_pointer_cast	memory	0x140190be8
                           MaterialX_v1_39_6::Element::asA<class MaterialX_v1_39_6::Node>	0.069453	0.071893	0.0		0.013733	0.013733	0.0	0.0	CpuHotPaths.exe	MaterialX_v1_39_6::Element::asA<class MaterialX_v1_39_6::Node>(void)	Element.cpp	0x140192c50
                          std::basic_string<char,std::char_traits<char>,std::allocator<char> >::{dtor}	0.073103	0.075672	0.0		0.0	0.0	0.0	0.0	CpuHotPaths.exe	std::basic_string<char,std::char_traits<char>,std::allocator<char> >::{dtor}	xstring	0x1401c9fee
                           [Import thunk free]	0.073103	0.075672	0.0		0.014455	0.014455	0.0	0.0	CpuHotPaths.exe	[Import thunk free]	[Unknown]	0x1402366a0
                          std::shared_ptr<MaterialX_v1_39_6::Element const >::{dtor}	0.072017	0.074548	0.0		0.014240	0.014240	0.0	0.0	CpuHotPaths.exe	std::shared_ptr<MaterialX_v1_39_6::Element const >::{dtor}	memory	0x1401ca17a
                          MaterialX_v1_39_6::Element::getQualifiedName	0.071845	0.074370	0.0		0.0	0.0	0.0	0.0	CpuHotPaths.exe	MaterialX_v1_39_6::Element::getQualifiedName(class std::basic_string<char,struct std::char_traits<char>,class std::allocator<char> > const &)	Element.h	0x1401c35b0
                           std::shared_ptr<MaterialX_v1_39_6::Element const >::operator=	0.071845	0.074370	0.0		0.014206	0.014206	0.0	0.0	CpuHotPaths.exe	std::shared_ptr<MaterialX_v1_39_6::Element const >::operator=	memory	0x1401c36b4
                          std::shared_ptr<MaterialX_v1_39_6::Element const >::{dtor}	0.070791	0.073279	0.0		0.013998	0.013998	0.0	0.0	CpuHotPaths.exe	std::shared_ptr<MaterialX_v1_39_6::Element const >::{dtor}	memory	0x1401ca142
                          std::shared_ptr<MaterialX_v1_39_6::Node>::{dtor}	0.068733	0.071149	0.0		0.013591	0.013591	0.0	0.0	CpuHotPaths.exe	std::shared_ptr<MaterialX_v1_39_6::Node>::{dtor}	memory	0x1401ca10f
                         MaterialX_v1_39_6::Element::getDocument	0.287604	0.297712	0.0		0.0	0.0	0.0	0.0	CpuHotPaths.exe	MaterialX_v1_39_6::Element::getDocument(void)	Element.cpp	0x1401c2d00
                          MaterialX_v1_39_6::Element::asA<class MaterialX_v1_39_6::Document>	0.142216	0.147214	0.0		0.0	0.0	0.0	0.0	CpuHotPaths.exe	MaterialX_v1_39_6::Element::asA<class MaterialX_v1_39_6::Document>(void)	Element.cpp	0x140190ba0
                           std::dynamic_pointer_cast	0.072042	0.074573	0.0		0.014245	0.014245	0.0	0.0	CpuHotPaths.exe	std::dynamic_pointer_cast	memory	0x140190be8
                           MaterialX_v1_39_6::Element::getSelf	0.070175	0.072641	0.0		0.0	0.0	0.0	0.0	CpuHotPaths.exe	MaterialX_v1_39_6::Element::getSelf	Element.h	0x140190bb7
                            std::enable_shared_from_this<MaterialX_v1_39_6::Element>::shared_from_this	0.070175	0.072641	0.0		0.013876	0.013876	0.0	0.0	CpuHotPaths.exe	std::enable_shared_from_this<MaterialX_v1_39_6::Element>::shared_from_this	memory	0x140190bb7
                          MaterialX_v1_39_6::Element::getRoot	0.072723	0.075279	0.0		0.014380	0.014380	0.0	0.0	CpuHotPaths.exe	MaterialX_v1_39_6::Element::getRoot(void)	Element.cpp	0x1401c4250
                          std::shared_ptr<MaterialX_v1_39_6::Element const >::{dtor}	0.072665	0.075219	0.0		0.014368	0.014368	0.0	0.0	CpuHotPaths.exe	std::shared_ptr<MaterialX_v1_39_6::Element const >::{dtor}	memory	0x1401c2d29
                         MaterialX_v1_39_6::InterfaceElement::getOutputs	0.215225	0.222789	0.0		0.0	0.0	0.0	0.0	CpuHotPaths.exe	MaterialX_v1_39_6::InterfaceElement::getOutputs	Interface.h	0x1401cdfaa
                          MaterialX_v1_39_6::Element::getChildrenOfType<class MaterialX_v1_39_6::Output>	0.215225	0.222789	0.0		0.013992	0.013992	0.0	0.0	CpuHotPaths.exe	MaterialX_v1_39_6::Element::getChildrenOfType<class MaterialX_v1_39_6::Output>(class std::basic_string<char,struct std::char_traits<char>,class std::allocator<char> > const &)	Element.cpp	0x1401ac080
                           MaterialX_v1_39_6::Element::asA<class MaterialX_v1_39_6::Output>	0.073156	0.075727	0.0		0.0	0.0	0.0	0.0	CpuHotPaths.exe	MaterialX_v1_39_6::Element::asA<class MaterialX_v1_39_6::Output>(void)	Element.cpp	0x1401932b0
                            MaterialX_v1_39_6::Element::getSelf	0.073156	0.075727	0.0		0.0	0.0	0.0	0.0	CpuHotPaths.exe	MaterialX_v1_39_6::Element::getSelf	Element.h	0x1401932c7
                             std::enable_shared_from_this<MaterialX_v1_39_6::Element>::shared_from_this	0.073156	0.075727	0.0		0.014465	0.014465	0.0	0.0	CpuHotPaths.exe	std::enable_shared_from_this<MaterialX_v1_39_6::Element>::shared_from_this	memory	0x1401932c7
                           std::shared_ptr<MaterialX_v1_39_6::Element>::{ctor}	0.071304	0.073810	0.0		0.014099	0.014099	0.0	0.0	CpuHotPaths.exe	std::shared_ptr<MaterialX_v1_39_6::Element>::{ctor}	memory	0x1401ac295
                         MaterialX_v1_39_6::PortElement::hasNodeName	0.072563	0.075113	0.0		0.014348	0.014348	0.0	0.0	CpuHotPaths.exe	MaterialX_v1_39_6::PortElement::hasNodeName(void)	Interface.h	0x1401cf550
                         MaterialX_v1_39_6::InterfaceElement::getOutput	0.071807	0.074331	0.0		0.0	0.0	0.0	0.0	CpuHotPaths.exe	MaterialX_v1_39_6::InterfaceElement::getOutput	Interface.h	0x1401ce13f
                          MaterialX_v1_39_6::Element::getChildOfType<class MaterialX_v1_39_6::Output>	0.071807	0.074331	0.0		0.0	0.0	0.0	0.0	CpuHotPaths.exe	MaterialX_v1_39_6::Element::getChildOfType<class MaterialX_v1_39_6::Output>(class std::basic_string<char,struct std::char_traits<char>,class std::allocator<char> > const &)	Element.cpp	0x1401a0850
                           MaterialX_v1_39_6::Element::asA<class MaterialX_v1_39_6::Document>	0.071807	0.074331	0.0		0.0	0.0	0.0	0.0	CpuHotPaths.exe	MaterialX_v1_39_6::Element::asA<class MaterialX_v1_39_6::Document>(void)	Element.cpp	0x140190ba0
                            MaterialX_v1_39_6::Element::getSelf	0.071807	0.074331	0.0		0.0	0.0	0.0	0.0	CpuHotPaths.exe	MaterialX_v1_39_6::Element::getSelf	Element.h	0x140190bb7
                             std::enable_shared_from_this<MaterialX_v1_39_6::Element>::shared_from_this	0.071807	0.074331	0.0		0.014199	0.014199	0.0	0.0	CpuHotPaths.exe	std::enable_shared_from_this<MaterialX_v1_39_6::Element>::shared_from_this	memory	0x140190bb7
                        MaterialX_v1_39_6::Input::getInterfaceInput	0.218953	0.226648	0.0		0.0	0.0	0.0	0.0	CpuHotPaths.exe	MaterialX_v1_39_6::Input::getInterfaceInput	Interface.cpp	0x1401cd351
                         MaterialX_v1_39_6::InterfaceElement::getInput	0.145653	0.150772	0.0		0.0	0.0	0.0	0.0	CpuHotPaths.exe	MaterialX_v1_39_6::InterfaceElement::getInput	Interface.h	0x1401cd387
                          MaterialX_v1_39_6::Element::getChildOfType<class MaterialX_v1_39_6::Input>	0.145653	0.150772	0.0		0.0	0.0	0.0	0.0	CpuHotPaths.exe	MaterialX_v1_39_6::Element::getChildOfType<class MaterialX_v1_39_6::Input>(class std::basic_string<char,struct std::char_traits<char>,class std::allocator<char> > const &)	Element.cpp	0x14019e2d0
                           MaterialX_v1_39_6::Element::getChild	0.072968	0.075532	0.0		0.0	0.0	0.0	0.0	CpuHotPaths.exe	MaterialX_v1_39_6::Element::getChild(class std::basic_string<char,struct std::char_traits<char>,class std::allocator<char> > const &)	Element.cpp	0x1401c2250
                            std::_Hash<std::_Umap_traits<std::basic_string<char,std::char_traits<char>,std::allocator<char> >,std::shared_ptr<MaterialX_v1_39_6::Element>,std::_Uhash_compare<std::basic_string<char,std::char_traits<char>,std::allocator<char> >,std::hash<std::basic_string<char,std::char_traits<char>,std::allocator<char> > >,std::equal_to<std::basic_string<char,std::char_traits<char>,std::allocator<char> > > >,std::allocator<std::pair<std::basic_string<char,std::char_traits<char>,std::allocator<char> > const ,std::shared_ptr<MaterialX_v1_39_6::Element> > >,0> >::find	0.072968	0.075532	0.0		0.014428	0.014428	0.0	0.0	CpuHotPaths.exe	std::_Hash<std::_Umap_traits<std::basic_string<char,std::char_traits<char>,std::allocator<char> >,std::shared_ptr<MaterialX_v1_39_6::Element>,std::_Uhash_compare<std::basic_string<char,std::char_traits<char>,std::allocator<char> >,std::hash<std::basic_string<char,std::char_traits<char>,std::allocator<char> > >,std::equal_to<std::basic_string<char,std::char_traits<char>,std::allocator<char> > > >,std::allocator<std::pair<std::basic_string<char,std::char_traits<char>,std::allocator<char> > const ,std::shared_ptr<MaterialX_v1_39_6::Element> > >,0> >::find	xhash	0x1401c2276
                           MaterialX_v1_39_6::Element::asA<class MaterialX_v1_39_6::Document>	0.072685	0.075240	0.0		0.014372	0.014372	0.0	0.0	CpuHotPaths.exe	MaterialX_v1_39_6::Element::asA<class MaterialX_v1_39_6::Document>(void)	Element.cpp	0x140190ba0
                         std::shared_ptr<MaterialX_v1_39_6::GraphElement const >::{dtor}	0.073299	0.075875	0.0		0.014494	0.014494	0.0	0.0	CpuHotPaths.exe	std::shared_ptr<MaterialX_v1_39_6::GraphElement const >::{dtor}	memory	0x1401cd39a
                        MaterialX_v1_39_6::PortElement::getConnectedNode	0.218734	0.226421	0.0		0.0	0.0	0.0	0.0	CpuHotPaths.exe	MaterialX_v1_39_6::PortElement::getConnectedNode	Interface.cpp	0x1401cd5fe
                         MaterialX_v1_39_6::GraphElement::getNode	0.074570	0.077191	0.0		0.0	0.0	0.0	0.0	CpuHotPaths.exe	MaterialX_v1_39_6::GraphElement::getNode	Node.h	0x1401cd623
                          MaterialX_v1_39_6::Element::getChildOfType<class MaterialX_v1_39_6::Node>	0.074570	0.077191	0.0		0.0	0.0	0.0	0.0	CpuHotPaths.exe	MaterialX_v1_39_6::Element::getChildOfType<class MaterialX_v1_39_6::Node>(class std::basic_string<char,struct std::char_traits<char>,class std::allocator<char> > const &)	Element.cpp	0x14019fd10
                           MaterialX_v1_39_6::Element::getChild	0.074570	0.077191	0.0		0.0	0.0	0.0	0.0	CpuHotPaths.exe	MaterialX_v1_39_6::Element::getChild(class std::basic_string<char,struct std::char_traits<char>,class std::allocator<char> > const &)	Element.cpp	0x1401c2250
                            std::_Hash<std::_Umap_traits<std::basic_string<char,std::char_traits<char>,std::allocator<char> >,std::shared_ptr<MaterialX_v1_39_6::Element>,std::_Uhash_compare<std::basic_string<char,std::char_traits<char>,std::allocator<char> >,std::hash<std::basic_string<char,std::char_traits<char>,std::allocator<char> > >,std::equal_to<std::basic_string<char,std::char_traits<char>,std::allocator<char> > > >,std::allocator<std::pair<std::basic_string<char,std::char_traits<char>,std::allocator<char> > const ,std::shared_ptr<MaterialX_v1_39_6::Element> > >,0> >::find	0.074570	0.077191	0.0		0.014745	0.014745	0.0	0.0	CpuHotPaths.exe	std::_Hash<std::_Umap_traits<std::basic_string<char,std::char_traits<char>,std::allocator<char> >,std::shared_ptr<MaterialX_v1_39_6::Element>,std::_Uhash_compare<std::basic_string<char,std::char_traits<char>,std::allocator<char> >,std::hash<std::basic_string<char,std::char_traits<char>,std::allocator<char> > >,std::equal_to<std::basic_string<char,std::char_traits<char>,std::allocator<char> > > >,std::allocator<std::pair<std::basic_string<char,std::char_traits<char>,std::allocator<char> > const ,std::shared_ptr<MaterialX_v1_39_6::Element> > >,0> >::find	xhash	0x1401c2276
                         MaterialX_v1_39_6::Element::getAncestorOfType<class MaterialX_v1_39_6::GraphElement>	0.072670	0.075224	0.0		0.0	0.0	0.0	0.0	CpuHotPaths.exe	MaterialX_v1_39_6::Element::getAncestorOfType<class MaterialX_v1_39_6::GraphElement>(void)	Element.h	0x14019af80
                          MaterialX_v1_39_6::Element::asA<class MaterialX_v1_39_6::GraphElement>	0.072670	0.075224	0.0		0.0	0.0	0.0	0.0	CpuHotPaths.exe	MaterialX_v1_39_6::Element::asA<class MaterialX_v1_39_6::GraphElement>(void)	Element.cpp	0x140191a40
                           MaterialX_v1_39_6::Element::getSelf	0.072670	0.075224	0.0		0.0	0.0	0.0	0.0	CpuHotPaths.exe	MaterialX_v1_39_6::Element::getSelf	Element.h	0x140191a57
                            std::enable_shared_from_this<MaterialX_v1_39_6::Element>::shared_from_this	0.072670	0.075224	0.0		0.014369	0.014369	0.0	0.0	CpuHotPaths.exe	std::enable_shared_from_this<MaterialX_v1_39_6::Element>::shared_from_this	memory	0x140191a57
                         std::shared_ptr<MaterialX_v1_39_6::Node>::{dtor}	0.071493	0.074006	0.0		0.014137	0.014137	0.0	0.0	CpuHotPaths.exe	std::shared_ptr<MaterialX_v1_39_6::Node>::{dtor}	memory	0x1401cd6ad
                        MaterialX_v1_39_6::Element::getParent	0.072706	0.075261	0.0		0.0	0.0	0.0	0.0	CpuHotPaths.exe	MaterialX_v1_39_6::Element::getParent	Element.h	0x1401cd44a
                         std::weak_ptr<MaterialX_v1_39_6::Element>::lock	0.072706	0.075261	0.0		0.014376	0.014376	0.0	0.0	CpuHotPaths.exe	std::weak_ptr<MaterialX_v1_39_6::Element>::lock	memory	0x1401cd44a
                       MaterialX_v1_39_6::InterfaceElement::getInputs	0.431496	0.446661	0.0		0.0	0.0	0.0	0.0	CpuHotPaths.exe	MaterialX_v1_39_6::InterfaceElement::getInputs	Interface.h	0x1401e6b11
                        MaterialX_v1_39_6::Element::getChildrenOfType<class MaterialX_v1_39_6::Input>	0.431496	0.446661	0.0		0.028514	0.028514	0.0	0.0	CpuHotPaths.exe	MaterialX_v1_39_6::Element::getChildrenOfType<class MaterialX_v1_39_6::Input>(class std::basic_string<char,struct std::char_traits<char>,class std::allocator<char> > const &)	Element.cpp	0x1401a8de0
                         std::vector<std::shared_ptr<MaterialX_v1_39_6::Input>,std::allocator<std::shared_ptr<MaterialX_v1_39_6::Input> > >::push_back	0.215196	0.222759	0.0		0.0	0.0	0.0	0.0	CpuHotPaths.exe	std::vector<std::shared_ptr<MaterialX_v1_39_6::Input>,std::allocator<std::shared_ptr<MaterialX_v1_39_6::Input> > >::push_back	vector	0x1401a90db
                          operator new	0.215196	0.222759	0.0		0.0	0.0	0.0	0.0	CpuHotPaths.exe	operator new(unsigned __int64)	new_scalar.cpp	0x140234a68
                           malloc_base	0.215196	0.222759	0.0		0.042552	0.042552	0.0	0.0	ucrtbase.dll	malloc_base	[Unknown]	0x1800050a0
                         MaterialX_v1_39_6::Element::asA<class MaterialX_v1_39_6::Input>	0.072097	0.074631	0.0		0.0	0.0	0.0	0.0	CpuHotPaths.exe	MaterialX_v1_39_6::Element::asA<class MaterialX_v1_39_6::Input>(void)	Element.cpp	0x140191d70
                          std::dynamic_pointer_cast	0.072097	0.074631	0.0		0.014256	0.014256	0.0	0.0	CpuHotPaths.exe	std::dynamic_pointer_cast	memory	0x140191db8
                       std::shared_ptr<MaterialX_v1_39_6::Input>::{dtor}	0.071793	0.074316	0.0		0.014196	0.014196	0.0	0.0	CpuHotPaths.exe	std::shared_ptr<MaterialX_v1_39_6::Input>::{dtor}	memory	0x1401e6d03
                       MaterialX_v1_39_6::Edge::Edge	0.070559	0.073039	0.0		0.0	0.0	0.0	0.0	CpuHotPaths.exe	MaterialX_v1_39_6::Edge::Edge(class std::shared_ptr<class MaterialX_v1_39_6::Element>,class std::shared_ptr<class MaterialX_v1_39_6::Element>,class std::shared_ptr<class MaterialX_v1_39_6::Element>)	Traversal.h	0x1401ca730
                        std::shared_ptr<MaterialX_v1_39_6::Element>::{dtor}	0.070559	0.073039	0.0		0.013952	0.013952	0.0	0.0	CpuHotPaths.exe	std::shared_ptr<MaterialX_v1_39_6::Element>::{dtor}	memory	0x1401ca7b3
                      MaterialX_v1_39_6::GraphIterator::extendPathUpstream	0.142160	0.147156	0.0		0.0	0.0	0.0	0.0	CpuHotPaths.exe	MaterialX_v1_39_6::GraphIterator::extendPathUpstream(class std::shared_ptr<class MaterialX_v1_39_6::Element>,class std::shared_ptr<class MaterialX_v1_39_6::Element>)	Traversal.cpp	0x140205cb0
                       std::_Tree<class std::_Tset_traits<class std::shared_ptr<class MaterialX_v1_39_6::Element>,struct std::less<class std::shared_ptr<class MaterialX_v1_39_6::Element> >,class std::allocator<class std::shared_ptr<class MaterialX_v1_39_6::Element> >,0> >::insert<0,0>	0.142160	0.147156	0.0		0.028110	0.028110	0.0	0.0	CpuHotPaths.exe	std::_Tree<class std::_Tset_traits<class std::shared_ptr<class MaterialX_v1_39_6::Element>,struct std::less<class std::shared_ptr<class MaterialX_v1_39_6::Element> >,class std::allocator<class std::shared_ptr<class MaterialX_v1_39_6::Element> >,0> >::insert<0,0>(class std::shared_ptr<class MaterialX_v1_39_6::Element> const &)	xtree	0x140203e00
                      MaterialX_v1_39_6::Edge::getUpstreamElement	0.075265	0.077910	0.0		0.0	0.0	0.0	0.0	CpuHotPaths.exe	MaterialX_v1_39_6::Edge::getUpstreamElement	Traversal.h	0x14020451b
                       std::shared_ptr<MaterialX_v1_39_6::Element>::{ctor}	0.075265	0.077910	0.0		0.014882	0.014882	0.0	0.0	CpuHotPaths.exe	std::shared_ptr<MaterialX_v1_39_6::Element>::{ctor}	memory	0x14020451b
                      std::vector<std::pair<std::shared_ptr<MaterialX_v1_39_6::Element>,unsigned __int64>,std::allocator<std::pair<std::shared_ptr<MaterialX_v1_39_6::Element>,unsigned __int64> > >::emplace_back	0.073288	0.075863	0.0		0.014491	0.014491	0.0	0.0	CpuHotPaths.exe	std::vector<std::pair<std::shared_ptr<MaterialX_v1_39_6::Element>,unsigned __int64>,std::allocator<std::pair<std::shared_ptr<MaterialX_v1_39_6::Element>,unsigned __int64> > >::emplace_back	vector	0x1402043ff
                      MaterialX_v1_39_6::GraphIterator::returnPathDownstream	0.072261	0.074800	0.0		0.0	0.0	0.0	0.0	CpuHotPaths.exe	MaterialX_v1_39_6::GraphIterator::returnPathDownstream(class std::shared_ptr<class MaterialX_v1_39_6::Element>)	Traversal.cpp	0x140206420
                       std::_Tree<std::_Tset_traits<std::shared_ptr<MaterialX_v1_39_6::Element>,std::less<std::shared_ptr<MaterialX_v1_39_6::Element> >,std::allocator<std::shared_ptr<MaterialX_v1_39_6::Element> >,0> >::erase	0.072261	0.074800	0.0		0.014288	0.014288	0.0	0.0	CpuHotPaths.exe	std::_Tree<std::_Tset_traits<std::shared_ptr<MaterialX_v1_39_6::Element>,std::less<std::shared_ptr<MaterialX_v1_39_6::Element> >,std::allocator<std::shared_ptr<MaterialX_v1_39_6::Element> >,0> >::erase	xtree	0x14020643a
                     MaterialX_v1_39_6::GraphIterator::operator*	0.143831	0.148886	0.0		0.0	0.0	0.0	0.0	CpuHotPaths.exe	MaterialX_v1_39_6::GraphIterator::operator*	Traversal.h	0x14015e28b
                      MaterialX_v1_39_6::Edge::{ctor}	0.143831	0.148886	0.0		0.0	0.0	0.0	0.0	CpuHotPaths.exe	MaterialX_v1_39_6::Edge::{ctor}	Traversal.h	0x14015e3a5
                       std::shared_ptr<MaterialX_v1_39_6::Element>::{ctor}	0.073631	0.076219	0.0		0.014559	0.014559	0.0	0.0	CpuHotPaths.exe	std::shared_ptr<MaterialX_v1_39_6::Element>::{ctor}	memory	0x14015e3d3
                       std::shared_ptr<MaterialX_v1_39_6::Element>::{dtor}	0.070199	0.072667	0.0		0.013881	0.013881	0.0	0.0	CpuHotPaths.exe	std::shared_ptr<MaterialX_v1_39_6::Element>::{dtor}	memory	0x14015e41e
                    MaterialX_v1_39_6::ShaderGraph::finalize	8.019021	8.076238	6.390937		0.0	0.0	0.0	0.0	CpuHotPaths.exe	MaterialX_v1_39_6::ShaderGraph::finalize(class MaterialX_v1_39_6::GenContext &)	ShaderGraph.cpp	0x1401639d0
                     MaterialX_v1_39_6::PremultipliedBsdfAddRefactor::execute	4.118398	4.038532	6.390937		0.0	0.0	0.0	0.0	CpuHotPaths.exe	MaterialX_v1_39_6::PremultipliedBsdfAddRefactor::execute(class MaterialX_v1_39_6::ShaderGraph &,class MaterialX_v1_39_6::GenContext &)	ShaderGraphRefactor.cpp	0x140177150
                      MaterialX_v1_39_6::`anonymous namespace'::foldWeightIntoBsdf	2.078980	2.077921	2.109093		0.0	0.0	0.0	0.0	CpuHotPaths.exe	MaterialX_v1_39_6::`anonymous namespace'::foldWeightIntoBsdf(class MaterialX_v1_39_6::ShaderGraph & const, class MaterialX_v1_39_6::GenContext & const, class MaterialX_v1_39_6::ShaderInput *, class MaterialX_v1_39_6::ShaderOutput *, const class std::basic_string<char,std::char_traits<char>,std::allocator<char> > & const, class std::shared_ptr<MaterialX_v1_39_6::NodeDef>, class std::shared_ptr<MaterialX_v1_39_6::NodeDef>)	ShaderGraphRefactor.cpp	0x140178660
                       MaterialX_v1_39_6::ShaderGraph::createNode	2.078980	2.077921	2.109093		0.0	0.0	0.0	0.0	CpuHotPaths.exe	MaterialX_v1_39_6::ShaderGraph::createNode(class std::basic_string<char,struct std::char_traits<char>,class std::allocator<char> > const &,class std::basic_string<char,struct std::char_traits<char>,class std::allocator<char> > const &,class std::shared_ptr<class MaterialX_v1_39_6::NodeDef const >,class MaterialX_v1_39_6::GenContext &)	ShaderGraph.cpp	0x140162b00
                        MaterialX_v1_39_6::ShaderNode::create	2.078980	2.077921	2.109093		0.0	0.0	0.0	0.0	CpuHotPaths.exe	MaterialX_v1_39_6::ShaderNode::create(class MaterialX_v1_39_6::ShaderGraph const *,class std::basic_string<char,struct std::char_traits<char>,class std::allocator<char> > const &,class MaterialX_v1_39_6::NodeDef const &,class MaterialX_v1_39_6::GenContext &)	ShaderNode.cpp	0x140141390
                         MaterialX_v1_39_6::ShaderGenerator::getImplementation	1.863605	1.854978	2.109093		0.0	0.0	0.0	0.0	CpuHotPaths.exe	MaterialX_v1_39_6::ShaderGenerator::getImplementation(class MaterialX_v1_39_6::NodeDef const &,class MaterialX_v1_39_6::GenContext &)	ShaderGenerator.cpp	0x14014f630
                          MaterialX_v1_39_6::SourceCodeNode::initialize	1.719277	1.705577	2.109093		0.0	0.0	0.0	0.0	CpuHotPaths.exe	MaterialX_v1_39_6::SourceCodeNode::initialize(class MaterialX_v1_39_6::InterfaceElement const &,class MaterialX_v1_39_6::GenContext &)	SourceCodeNode.cpp	0x14016b2d0
                           MaterialX_v1_39_6::SourceCodeNode::resolveSourceCode	1.719277	1.705577	2.109093		0.0	0.0	0.0	0.0	CpuHotPaths.exe	MaterialX_v1_39_6::SourceCodeNode::resolveSourceCode(class MaterialX_v1_39_6::InterfaceElement const &,class MaterialX_v1_39_6::GenContext &)	SourceCodeNode.cpp	0x14016bb50
                            MaterialX_v1_39_6::readFile	1.283445	1.254428	2.109093		0.0	0.0	0.0	0.0	CpuHotPaths.exe	MaterialX_v1_39_6::readFile(class MaterialX_v1_39_6::FilePath const &)	Util.cpp	0x1400d5600
                             std::basic_ifstream<char,std::char_traits<char> >::{ctor}	1.002090	0.963186	2.109093		0.198147	0.183988	0.014159	0.0	CpuHotPaths.exe	std::basic_ifstream<char,std::char_traits<char> >::{ctor}	fstream	0x1400d564f
                             std::basic_ostream<char,struct std::char_traits<char> >::operator<<	0.281355	0.291242	0.0		0.055633	0.055633	0.0	0.0	MSVCP140.dll	std::basic_ostream<char,struct std::char_traits<char> >::operator<<(class std::basic_streambuf<char,struct std::char_traits<char> > * __ptr64)	[Unknown]	0x180050140
                            MaterialX_v1_39_6::GenContext::resolveSourceFile	0.364254	0.377055	0.0		0.0	0.0	0.0	0.0	CpuHotPaths.exe	MaterialX_v1_39_6::GenContext::resolveSourceFile(class MaterialX_v1_39_6::FilePath const &,class MaterialX_v1_39_6::FilePath const &)	GenContext.h	0x14013c810
                             MaterialX_v1_39_6::FilePath::getNormalized	0.149745	0.155007	0.0		0.0	0.0	0.0	0.0	CpuHotPaths.exe	MaterialX_v1_39_6::FilePath::getNormalized(void)	File.cpp	0x1400cd870
                              std::vector<std::basic_string<char,std::char_traits<char>,std::allocator<char> >,std::allocator<std::basic_string<char,std::char_traits<char>,std::allocator<char> > > >::push_back	0.149745	0.155007	0.0		0.015260	0.015260	0.0	0.0	CpuHotPaths.exe	std::vector<std::basic_string<char,std::char_traits<char>,std::allocator<char> >,std::allocator<std::basic_string<char,std::char_traits<char>,std::allocator<char> > > >::push_back	vector	0x1400cda79
                               operator new	0.072571	0.075121	0.0		0.0	0.0	0.0	0.0	CpuHotPaths.exe	operator new(unsigned __int64)	new_scalar.cpp	0x140234a68
                                malloc_base	0.072571	0.075121	0.0		0.014350	0.014350	0.0	0.0	ucrtbase.dll	malloc_base	[Unknown]	0x1800050a0
                             MaterialX_v1_39_6::FileSearchPath::find	0.143957	0.149016	0.0		0.0	0.0	0.0	0.0	CpuHotPaths.exe	MaterialX_v1_39_6::FileSearchPath::find	File.h	0x14013ca14
                              MaterialX_v1_39_6::FilePath::exists	0.143957	0.149016	0.0		0.0	0.0	0.0	0.0	CpuHotPaths.exe	MaterialX_v1_39_6::FilePath::exists(void)	File.cpp	0x1400ccb30
                               GetFileAttributesA	0.143957	0.149016	0.0		0.028465	0.028465	0.0	0.0	KERNELBASE.dll	GetFileAttributesA	[Unknown]	0x18006d270
                             std::vector<MaterialX_v1_39_6::FilePath,std::allocator<MaterialX_v1_39_6::FilePath> >::{ctor}	0.070552	0.073032	0.0		0.013951	0.013951	0.0	0.0	CpuHotPaths.exe	std::vector<MaterialX_v1_39_6::FilePath,std::allocator<MaterialX_v1_39_6::FilePath> >::{ctor}	vector	0x14013c843
                            MaterialX_v1_39_6::FilePath::{ctor}	0.071578	0.074093	0.0		0.0	0.0	0.0	0.0	CpuHotPaths.exe	MaterialX_v1_39_6::FilePath::{ctor}	File.h	0x14016bb8c
                             MaterialX_v1_39_6::FilePath::assign	0.071578	0.074093	0.0		0.0	0.0	0.0	0.0	CpuHotPaths.exe	MaterialX_v1_39_6::FilePath::assign(class std::basic_string<char,struct std::char_traits<char>,class std::allocator<char> > const &)	File.cpp	0x1400cbbc0
                              MaterialX_v1_39_6::splitString	0.071578	0.074093	0.0		0.0	0.0	0.0	0.0	CpuHotPaths.exe	MaterialX_v1_39_6::splitString(class std::basic_string<char,struct std::char_traits<char>,class std::allocator<char> > const &,class std::basic_string<char,struct std::char_traits<char>,class std::allocator<char> > const &)	Util.cpp	0x14017fd70
                               std::vector<std::basic_string<char,std::char_traits<char>,std::allocator<char> >,std::allocator<std::basic_string<char,std::char_traits<char>,std::allocator<char> > > >::push_back	0.071578	0.074093	0.0		0.0	0.0	0.0	0.0	CpuHotPaths.exe	std::vector<std::basic_string<char,std::char_traits<char>,std::allocator<char> >,std::allocator<std::basic_string<char,std::char_traits<char>,std::allocator<char> > > >::push_back	vector	0x14017fe49
                                operator new	0.071578	0.074093	0.0		0.0	0.0	0.0	0.0	CpuHotPaths.exe	operator new(unsigned __int64)	new_scalar.cpp	0x140234a68
                                 malloc_base	0.071578	0.074093	0.0		0.014153	0.014153	0.0	0.0	ucrtbase.dll	malloc_base	[Unknown]	0x1800050a0
                          MaterialX_v1_39_6::NodeDef::getImplementation	0.144329	0.149401	0.0		0.0	0.0	0.0	0.0	CpuHotPaths.exe	MaterialX_v1_39_6::NodeDef::getImplementation(class std::basic_string<char,struct std::char_traits<char>,class std::allocator<char> > const &,bool)	Definition.cpp	0x1401d2d50
                           MaterialX_v1_39_6::Element::getQualifiedName	0.074137	0.076743	0.0		0.0	0.0	0.0	0.0	CpuHotPaths.exe	MaterialX_v1_39_6::Element::getQualifiedName(class std::basic_string<char,struct std::char_traits<char>,class std::allocator<char> > const &)	Element.h	0x1401c35b0
                            MaterialX_v1_39_6::Element::getSelf	0.074137	0.076743	0.0		0.0	0.0	0.0	0.0	CpuHotPaths.exe	MaterialX_v1_39_6::Element::getSelf	Element.h	0x1401c35fe
                             std::enable_shared_from_this<MaterialX_v1_39_6::Element>::shared_from_this	0.074137	0.076743	0.0		0.014659	0.014659	0.0	0.0	CpuHotPaths.exe	std::enable_shared_from_this<MaterialX_v1_39_6::Element>::shared_from_this	memory	0x1401c35fe
                           MaterialX_v1_39_6::targetStringsMatch	0.070191	0.072658	0.0		0.0	0.0	0.0	0.0	CpuHotPaths.exe	MaterialX_v1_39_6::targetStringsMatch(class std::basic_string<char,struct std::char_traits<char>,class std::allocator<char> > const &,class std::basic_string<char,struct std::char_traits<char>,class std::allocator<char> > const &)	Element.cpp	0x1401c8cb0
                            MaterialX_v1_39_6::splitString	0.070191	0.072658	0.0		0.013879	0.013879	0.0	0.0	CpuHotPaths.exe	MaterialX_v1_39_6::splitString(class std::basic_string<char,struct std::char_traits<char>,class std::allocator<char> > const &,class std::basic_string<char,struct std::char_traits<char>,class std::allocator<char> > const &)	Util.cpp	0x14017fd70
                         MaterialX_v1_39_6::InterfaceElement::getActiveValueElements	0.146039	0.151171	0.0		0.0	0.0	0.0	0.0	CpuHotPaths.exe	MaterialX_v1_39_6::InterfaceElement::getActiveValueElements(void)	Interface.cpp	0x1401ccd20
                          MaterialX_v1_39_6::Element::getChildrenOfType<class MaterialX_v1_39_6::ValueElement>	0.073169	0.075740	0.0		0.0	0.0	0.0	0.0	CpuHotPaths.exe	MaterialX_v1_39_6::Element::getChildrenOfType<class MaterialX_v1_39_6::ValueElement>(class std::basic_string<char,struct std::char_traits<char>,class std::allocator<char> > const &)	Element.cpp	0x1401b0250
                           std::vector<std::shared_ptr<MaterialX_v1_39_6::ValueElement>,std::allocator<std::shared_ptr<MaterialX_v1_39_6::ValueElement> > >::push_back	0.073169	0.075740	0.0		0.014468	0.014468	0.0	0.0	CpuHotPaths.exe	std::vector<std::shared_ptr<MaterialX_v1_39_6::ValueElement>,std::allocator<std::shared_ptr<MaterialX_v1_39_6::ValueElement> > >::push_back	vector	0x1401b054b
                          MaterialX_v1_39_6::Element::traverseInheritance	0.072870	0.075431	0.0		0.0	0.0	0.0	0.0	CpuHotPaths.exe	MaterialX_v1_39_6::Element::traverseInheritance(void)	Element.cpp	0x1401c8ff0
                           MaterialX_v1_39_6::Element::getSelf	0.072870	0.075431	0.0		0.0	0.0	0.0	0.0	CpuHotPaths.exe	MaterialX_v1_39_6::Element::getSelf	Element.h	0x1401c8ff6
                            std::enable_shared_from_this<MaterialX_v1_39_6::Element>::shared_from_this	0.072870	0.075431	0.0		0.014409	0.014409	0.0	0.0	CpuHotPaths.exe	std::enable_shared_from_this<MaterialX_v1_39_6::Element>::shared_from_this	memory	0x1401c8ff6
                         MaterialX_v1_39_6::Element::getAttribute	0.069336	0.071772	0.0		0.0	0.0	0.0	0.0	CpuHotPaths.exe	MaterialX_v1_39_6::Element::getAttribute(class std::basic_string<char,struct std::char_traits<char>,class std::allocator<char> > const &)	Element.h	0x1400b15e0
                          std::_Hash<std::_Umap_traits<std::basic_string<char,std::char_traits<char>,std::allocator<char> >,std::basic_string<char,std::char_traits<char>,std::allocator<char> >,std::_Uhash_compare<std::basic_string<char,std::char_traits<char>,std::allocator<char> >,std::hash<std::basic_string<char,std::char_traits<char>,std::allocator<char> > >,std::equal_to<std::basic_string<char,std::char_traits<char>,std::allocator<char> > > >,std::allocator<std::pair<std::basic_string<char,std::char_traits<char>,std::allocator<char> > const ,std::basic_string<char,std::char_traits<char>,std::allocator<char> > > >,0> >::find	0.069336	0.071772	0.0		0.013710	0.013710	0.0	0.0	CpuHotPaths.exe	std::_Hash<std::_Umap_traits<std::basic_string<char,std::char_traits<char>,std::allocator<char> >,std::basic_string<char,std::char_traits<char>,std::allocator<char> >,std::_Uhash_compare<std::basic_string<char,std::char_traits<char>,std::allocator<char> >,std::hash<std::basic_string<char,std::char_traits<char>,std::allocator<char> > >,std::equal_to<std::basic_string<char,std::char_traits<char>,std::allocator<char> > > >,std::allocator<std::pair<std::basic_string<char,std::char_traits<char>,std::allocator<char> > const ,std::basic_string<char,std::char_traits<char>,std::allocator<char> > > >,0> >::find	xhash	0x1400b15ea
                      MaterialX_v1_39_6::ShaderGraph::createNode	1.895780	1.811924	4.281844		0.0	0.0	0.0	0.0	CpuHotPaths.exe	MaterialX_v1_39_6::ShaderGraph::createNode(class std::basic_string<char,struct std::char_traits<char>,class std::allocator<char> > const &,class std::basic_string<char,struct std::char_traits<char>,class std::allocator<char> > const &,class std::shared_ptr<class MaterialX_v1_39_6::NodeDef const >,class MaterialX_v1_39_6::GenContext &)	ShaderGraph.cpp	0x140162b00
                       MaterialX_v1_39_6::ShaderNode::create	1.895780	1.811924	4.281844		0.0	0.0	0.0	0.0	CpuHotPaths.exe	MaterialX_v1_39_6::ShaderNode::create(class MaterialX_v1_39_6::ShaderGraph const *,class std::basic_string<char,struct std::char_traits<char>,class std::allocator<char> > const &,class MaterialX_v1_39_6::NodeDef const &,class MaterialX_v1_39_6::GenContext &)	ShaderNode.cpp	0x140141390
                        MaterialX_v1_39_6::ShaderGenerator::getImplementation	1.383182	1.281311	4.281844		0.0	0.0	0.0	0.0	CpuHotPaths.exe	MaterialX_v1_39_6::ShaderGenerator::getImplementation(class MaterialX_v1_39_6::NodeDef const &,class MaterialX_v1_39_6::GenContext &)	ShaderGenerator.cpp	0x14014f630
                         MaterialX_v1_39_6::SourceCodeNode::initialize	1.310136	1.205699	4.281844		0.0	0.0	0.0	0.0	CpuHotPaths.exe	MaterialX_v1_39_6::SourceCodeNode::initialize(class MaterialX_v1_39_6::InterfaceElement const &,class MaterialX_v1_39_6::GenContext &)	SourceCodeNode.cpp	0x14016b2d0
                          MaterialX_v1_39_6::SourceCodeNode::resolveSourceCode	1.310136	1.205699	4.281844		0.0	0.0	0.0	0.0	CpuHotPaths.exe	MaterialX_v1_39_6::SourceCodeNode::resolveSourceCode(class MaterialX_v1_39_6::InterfaceElement const &,class MaterialX_v1_39_6::GenContext &)	SourceCodeNode.cpp	0x14016bb50
                           MaterialX_v1_39_6::readFile	1.162907	1.053295	4.281844		0.0	0.0	0.0	0.0	CpuHotPaths.exe	MaterialX_v1_39_6::readFile(class MaterialX_v1_39_6::FilePath const &)	Util.cpp	0x1400d5600
                            std::basic_ifstream<char,std::char_traits<char> >::{ctor}	1.017051	0.902313	4.281844		0.201105	0.172360	0.028745	0.0	CpuHotPaths.exe	std::basic_ifstream<char,std::char_traits<char> >::{ctor}	fstream	0x1400d564f
                            std::basic_ifstream<char,std::char_traits<char> >::close	0.073605	0.076191	0.0		0.014554	0.014554	0.0	0.0	CpuHotPaths.exe	std::basic_ifstream<char,std::char_traits<char> >::close	fstream	0x1400d57a9
                            std::basic_ostream<char,struct std::char_traits<char> >::operator<<	0.072251	0.074790	0.0		0.014286	0.014286	0.0	0.0	MSVCP140.dll	std::basic_ostream<char,struct std::char_traits<char> >::operator<<(class std::basic_streambuf<char,struct std::char_traits<char> > * __ptr64)	[Unknown]	0x180050140
                           MaterialX_v1_39_6::GenContext::resolveSourceFile	0.147230	0.152404	0.0		0.0	0.0	0.0	0.0	CpuHotPaths.exe	MaterialX_v1_39_6::GenContext::resolveSourceFile(class MaterialX_v1_39_6::FilePath const &,class MaterialX_v1_39_6::FilePath const &)	GenContext.h	0x14013c810
                            MaterialX_v1_39_6::FileSearchPath::find	0.147230	0.152404	0.0		0.0	0.0	0.0	0.0	CpuHotPaths.exe	MaterialX_v1_39_6::FileSearchPath::find	File.h	0x14013ca14
                             MaterialX_v1_39_6::FilePath::exists	0.147230	0.152404	0.0		0.0	0.0	0.0	0.0	CpuHotPaths.exe	MaterialX_v1_39_6::FilePath::exists(void)	File.cpp	0x1400ccb30
                              GetFileAttributesA	0.147230	0.152404	0.0		0.029112	0.029112	0.0	0.0	KERNELBASE.dll	GetFileAttributesA	[Unknown]	0x18006d270
                         MaterialX_v1_39_6::NodeDef::getImplementation	0.073045	0.075612	0.0		0.0	0.0	0.0	0.0	CpuHotPaths.exe	MaterialX_v1_39_6::NodeDef::getImplementation(class std::basic_string<char,struct std::char_traits<char>,class std::allocator<char> > const &,bool)	Definition.cpp	0x1401d2d50
                          MaterialX_v1_39_6::Document::getMatchingImplementations	0.073045	0.075612	0.0		0.0	0.0	0.0	0.0	CpuHotPaths.exe	MaterialX_v1_39_6::Document::getMatchingImplementations(class std::basic_string<char,struct std::char_traits<char>,class std::allocator<char> > const &)	Document.cpp	0x1401f0870
                           MaterialX_v1_39_6::Document::Cache::getMatchingImplementations	0.073045	0.075612	0.0		0.0	0.0	0.0	0.0	CpuHotPaths.exe	MaterialX_v1_39_6::Document::Cache::getMatchingImplementations(class std::basic_string<char,struct std::char_traits<char>,class std::allocator<char> > const &)	Document.cpp	0x1401f0430
                            MaterialX_v1_39_6::Document::Cache::refreshWithLock	0.073045	0.075612	0.0		0.0	0.0	0.0	0.0	CpuHotPaths.exe	MaterialX_v1_39_6::Document::Cache::refreshWithLock(void)	Document.cpp	0x1401f3840
                             std::shared_lock<std::shared_mutex>::{ctor}	0.073045	0.075612	0.0		0.014444	0.014444	0.0	0.0	CpuHotPaths.exe	std::shared_lock<std::shared_mutex>::{ctor}	shared_mutex	0x1401f385e
                        MaterialX_v1_39_6::ValueElement::getResolvedValue	0.149960	0.155230	0.0		0.0	0.0	0.0	0.0	CpuHotPaths.exe	MaterialX_v1_39_6::ValueElement::getResolvedValue(class std::shared_ptr<class MaterialX_v1_39_6::StringResolver>)	Element.cpp	0x1401c3be0
                         MaterialX_v1_39_6::Value::createValueFromStrings	0.077691	0.080421	0.0		0.0	0.0	0.0	0.0	CpuHotPaths.exe	MaterialX_v1_39_6::Value::createValueFromStrings(class std::basic_string<char,struct std::char_traits<char>,class std::allocator<char> > const &,class std::basic_string<char,struct std::char_traits<char>,class std::allocator<char> > const &,class std::shared_ptr<class MaterialX_v1_39_6::TypeDef const >)	Value.cpp	0x140202910
                          MaterialX_v1_39_6::TypedValue<float>::createFromString	0.077691	0.080421	0.0		0.0	0.0	0.0	0.0	CpuHotPaths.exe	MaterialX_v1_39_6::TypedValue<float>::createFromString(class std::basic_string<char,struct std::char_traits<char>,class std::allocator<char> > const &)	Value.cpp	0x140201350
                           MaterialX_v1_39_6::fromValueString<float>	0.077691	0.080421	0.0		0.0	0.0	0.0	0.0	CpuHotPaths.exe	MaterialX_v1_39_6::fromValueString<float>(class std::basic_string<char,struct std::char_traits<char>,class std::allocator<char> > const &)	Value.cpp	0x1401fb440
                            func@0x180045990	0.077691	0.080421	0.0		0.015362	0.015362	0.0	0.0	MSVCP140.dll	func@0x180045990	[Unknown]	0x180045990
                         MaterialX_v1_39_6::Document::getTypeDef	0.072269	0.074808	0.0		0.0	0.0	0.0	0.0	CpuHotPaths.exe	MaterialX_v1_39_6::Document::getTypeDef	Document.h	0x1401c3cd8
                          MaterialX_v1_39_6::Element::getChildOfType<class MaterialX_v1_39_6::TypeDef>	0.072269	0.074808	0.0		0.0	0.0	0.0	0.0	CpuHotPaths.exe	MaterialX_v1_39_6::Element::getChildOfType<class MaterialX_v1_39_6::TypeDef>(class std::basic_string<char,struct std::char_traits<char>,class std::allocator<char> > const &)	Element.cpp	0x1401a2650
                           MaterialX_v1_39_6::Element::getChild	0.072269	0.074808	0.0		0.0	0.0	0.0	0.0	CpuHotPaths.exe	MaterialX_v1_39_6::Element::getChild(class std::basic_string<char,struct std::char_traits<char>,class std::allocator<char> > const &)	Element.cpp	0x1401c2250
                            std::_Hash<std::_Umap_traits<std::basic_string<char,std::char_traits<char>,std::allocator<char> >,std::shared_ptr<MaterialX_v1_39_6::Element>,std::_Uhash_compare<std::basic_string<char,std::char_traits<char>,std::allocator<char> >,std::hash<std::basic_string<char,std::char_traits<char>,std::allocator<char> > >,std::equal_to<std::basic_string<char,std::char_traits<char>,std::allocator<char> > > >,std::allocator<std::pair<std::basic_string<char,std::char_traits<char>,std::allocator<char> > const ,std::shared_ptr<MaterialX_v1_39_6::Element> > >,0> >::find	0.072269	0.074808	0.0		0.014290	0.014290	0.0	0.0	CpuHotPaths.exe	std::_Hash<std::_Umap_traits<std::basic_string<char,std::char_traits<char>,std::allocator<char> >,std::shared_ptr<MaterialX_v1_39_6::Element>,std::_Uhash_compare<std::basic_string<char,std::char_traits<char>,std::allocator<char> >,std::hash<std::basic_string<char,std::char_traits<char>,std::allocator<char> > >,std::equal_to<std::basic_string<char,std::char_traits<char>,std::allocator<char> > > >,std::allocator<std::pair<std::basic_string<char,std::char_traits<char>,std::allocator<char> > const ,std::shared_ptr<MaterialX_v1_39_6::Element> > >,0> >::find	xhash	0x1401c2276
                        MaterialX_v1_39_6::InterfaceElement::getActiveValueElements	0.145845	0.150971	0.0		0.0	0.0	0.0	0.0	CpuHotPaths.exe	MaterialX_v1_39_6::InterfaceElement::getActiveValueElements(void)	Interface.cpp	0x1401ccd20
                         std::_Tree<std::_Tset_traits<std::basic_string<char,std::char_traits<char>,std::allocator<char> >,std::less<std::basic_string<char,std::char_traits<char>,std::allocator<char> > >,std::allocator<std::basic_string<char,std::char_traits<char>,std::allocator<char> > >,0> >::{dtor}	0.073934	0.076533	0.0		0.014619	0.014619	0.0	0.0	CpuHotPaths.exe	std::_Tree<std::_Tset_traits<std::basic_string<char,std::char_traits<char>,std::allocator<char> >,std::less<std::basic_string<char,std::char_traits<char>,std::allocator<char> > >,std::allocator<std::basic_string<char,std::char_traits<char>,std::allocator<char> > >,0> >::{dtor}	xtree	0x1401cd19a
                         MaterialX_v1_39_6::Element::getChildrenOfType<class MaterialX_v1_39_6::ValueElement>	0.071911	0.074438	0.0		0.0	0.0	0.0	0.0	CpuHotPaths.exe	MaterialX_v1_39_6::Element::getChildrenOfType<class MaterialX_v1_39_6::ValueElement>(class std::basic_string<char,struct std::char_traits<char>,class std::allocator<char> > const &)	Element.cpp	0x1401b0250
                          std::shared_ptr<MaterialX_v1_39_6::Element>::{ctor}	0.071911	0.074438	0.0		0.014219	0.014219	0.0	0.0	CpuHotPaths.exe	std::shared_ptr<MaterialX_v1_39_6::Element>::{ctor}	memory	0x1401b0465
                        MaterialX_v1_39_6::ShaderNode::addInput	0.145157	0.150259	0.0		0.0	0.0	0.0	0.0	CpuHotPaths.exe	MaterialX_v1_39_6::ShaderNode::addInput(class std::basic_string<char,struct std::char_traits<char>,class std::allocator<char> > const &,class MaterialX_v1_39_6::TypeDesc)	ShaderNode.cpp	0x140140980
                         MaterialX_v1_39_6::ShaderNode::getInput	0.073952	0.076551	0.0		0.0	0.0	0.0	0.0	CpuHotPaths.exe	MaterialX_v1_39_6::ShaderNode::getInput(class std::basic_string<char,struct std::char_traits<char>,class std::allocator<char> > const &)	ShaderNode.cpp	0x140143510
                          std::_Hash<std::_Umap_traits<std::basic_string<char,std::char_traits<char>,std::allocator<char> >,std::shared_ptr<MaterialX_v1_39_6::ShaderInput>,std::_Uhash_compare<std::basic_string<char,std::char_traits<char>,std::allocator<char> >,std::hash<std::basic_string<char,std::char_traits<char>,std::allocator<char> > >,std::equal_to<std::basic_string<char,std::char_traits<char>,std::allocator<char> > > >,std::allocator<std::pair<std::basic_string<char,std::char_traits<char>,std::allocator<char> > const ,std::shared_ptr<MaterialX_v1_39_6::ShaderInput> > >,0> >::find	0.073952	0.076551	0.0		0.014623	0.014623	0.0	0.0	CpuHotPaths.exe	std::_Hash<std::_Umap_traits<std::basic_string<char,std::char_traits<char>,std::allocator<char> >,std::shared_ptr<MaterialX_v1_39_6::ShaderInput>,std::_Uhash_compare<std::basic_string<char,std::char_traits<char>,std::allocator<char> >,std::hash<std::basic_string<char,std::char_traits<char>,std::allocator<char> > >,std::equal_to<std::basic_string<char,std::char_traits<char>,std::allocator<char> > > >,std::allocator<std::pair<std::basic_string<char,std::char_traits<char>,std::allocator<char> > const ,std::shared_ptr<MaterialX_v1_39_6::ShaderInput> > >,0> >::find	xhash	0x14014351a
                         std::make_shared<MaterialX_v1_39_6::ShaderInput,MaterialX_v1_39_6::ShaderNode *,MaterialX_v1_39_6::TypeDesc &,std::basic_string<char,std::char_traits<char>,std::allocator<char> > const &>	0.071206	0.073708	0.0		0.014080	0.014080	0.0	0.0	CpuHotPaths.exe	std::make_shared<MaterialX_v1_39_6::ShaderInput,MaterialX_v1_39_6::ShaderNode *,MaterialX_v1_39_6::TypeDesc &,std::basic_string<char,std::char_traits<char>,std::allocator<char> > const &>(class MaterialX_v1_39_6::ShaderNode * *, class MaterialX_v1_39_6::TypeDesc & const, const class std::basic_string<char,std::char_traits<char>,std::allocator<char> > & const)	memory	0x14013e490
                        MaterialX_v1_39_6::Element::getAttribute	0.071636	0.074154	0.0		0.0	0.0	0.0	0.0	CpuHotPaths.exe	MaterialX_v1_39_6::Element::getAttribute(class std::basic_string<char,struct std::char_traits<char>,class std::allocator<char> > const &)	Element.h	0x1400b15e0
                         std::_Hash<std::_Umap_traits<std::basic_string<char,std::char_traits<char>,std::allocator<char> >,std::basic_string<char,std::char_traits<char>,std::allocator<char> >,std::_Uhash_compare<std::basic_string<char,std::char_traits<char>,std::allocator<char> >,std::hash<std::basic_string<char,std::char_traits<char>,std::allocator<char> > >,std::equal_to<std::basic_string<char,std::char_traits<char>,std::allocator<char> > > >,std::allocator<std::pair<std::basic_string<char,std::char_traits<char>,std::allocator<char> > const ,std::basic_string<char,std::char_traits<char>,std::allocator<char> > > >,0> >::find	0.071636	0.074154	0.0		0.014165	0.014165	0.0	0.0	CpuHotPaths.exe	std::_Hash<std::_Umap_traits<std::basic_string<char,std::char_traits<char>,std::allocator<char> >,std::basic_string<char,std::char_traits<char>,std::allocator<char> >,std::_Uhash_compare<std::basic_string<char,std::char_traits<char>,std::allocator<char> >,std::hash<std::basic_string<char,std::char_traits<char>,std::allocator<char> > >,std::equal_to<std::basic_string<char,std::char_traits<char>,std::allocator<char> > > >,std::allocator<std::pair<std::basic_string<char,std::char_traits<char>,std::allocator<char> > const ,std::basic_string<char,std::char_traits<char>,std::allocator<char> > > >,0> >::find	xhash	0x1400b15ea
                      std::basic_string<char,std::char_traits<char>,std::allocator<char> >::{dtor}	0.073363	0.075942	0.0		0.014506	0.014506	0.0	0.0	CpuHotPaths.exe	std::basic_string<char,std::char_traits<char>,std::allocator<char> >::{dtor}	xstring	0x140177f13
                      MaterialX_v1_39_6::Document::getNodeDef	0.070275	0.072745	0.0		0.0	0.0	0.0	0.0	CpuHotPaths.exe	MaterialX_v1_39_6::Document::getNodeDef	Document.h	0x140177221
                       MaterialX_v1_39_6::Element::getChildOfType<class MaterialX_v1_39_6::NodeDef>	0.070275	0.072745	0.0		0.0	0.0	0.0	0.0	CpuHotPaths.exe	MaterialX_v1_39_6::Element::getChildOfType<class MaterialX_v1_39_6::NodeDef>(class std::basic_string<char,struct std::char_traits<char>,class std::allocator<char> > const &)	Element.cpp	0x1401a00d0
                        MaterialX_v1_39_6::Element::getChild	0.070275	0.072745	0.0		0.0	0.0	0.0	0.0	CpuHotPaths.exe	MaterialX_v1_39_6::Element::getChild(class std::basic_string<char,struct std::char_traits<char>,class std::allocator<char> > const &)	Element.cpp	0x1401c2250
                         std::_Hash<std::_Umap_traits<std::basic_string<char,std::char_traits<char>,std::allocator<char> >,std::shared_ptr<MaterialX_v1_39_6::Element>,std::_Uhash_compare<std::basic_string<char,std::char_traits<char>,std::allocator<char> >,std::hash<std::basic_string<char,std::char_traits<char>,std::allocator<char> > >,std::equal_to<std::basic_string<char,std::char_traits<char>,std::allocator<char> > > >,std::allocator<std::pair<std::basic_string<char,std::char_traits<char>,std::allocator<char> > const ,std::shared_ptr<MaterialX_v1_39_6::Element> > >,0> >::find	0.070275	0.072745	0.0		0.013896	0.013896	0.0	0.0	CpuHotPaths.exe	std::_Hash<std::_Umap_traits<std::basic_string<char,std::char_traits<char>,std::allocator<char> >,std::shared_ptr<MaterialX_v1_39_6::Element>,std::_Uhash_compare<std::basic_string<char,std::char_traits<char>,std::allocator<char> >,std::hash<std::basic_string<char,std::char_traits<char>,std::allocator<char> > >,std::equal_to<std::basic_string<char,std::char_traits<char>,std::allocator<char> > > >,std::allocator<std::pair<std::basic_string<char,std::char_traits<char>,std::allocator<char> > const ,std::shared_ptr<MaterialX_v1_39_6::Element> > >,0> >::find	xhash	0x1401c2276
                     MaterialX_v1_39_6::ShaderGraph::setVariableNames	3.172467	3.283960	0.0		0.0	0.0	0.0	0.0	CpuHotPaths.exe	MaterialX_v1_39_6::ShaderGraph::setVariableNames(class MaterialX_v1_39_6::GenContext &)	ShaderGraph.cpp	0x1401663b0
                      MaterialX_v1_39_6::Syntax::getVariableName	2.818275	2.917320	0.0		0.0	0.0	0.0	0.0	CpuHotPaths.exe	MaterialX_v1_39_6::Syntax::getVariableName(class std::basic_string<char,struct std::char_traits<char>,class std::allocator<char> > const &,class MaterialX_v1_39_6::TypeDesc,class std::unordered_map<class std::basic_string<char,struct std::char_traits<char>,class std::allocator<char> >,unsigned __int64,struct std::hash<class std::basic_string<char,struct std::char_traits<char>,class std::allocator<char> > >,struct std::equal_to<class std::basic_string<char,struct std::char_traits<char>,class std::allocator<char> > >,class std::allocator<struct std::pair<class std::basic_string<char,struct std::char_traits<char>,class std::allocator<char> > const ,unsigned __int64> > > &)	Syntax.cpp	0x1401493e0
                       MaterialX_v1_39_6::Syntax::makeIdentifier	2.669214	2.763020	0.0		0.014478	0.014478	0.0	0.0	CpuHotPaths.exe	MaterialX_v1_39_6::Syntax::makeIdentifier(class std::basic_string<char,struct std::char_traits<char>,class std::allocator<char> > &,class std::unordered_map<class std::basic_string<char,struct std::char_traits<char>,class std::allocator<char> >,unsigned __int64,struct std::hash<class std::basic_string<char,struct std::char_traits<char>,class std::allocator<char> > >,struct std::equal_to<class std::basic_string<char,struct std::char_traits<char>,class std::allocator<char> > >,class std::allocator<struct std::pair<class std::basic_string<char,struct std::char_traits<char>,class std::allocator<char> > const ,unsigned __int64> > > &)	Syntax.cpp	0x140149490
                        MaterialX_v1_39_6::Syntax::makeValidName	2.240459	2.319197	0.0		0.100672	0.100672	0.0	0.0	CpuHotPaths.exe	MaterialX_v1_39_6::Syntax::makeValidName(class std::basic_string<char,struct std::char_traits<char>,class std::allocator<char> > &)	Syntax.cpp	0x1401498f0
                         std::find	1.083542	1.121622	0.0		0.214253	0.214253	0.0	0.0	CpuHotPaths.exe	std::find	xutility	0x1401499d6
                         MaterialX_v1_39_6::replaceSubstrings	0.221720	0.229512	0.0		0.014280	0.014280	0.0	0.0	CpuHotPaths.exe	MaterialX_v1_39_6::replaceSubstrings(class std::basic_string<char,struct std::char_traits<char>,class std::allocator<char> >,class std::unordered_map<class std::basic_string<char,struct std::char_traits<char>,class std::allocator<char> >,class std::basic_string<char,struct std::char_traits<char>,class std::allocator<char> >,struct std::hash<class std::basic_string<char,struct std::char_traits<char>,class std::allocator<char> > >,struct std::equal_to<class std::basic_string<char,struct std::char_traits<char>,class std::allocator<char> > >,class std::allocator<struct std::pair<class std::basic_string<char,struct std::char_traits<char>,class std::allocator<char> > const ,class std::basic_string<char,struct std::char_traits<char>,class std::allocator<char> > > > > const &)	Util.cpp	0x14017fb00
                          std::basic_string<char,std::char_traits<char>,std::allocator<char> >::find	0.149503	0.154757	0.0		0.029562	0.029562	0.0	0.0	CpuHotPaths.exe	std::basic_string<char,std::char_traits<char>,std::allocator<char> >::find	xstring	0x14017fb60
                         std::basic_string<char,struct std::char_traits<char>,class std::allocator<char> >::basic_string<char,struct std::char_traits<char>,class std::allocator<char> >	0.216248	0.223848	0.0		0.014496	0.014496	0.0	0.0	CpuHotPaths.exe	std::basic_string<char,struct std::char_traits<char>,class std::allocator<char> >::basic_string<char,struct std::char_traits<char>,class std::allocator<char> >(class std::basic_string<char,struct std::char_traits<char>,class std::allocator<char> > const &)	xstring	0x1400aa8d0
                          operator new	0.142936	0.147960	0.0		0.0	0.0	0.0	0.0	CpuHotPaths.exe	operator new(unsigned __int64)	new_scalar.cpp	0x140234a68
                           malloc_base	0.142936	0.147960	0.0		0.028263	0.028263	0.0	0.0	ucrtbase.dll	malloc_base	[Unknown]	0x1800050a0
                         std::replace_if	0.209818	0.217191	0.0		0.0	0.0	0.0	0.0	CpuHotPaths.exe	std::replace_if	algorithm	0x14014993a
                          MaterialX_v1_39_6::isInvalidChar	0.209818	0.217191	0.0		0.013722	0.013722	0.0	0.0	CpuHotPaths.exe	MaterialX_v1_39_6::isInvalidChar	Syntax.cpp	0x140149943
                           isalnum	0.140421	0.145356	0.0		0.027766	0.027766	0.0	0.0	ucrtbase.dll	isalnum	[Unknown]	0x18000dbe0
                        std::unordered_map<std::basic_string<char,std::char_traits<char>,std::allocator<char> >,unsigned __int64,std::hash<std::basic_string<char,std::char_traits<char>,std::allocator<char> > >,std::equal_to<std::basic_string<char,std::char_traits<char>,std::allocator<char> > >,std::allocator<std::pair<std::basic_string<char,std::char_traits<char>,std::allocator<char> > const ,unsigned __int64> > >::operator[]	0.286747	0.296824	0.0		0.014199	0.014199	0.0	0.0	CpuHotPaths.exe	std::unordered_map<std::basic_string<char,std::char_traits<char>,std::allocator<char> >,unsigned __int64,std::hash<std::basic_string<char,std::char_traits<char>,std::allocator<char> > >,std::equal_to<std::basic_string<char,std::char_traits<char>,std::allocator<char> > >,std::allocator<std::pair<std::basic_string<char,std::char_traits<char>,std::allocator<char> > const ,unsigned __int64> > >::operator[]	unordered_map	0x1401497ce
                         operator new	0.214937	0.222491	0.0		0.0	0.0	0.0	0.0	CpuHotPaths.exe	operator new(unsigned __int64)	new_scalar.cpp	0x140234a68
                          malloc_base	0.143878	0.148934	0.0		0.028450	0.028450	0.0	0.0	ucrtbase.dll	malloc_base	[Unknown]	0x1800050a0
                          malloc	0.071059	0.073556	0.0		0.014051	0.014051	0.0	0.0	ucrtbase.dll	malloc	[Unknown]	0x18000ada0
                        std::_Hash<std::_Umap_traits<std::basic_string<char,std::char_traits<char>,std::allocator<char> >,unsigned __int64,std::_Uhash_compare<std::basic_string<char,std::char_traits<char>,std::allocator<char> >,std::hash<std::basic_string<char,std::char_traits<char>,std::allocator<char> > >,std::equal_to<std::basic_string<char,std::char_traits<char>,std::allocator<char> > > >,std::allocator<std::pair<std::basic_string<char,std::char_traits<char>,std::allocator<char> > const ,unsigned __int64> >,0> >::find	0.068790	0.071208	0.0		0.013602	0.013602	0.0	0.0	CpuHotPaths.exe	std::_Hash<std::_Umap_traits<std::basic_string<char,std::char_traits<char>,std::allocator<char> >,unsigned __int64,std::_Uhash_compare<std::basic_string<char,std::char_traits<char>,std::allocator<char> >,std::hash<std::basic_string<char,std::char_traits<char>,std::allocator<char> > >,std::equal_to<std::basic_string<char,std::char_traits<char>,std::allocator<char> > > >,std::allocator<std::pair<std::basic_string<char,std::char_traits<char>,std::allocator<char> > const ,unsigned __int64> >,0> >::find	xhash	0x1401494cd
                       std::basic_string<char,struct std::char_traits<char>,class std::allocator<char> >::basic_string<char,struct std::char_traits<char>,class std::allocator<char> >	0.149061	0.154300	0.0		0.0	0.0	0.0	0.0	CpuHotPaths.exe	std::basic_string<char,struct std::char_traits<char>,class std::allocator<char> >::basic_string<char,struct std::char_traits<char>,class std::allocator<char> >(class std::basic_string<char,struct std::char_traits<char>,class std::allocator<char> > const &)	xstring	0x1400aa8d0
                        operator new	0.149061	0.154300	0.0		0.0	0.0	0.0	0.0	CpuHotPaths.exe	operator new(unsigned __int64)	new_scalar.cpp	0x140234a68
                         malloc_base	0.149061	0.154300	0.0		0.029474	0.029474	0.0	0.0	ucrtbase.dll	malloc_base	[Unknown]	0x1800050a0
                      MaterialX_v1_39_6::ShaderPort::getFullName	0.215986	0.223576	0.0		0.0	0.0	0.0	0.0	CpuHotPaths.exe	MaterialX_v1_39_6::ShaderPort::getFullName(void)	ShaderNode.cpp	0x140143380
                       std::operator+	0.215986	0.223576	0.0		0.014161	0.014161	0.0	0.0	CpuHotPaths.exe	std::operator+	xstring	0x1401433b6
                        operator new	0.144371	0.149445	0.0		0.0	0.0	0.0	0.0	CpuHotPaths.exe	operator new(unsigned __int64)	new_scalar.cpp	0x140234a68
                         malloc_base	0.144371	0.149445	0.0		0.028547	0.028547	0.0	0.0	ucrtbase.dll	malloc_base	[Unknown]	0x1800050a0
                      std::basic_string<char,std::char_traits<char>,std::allocator<char> >::operator=	0.070432	0.072907	0.0		0.013927	0.013927	0.0	0.0	CpuHotPaths.exe	std::basic_string<char,std::char_traits<char>,std::allocator<char> >::operator=	xstring	0x1401665fd
                      std::basic_string<char,std::char_traits<char>,std::allocator<char> >::{dtor}	0.067775	0.070157	0.0		0.013401	0.013401	0.0	0.0	CpuHotPaths.exe	std::basic_string<char,std::char_traits<char>,std::allocator<char> >::{dtor}	xstring	0x1401666d9
                     MaterialX_v1_39_6::ShaderGraph::removeUnusedNodes	0.728155	0.753745	0.0		0.014317	0.014317	0.0	0.0	CpuHotPaths.exe	MaterialX_v1_39_6::ShaderGraph::removeUnusedNodes(void)	ShaderGraph.cpp	0x1401656c0
                      MaterialX_v1_39_6::ShaderGraphEdgeIterator::operator++	0.288728	0.298875	0.0		0.0	0.0	0.0	0.0	CpuHotPaths.exe	MaterialX_v1_39_6::ShaderGraphEdgeIterator::operator++(void)	ShaderGraph.cpp	0x140158820
                       MaterialX_v1_39_6::ShaderGraphEdgeIterator::skipOrMarkAsVisited	0.217321	0.224958	0.0		0.0	0.0	0.0	0.0	CpuHotPaths.exe	MaterialX_v1_39_6::ShaderGraphEdgeIterator::skipOrMarkAsVisited(class MaterialX_v1_39_6::ShaderGraphEdge)	ShaderGraph.cpp	0x140166a70
                        std::_Tree<std::_Tset_traits<MaterialX_v1_39_6::ShaderGraphEdge,std::less<MaterialX_v1_39_6::ShaderGraphEdge>,std::allocator<MaterialX_v1_39_6::ShaderGraphEdge>,0> >::emplace	0.217321	0.224958	0.0		0.028538	0.028538	0.0	0.0	CpuHotPaths.exe	std::_Tree<std::_Tset_traits<MaterialX_v1_39_6::ShaderGraphEdge,std::less<MaterialX_v1_39_6::ShaderGraphEdge>,std::allocator<MaterialX_v1_39_6::ShaderGraphEdge>,0> >::emplace	xtree	0x140166a86
                         MaterialX_v1_39_6::ShaderGraphEdge::operator<	0.072996	0.075561	0.0		0.0	0.0	0.0	0.0	CpuHotPaths.exe	MaterialX_v1_39_6::ShaderGraphEdge::operator<	ShaderGraph.h	0x140166aa8
                          std::operator<	0.072996	0.075561	0.0		0.014434	0.014434	0.0	0.0	CpuHotPaths.exe	std::operator<	tuple	0x140166aa8
                       MaterialX_v1_39_6::ShaderNode::numInputs	0.071407	0.073917	0.0		0.0	0.0	0.0	0.0	CpuHotPaths.exe	MaterialX_v1_39_6::ShaderNode::numInputs	ShaderNode.h	0x14015883f
                        std::vector<MaterialX_v1_39_6::ShaderInput *,std::allocator<MaterialX_v1_39_6::ShaderInput *> >::size	0.071407	0.073917	0.0		0.014120	0.014120	0.0	0.0	CpuHotPaths.exe	std::vector<MaterialX_v1_39_6::ShaderInput *,std::allocator<MaterialX_v1_39_6::ShaderInput *> >::size	vector	0x14015883f
                      std::_Tree<std::_Tset_traits<MaterialX_v1_39_6::ShaderNode *,std::less<MaterialX_v1_39_6::ShaderNode *>,std::allocator<MaterialX_v1_39_6::ShaderNode *>,0> >::insert	0.221339	0.229118	0.0		0.029383	0.029383	0.0	0.0	CpuHotPaths.exe	std::_Tree<std::_Tset_traits<MaterialX_v1_39_6::ShaderNode *,std::less<MaterialX_v1_39_6::ShaderNode *>,std::allocator<MaterialX_v1_39_6::ShaderNode *>,0> >::insert	xtree	0x140165b62
                       operator new	0.072738	0.075295	0.0		0.0	0.0	0.0	0.0	CpuHotPaths.exe	operator new(unsigned __int64)	new_scalar.cpp	0x140234a68
                        malloc_base	0.072738	0.075295	0.0		0.014383	0.014383	0.0	0.0	ucrtbase.dll	malloc_base	[Unknown]	0x1800050a0
                      std::_Tree<std::_Tset_traits<MaterialX_v1_39_6::ShaderNode *,std::less<MaterialX_v1_39_6::ShaderNode *>,std::allocator<MaterialX_v1_39_6::ShaderNode *>,0> >::count	0.145684	0.150804	0.0		0.028807	0.028807	0.0	0.0	CpuHotPaths.exe	std::_Tree<std::_Tset_traits<MaterialX_v1_39_6::ShaderNode *,std::less<MaterialX_v1_39_6::ShaderNode *>,std::allocator<MaterialX_v1_39_6::ShaderNode *>,0> >::count	xtree	0x140165d64
                    MaterialX_v1_39_6::ShaderGraph::addInputSockets	1.165040	1.132154	2.100782		0.0	0.0	0.0	0.0	CpuHotPaths.exe	MaterialX_v1_39_6::ShaderGraph::addInputSockets(class MaterialX_v1_39_6::InterfaceElement const &,class MaterialX_v1_39_6::GenContext &)	ShaderGraph.cpp	0x14015c7f0
                     MaterialX_v1_39_6::ValueElement::getResolvedValue	0.361391	0.374092	0.0		0.0	0.0	0.0	0.0	CpuHotPaths.exe	MaterialX_v1_39_6::ValueElement::getResolvedValue(class std::shared_ptr<class MaterialX_v1_39_6::StringResolver>)	Element.cpp	0x1401c3be0
                      MaterialX_v1_39_6::Value::createValueFromStrings	0.289444	0.299616	0.0		0.0	0.0	0.0	0.0	CpuHotPaths.exe	MaterialX_v1_39_6::Value::createValueFromStrings(class std::basic_string<char,struct std::char_traits<char>,class std::allocator<char> > const &,class std::basic_string<char,struct std::char_traits<char>,class std::allocator<char> > const &,class std::shared_ptr<class MaterialX_v1_39_6::TypeDef const >)	Value.cpp	0x140202910
                       MaterialX_v1_39_6::TypedValue<float>::createFromString	0.215664	0.223244	0.0		0.0	0.0	0.0	0.0	CpuHotPaths.exe	MaterialX_v1_39_6::TypedValue<float>::createFromString(class std::basic_string<char,struct std::char_traits<char>,class std::allocator<char> > const &)	Value.cpp	0x140201350
                        MaterialX_v1_39_6::fromValueString<float>	0.215664	0.223244	0.0		0.0	0.0	0.0	0.0	CpuHotPaths.exe	MaterialX_v1_39_6::fromValueString<float>(class std::basic_string<char,struct std::char_traits<char>,class std::allocator<char> > const &)	Value.cpp	0x1401fb440
                         std::basic_stringstream<char,std::char_traits<char>,std::allocator<char> >::{ctor}	0.215664	0.223244	0.0		0.042644	0.042644	0.0	0.0	CpuHotPaths.exe	std::basic_stringstream<char,std::char_traits<char>,std::allocator<char> >::{ctor}	sstream	0x1401fb47b
                       MaterialX_v1_39_6::TypedValue<class MaterialX_v1_39_6::Color3>::createFromString	0.073780	0.076373	0.0		0.0	0.0	0.0	0.0	CpuHotPaths.exe	MaterialX_v1_39_6::TypedValue<class MaterialX_v1_39_6::Color3>::createFromString(class std::basic_string<char,struct std::char_traits<char>,class std::allocator<char> > const &)	Value.cpp	0x140201b10
                        MaterialX_v1_39_6::fromValueString	0.073780	0.076373	0.0		0.0	0.0	0.0	0.0	CpuHotPaths.exe	MaterialX_v1_39_6::fromValueString	Value.cpp	0x140201b3a
                         MaterialX_v1_39_6::fromValueString<float>	0.073780	0.076373	0.0		0.0	0.0	0.0	0.0	CpuHotPaths.exe	MaterialX_v1_39_6::fromValueString<float>(class std::basic_string<char,struct std::char_traits<char>,class std::allocator<char> > const &)	Value.cpp	0x1401fb440
                          std::basic_stringstream<char,std::char_traits<char>,std::allocator<char> >::{ctor}	0.073780	0.076373	0.0		0.0	0.0	0.0	0.0	CpuHotPaths.exe	std::basic_stringstream<char,std::char_traits<char>,std::allocator<char> >::{ctor}	sstream	0x1401fb47b
                           operator new	0.073780	0.076373	0.0		0.0	0.0	0.0	0.0	CpuHotPaths.exe	operator new(unsigned __int64)	new_scalar.cpp	0x140234a68
                            malloc_base	0.073780	0.076373	0.0		0.014589	0.014589	0.0	0.0	ucrtbase.dll	malloc_base	[Unknown]	0x1800050a0
                      MaterialX_v1_39_6::ValueElement::hasValue	0.071948	0.074476	0.0		0.0	0.0	0.0	0.0	CpuHotPaths.exe	MaterialX_v1_39_6::ValueElement::hasValue(void)	Element.h	0x1401c4ea0
                       MaterialX_v1_39_6::Element::hasAttribute	0.071948	0.074476	0.0		0.0	0.0	0.0	0.0	CpuHotPaths.exe	MaterialX_v1_39_6::Element::hasAttribute	Element.h	0x1401c4ea4
                        std::_Hash<std::_Umap_traits<std::basic_string<char,std::char_traits<char>,std::allocator<char> >,std::basic_string<char,std::char_traits<char>,std::allocator<char> >,std::_Uhash_compare<std::basic_string<char,std::char_traits<char>,std::allocator<char> >,std::hash<std::basic_string<char,std::char_traits<char>,std::allocator<char> > >,std::equal_to<std::basic_string<char,std::char_traits<char>,std::allocator<char> > > >,std::allocator<std::pair<std::basic_string<char,std::char_traits<char>,std::allocator<char> > const ,std::basic_string<char,std::char_traits<char>,std::allocator<char> > > >,0> >::count	0.071948	0.074476	0.0		0.014226	0.014226	0.0	0.0	CpuHotPaths.exe	std::_Hash<std::_Umap_traits<std::basic_string<char,std::char_traits<char>,std::allocator<char> >,std::basic_string<char,std::char_traits<char>,std::allocator<char> >,std::_Uhash_compare<std::basic_string<char,std::char_traits<char>,std::allocator<char> >,std::hash<std::basic_string<char,std::char_traits<char>,std::allocator<char> > >,std::equal_to<std::basic_string<char,std::char_traits<char>,std::allocator<char> > > >,std::allocator<std::pair<std::basic_string<char,std::char_traits<char>,std::allocator<char> > const ,std::basic_string<char,std::char_traits<char>,std::allocator<char> > > >,0> >::count	xhash	0x1401c4ea4
                     MaterialX_v1_39_6::TypedValue<class MaterialX_v1_39_6::Color3>::getValueString	0.220781	0.228540	0.0		0.0	0.0	0.0	0.0	CpuHotPaths.exe	MaterialX_v1_39_6::TypedValue<class MaterialX_v1_39_6::Color3>::getValueString(void)	Value.cpp	0x1401f6690
                      MaterialX_v1_39_6::toValueString	0.220781	0.228540	0.0		0.0	0.0	0.0	0.0	CpuHotPaths.exe	MaterialX_v1_39_6::toValueString	Value.cpp	0x1401f66c2
                       MaterialX_v1_39_6::toValueString<float>	0.220781	0.228540	0.0		0.0	0.0	0.0	0.0	CpuHotPaths.exe	MaterialX_v1_39_6::toValueString<float>(float const &)	Value.cpp	0x1401fe5f0
                        std::basic_ostream<char,struct std::char_traits<char> >::operator<<	0.147022	0.152189	0.0		0.029071	0.029071	0.0	0.0	MSVCP140.dll	std::basic_ostream<char,struct std::char_traits<char> >::operator<<(float)	[Unknown]	0x18004fa10
                        std::basic_stringstream<char,std::char_traits<char>,std::allocator<char> >::{ctor}	0.073759	0.076351	0.0		0.014585	0.014585	0.0	0.0	CpuHotPaths.exe	std::basic_stringstream<char,std::char_traits<char>,std::allocator<char> >::{ctor}	sstream	0x1401fe64c
                     MaterialX_v1_39_6::TypedValue<float>::getValueString	0.220348	0.154262	2.100782		0.0	0.0	0.0	0.0	CpuHotPaths.exe	MaterialX_v1_39_6::TypedValue<float>::getValueString(void)	Value.cpp	0x1401f6620
                      MaterialX_v1_39_6::toValueString<float>	0.220348	0.154262	2.100782		0.0	0.0	0.0	0.0	CpuHotPaths.exe	MaterialX_v1_39_6::toValueString<float>(float const &)	Value.cpp	0x1401fe5f0
                       std::basic_string<char,std::char_traits<char>,std::allocator<char> >::operator=	0.077553	0.080279	0.0		0.015335	0.015335	0.0	0.0	CpuHotPaths.exe	std::basic_string<char,std::char_traits<char>,std::allocator<char> >::operator=	xstring	0x1401fe7b4
                       std::basic_ostream<char,struct std::char_traits<char> >::operator<<	0.071471	0.073983	0.0		0.014132	0.014132	0.0	0.0	MSVCP140.dll	std::basic_ostream<char,struct std::char_traits<char> >::operator<<(float)	[Unknown]	0x18004fa10
                       std::basic_stringstream<char,std::char_traits<char>,std::allocator<char> >::{ctor}	0.071323	0.0	2.100782		0.014103	0.0	0.014103	0.0	CpuHotPaths.exe	std::basic_stringstream<char,std::char_traits<char>,std::allocator<char> >::{ctor}	sstream	0x1401fe64c
                     MaterialX_v1_39_6::InterfaceElement::getActiveInputs	0.144376	0.149449	0.0		0.0	0.0	0.0	0.0	CpuHotPaths.exe	MaterialX_v1_39_6::InterfaceElement::getActiveInputs(void)	Interface.cpp	0x1401cae40
                      std::_Tree<std::_Tset_traits<std::basic_string<char,std::char_traits<char>,std::allocator<char> >,std::less<std::basic_string<char,std::char_traits<char>,std::allocator<char> > >,std::allocator<std::basic_string<char,std::char_traits<char>,std::allocator<char> > >,0> >::insert	0.144376	0.149449	0.0		0.028548	0.028548	0.0	0.0	CpuHotPaths.exe	std::_Tree<std::_Tset_traits<std::basic_string<char,std::char_traits<char>,std::allocator<char> >,std::less<std::basic_string<char,std::char_traits<char>,std::allocator<char> > >,std::allocator<std::basic_string<char,std::char_traits<char>,std::allocator<char> > >,0> >::insert	xtree	0x1401cafa1
                     MaterialX_v1_39_6::ShaderGraph::addInputSocket	0.143264	0.148298	0.0		0.0	0.0	0.0	0.0	CpuHotPaths.exe	MaterialX_v1_39_6::ShaderGraph::addInputSocket	ShaderGraph.cpp	0x14015cdf7
                      MaterialX_v1_39_6::ShaderNode::addOutput	0.143264	0.148298	0.0		0.0	0.0	0.0	0.0	CpuHotPaths.exe	MaterialX_v1_39_6::ShaderNode::addOutput(class std::basic_string<char,struct std::char_traits<char>,class std::allocator<char> > const &,class MaterialX_v1_39_6::TypeDesc)	ShaderNode.cpp	0x140140bd0
                       std::unordered_map<std::basic_string<char,std::char_traits<char>,std::allocator<char> >,std::shared_ptr<MaterialX_v1_39_6::ShaderOutput>,std::hash<std::basic_string<char,std::char_traits<char>,std::allocator<char> > >,std::equal_to<std::basic_string<char,std::char_traits<char>,std::allocator<char> > >,std::allocator<std::pair<std::basic_string<char,std::char_traits<char>,std::allocator<char> > const ,std::shared_ptr<MaterialX_v1_39_6::ShaderOutput> > > >::operator[]	0.072250	0.074789	0.0		0.0	0.0	0.0	0.0	CpuHotPaths.exe	std::unordered_map<std::basic_string<char,std::char_traits<char>,std::allocator<char> >,std::shared_ptr<MaterialX_v1_39_6::ShaderOutput>,std::hash<std::basic_string<char,std::char_traits<char>,std::allocator<char> > >,std::equal_to<std::basic_string<char,std::char_traits<char>,std::allocator<char> > >,std::allocator<std::pair<std::basic_string<char,std::char_traits<char>,std::allocator<char> > const ,std::shared_ptr<MaterialX_v1_39_6::ShaderOutput> > > >::operator[]	unordered_map	0x140140c96
                        operator new	0.072250	0.074789	0.0		0.0	0.0	0.0	0.0	CpuHotPaths.exe	operator new(unsigned __int64)	new_scalar.cpp	0x140234a68
                         malloc_base	0.072250	0.074789	0.0		0.014286	0.014286	0.0	0.0	ucrtbase.dll	malloc_base	[Unknown]	0x1800050a0
                       std::make_shared<MaterialX_v1_39_6::ShaderOutput,MaterialX_v1_39_6::ShaderNode *,MaterialX_v1_39_6::TypeDesc &,std::basic_string<char,std::char_traits<char>,std::allocator<char> > const &>	0.071014	0.073509	0.0		0.014042	0.014042	0.0	0.0	CpuHotPaths.exe	std::make_shared<MaterialX_v1_39_6::ShaderOutput,MaterialX_v1_39_6::ShaderNode *,MaterialX_v1_39_6::TypeDesc &,std::basic_string<char,std::char_traits<char>,std::allocator<char> > const &>(class MaterialX_v1_39_6::ShaderNode * *, class MaterialX_v1_39_6::TypeDesc & const, const class std::basic_string<char,std::char_traits<char>,std::allocator<char> > & const)	memory	0x14013e720
                     MaterialX_v1_39_6::Element::getNamePath	0.074881	0.077513	0.0		0.0	0.0	0.0	0.0	CpuHotPaths.exe	MaterialX_v1_39_6::Element::getNamePath(class std::shared_ptr<class MaterialX_v1_39_6::Element const >)	Element.cpp	0x1401c2e80
                      std::basic_string<char,std::char_traits<char>,std::allocator<char> >::{dtor}	0.074881	0.077513	0.0		0.014807	0.014807	0.0	0.0	CpuHotPaths.exe	std::basic_string<char,std::char_traits<char>,std::allocator<char> >::{dtor}	xstring	0x1401c32a1
                    MaterialX_v1_39_6::NodeGraph::getNodeDef	1.151070	1.191523	0.0		0.0	0.0	0.0	0.0	CpuHotPaths.exe	MaterialX_v1_39_6::NodeGraph::getNodeDef(void)	Node.cpp	0x1401e6010
                     MaterialX_v1_39_6::Element::getQualifiedName	0.286239	0.296299	0.0		0.028391	0.028391	0.0	0.0	CpuHotPaths.exe	MaterialX_v1_39_6::Element::getQualifiedName(class std::basic_string<char,struct std::char_traits<char>,class std::allocator<char> > const &)	Element.h	0x1401c35b0
                      std::basic_string<char,struct std::char_traits<char>,class std::allocator<char> >::basic_string<char,struct std::char_traits<char>,class std::allocator<char> >	0.072494	0.075042	0.0		0.0	0.0	0.0	0.0	CpuHotPaths.exe	std::basic_string<char,struct std::char_traits<char>,class std::allocator<char> >::basic_string<char,struct std::char_traits<char>,class std::allocator<char> >(class std::basic_string<char,struct std::char_traits<char>,class std::allocator<char> > const &)	xstring	0x1400aa8d0
                       operator new	0.072494	0.075042	0.0		0.0	0.0	0.0	0.0	CpuHotPaths.exe	operator new(unsigned __int64)	new_scalar.cpp	0x140234a68
                        malloc_base	0.072494	0.075042	0.0		0.014335	0.014335	0.0	0.0	ucrtbase.dll	malloc_base	[Unknown]	0x1800050a0
                      std::shared_ptr<MaterialX_v1_39_6::Element const >::operator=	0.070165	0.072631	0.0		0.013874	0.013874	0.0	0.0	CpuHotPaths.exe	std::shared_ptr<MaterialX_v1_39_6::Element const >::operator=	memory	0x1401c36b4
                     std::shared_ptr<MaterialX_v1_39_6::Implementation>::{ctor}	0.284984	0.294999	0.0		0.056351	0.056351	0.0	0.0	CpuHotPaths.exe	std::shared_ptr<MaterialX_v1_39_6::Implementation>::{ctor}	memory	0x1401e6100
                     MaterialX_v1_39_6::Document::getImplementations	0.213877	0.221394	0.0		0.0	0.0	0.0	0.0	CpuHotPaths.exe	MaterialX_v1_39_6::Document::getImplementations	Document.h	0x1401e6093
                      MaterialX_v1_39_6::Element::getChildrenOfType<class MaterialX_v1_39_6::Implementation>	0.213877	0.221394	0.0		0.0	0.0	0.0	0.0	CpuHotPaths.exe	MaterialX_v1_39_6::Element::getChildrenOfType<class MaterialX_v1_39_6::Implementation>(class std::basic_string<char,struct std::char_traits<char>,class std::allocator<char> > const &)	Element.cpp	0x1401a88d0
                       std::vector<std::shared_ptr<MaterialX_v1_39_6::Implementation>,std::allocator<std::shared_ptr<MaterialX_v1_39_6::Implementation> > >::push_back	0.072127	0.074662	0.0		0.014262	0.014262	0.0	0.0	CpuHotPaths.exe	std::vector<std::shared_ptr<MaterialX_v1_39_6::Implementation>,std::allocator<std::shared_ptr<MaterialX_v1_39_6::Implementation> > >::push_back	vector	0x1401a8bcb
                       std::shared_ptr<MaterialX_v1_39_6::Element>::{ctor}	0.072021	0.074552	0.0		0.014241	0.014241	0.0	0.0	CpuHotPaths.exe	std::shared_ptr<MaterialX_v1_39_6::Element>::{ctor}	memory	0x1401a8ae5
                       MaterialX_v1_39_6::Element::asA<class MaterialX_v1_39_6::Implementation>	0.069729	0.072180	0.0		0.0	0.0	0.0	0.0	CpuHotPaths.exe	MaterialX_v1_39_6::Element::asA<class MaterialX_v1_39_6::Implementation>(void)	Element.cpp	0x140191b50
                        MaterialX_v1_39_6::Element::getSelf	0.069729	0.072180	0.0		0.0	0.0	0.0	0.0	CpuHotPaths.exe	MaterialX_v1_39_6::Element::getSelf	Element.h	0x140191b67
                         std::enable_shared_from_this<MaterialX_v1_39_6::Element>::shared_from_this	0.069729	0.072180	0.0		0.013788	0.013788	0.0	0.0	CpuHotPaths.exe	std::enable_shared_from_this<MaterialX_v1_39_6::Element>::shared_from_this	memory	0x140191b67
                     std::shared_ptr<MaterialX_v1_39_6::Implementation>::{dtor}	0.148540	0.153761	0.0		0.029371	0.029371	0.0	0.0	CpuHotPaths.exe	std::shared_ptr<MaterialX_v1_39_6::Implementation>::{dtor}	memory	0x1401e625c
                     MaterialX_v1_39_6::Implementation::getNodeGraph	0.145666	0.150785	0.0		0.0	0.0	0.0	0.0	CpuHotPaths.exe	MaterialX_v1_39_6::Implementation::getNodeGraph	Definition.h	0x1401e6135
                      MaterialX_v1_39_6::Element::getAttribute	0.145666	0.150785	0.0		0.0	0.0	0.0	0.0	CpuHotPaths.exe	MaterialX_v1_39_6::Element::getAttribute(class std::basic_string<char,struct std::char_traits<char>,class std::allocator<char> > const &)	Element.h	0x1400b15e0
                       std::_Hash<std::_Umap_traits<std::basic_string<char,std::char_traits<char>,std::allocator<char> >,std::basic_string<char,std::char_traits<char>,std::allocator<char> >,std::_Uhash_compare<std::basic_string<char,std::char_traits<char>,std::allocator<char> >,std::hash<std::basic_string<char,std::char_traits<char>,std::allocator<char> > >,std::equal_to<std::basic_string<char,std::char_traits<char>,std::allocator<char> > > >,std::allocator<std::pair<std::basic_string<char,std::char_traits<char>,std::allocator<char> > const ,std::basic_string<char,std::char_traits<char>,std::allocator<char> > > >,0> >::find	0.145666	0.150785	0.0		0.028803	0.028803	0.0	0.0	CpuHotPaths.exe	std::_Hash<std::_Umap_traits<std::basic_string<char,std::char_traits<char>,std::allocator<char> >,std::basic_string<char,std::char_traits<char>,std::allocator<char> >,std::_Uhash_compare<std::basic_string<char,std::char_traits<char>,std::allocator<char> >,std::hash<std::basic_string<char,std::char_traits<char>,std::allocator<char> > >,std::equal_to<std::basic_string<char,std::char_traits<char>,std::allocator<char> > > >,std::allocator<std::pair<std::basic_string<char,std::char_traits<char>,std::allocator<char> > const ,std::basic_string<char,std::char_traits<char>,std::allocator<char> > > >,0> >::find	xhash	0x1400b15ea
                     std::basic_string<char,std::char_traits<char>,std::allocator<char> >::{dtor}	0.071764	0.074286	0.0		0.014190	0.014190	0.0	0.0	CpuHotPaths.exe	std::basic_string<char,std::char_traits<char>,std::allocator<char> >::{dtor}	xstring	0x1401e617a
                    std::make_shared	0.071754	0.074276	0.0		0.0	0.0	0.0	0.0	CpuHotPaths.exe	std::make_shared	memory	0x140161adc
                     MaterialX_v1_39_6::ShaderGraph::ShaderGraph	0.071754	0.074276	0.0		0.0	0.0	0.0	0.0	CpuHotPaths.exe	MaterialX_v1_39_6::ShaderGraph::ShaderGraph(class MaterialX_v1_39_6::ShaderGraph const *,class std::basic_string<char,struct std::char_traits<char>,class std::allocator<char> > const &,class std::shared_ptr<class MaterialX_v1_39_6::Document const >,class MaterialX_v1_39_6::GenContext &)	ShaderGraph.cpp	0x140157450
                      MaterialX_v1_39_6::Syntax::makeIdentifier	0.071754	0.074276	0.0		0.0	0.0	0.0	0.0	CpuHotPaths.exe	MaterialX_v1_39_6::Syntax::makeIdentifier(class std::basic_string<char,struct std::char_traits<char>,class std::allocator<char> > &,class std::unordered_map<class std::basic_string<char,struct std::char_traits<char>,class std::allocator<char> >,unsigned __int64,struct std::hash<class std::basic_string<char,struct std::char_traits<char>,class std::allocator<char> > >,struct std::equal_to<class std::basic_string<char,struct std::char_traits<char>,class std::allocator<char> > >,class std::allocator<struct std::pair<class std::basic_string<char,struct std::char_traits<char>,class std::allocator<char> > const ,unsigned __int64> > > &)	Syntax.cpp	0x140149490
                       MaterialX_v1_39_6::Syntax::makeValidName	0.071754	0.074276	0.0		0.014188	0.014188	0.0	0.0	CpuHotPaths.exe	MaterialX_v1_39_6::Syntax::makeValidName(class std::basic_string<char,struct std::char_traits<char>,class std::allocator<char> > &)	Syntax.cpp	0x1401498f0
                   MaterialX_v1_39_6::Syntax::makeValidName	0.073643	0.076231	0.0		0.0	0.0	0.0	0.0	CpuHotPaths.exe	MaterialX_v1_39_6::Syntax::makeValidName(class std::basic_string<char,struct std::char_traits<char>,class std::allocator<char> > &)	Syntax.cpp	0x1401498f0
                    std::find	0.073643	0.076231	0.0		0.014562	0.014562	0.0	0.0	CpuHotPaths.exe	std::find	xutility	0x1401499d6
                  MaterialX_v1_39_6::NodeDef::getImplementation	0.071390	0.073899	0.0		0.0	0.0	0.0	0.0	CpuHotPaths.exe	MaterialX_v1_39_6::NodeDef::getImplementation(class std::basic_string<char,struct std::char_traits<char>,class std::allocator<char> > const &,bool)	Definition.cpp	0x1401d2d50
                   MaterialX_v1_39_6::Element::getDocument	0.071390	0.073899	0.0		0.0	0.0	0.0	0.0	CpuHotPaths.exe	MaterialX_v1_39_6::Element::getDocument(void)	Element.cpp	0x1401c2d00
                    MaterialX_v1_39_6::Element::asA<class MaterialX_v1_39_6::Document>	0.071390	0.073899	0.0		0.0	0.0	0.0	0.0	CpuHotPaths.exe	MaterialX_v1_39_6::Element::asA<class MaterialX_v1_39_6::Document>(void)	Element.cpp	0x140190ba0
                     MaterialX_v1_39_6::Element::getSelf	0.071390	0.073899	0.0		0.0	0.0	0.0	0.0	CpuHotPaths.exe	MaterialX_v1_39_6::Element::getSelf	Element.h	0x140190bb7
                      std::enable_shared_from_this<MaterialX_v1_39_6::Element>::shared_from_this	0.071390	0.073899	0.0		0.014116	0.014116	0.0	0.0	CpuHotPaths.exe	std::enable_shared_from_this<MaterialX_v1_39_6::Element>::shared_from_this	memory	0x140190bb7
                 MaterialX_v1_39_6::ValueElement::getResolvedValue	0.432465	0.447664	0.0		0.0	0.0	0.0	0.0	CpuHotPaths.exe	MaterialX_v1_39_6::ValueElement::getResolvedValue(class std::shared_ptr<class MaterialX_v1_39_6::StringResolver>)	Element.cpp	0x1401c3be0
                  MaterialX_v1_39_6::Value::createValueFromStrings	0.362542	0.375283	0.0		0.0	0.0	0.0	0.0	CpuHotPaths.exe	MaterialX_v1_39_6::Value::createValueFromStrings(class std::basic_string<char,struct std::char_traits<char>,class std::allocator<char> > const &,class std::basic_string<char,struct std::char_traits<char>,class std::allocator<char> > const &,class std::shared_ptr<class MaterialX_v1_39_6::TypeDef const >)	Value.cpp	0x140202910
                   MaterialX_v1_39_6::TypedValue<class MaterialX_v1_39_6::Color3>::createFromString	0.219681	0.227402	0.0		0.0	0.0	0.0	0.0	CpuHotPaths.exe	MaterialX_v1_39_6::TypedValue<class MaterialX_v1_39_6::Color3>::createFromString(class std::basic_string<char,struct std::char_traits<char>,class std::allocator<char> > const &)	Value.cpp	0x140201b10
                    MaterialX_v1_39_6::fromValueString	0.219681	0.227402	0.0		0.0	0.0	0.0	0.0	CpuHotPaths.exe	MaterialX_v1_39_6::fromValueString	Value.cpp	0x140201b3a
                     MaterialX_v1_39_6::fromValueString<float>	0.143617	0.148664	0.0		0.0	0.0	0.0	0.0	CpuHotPaths.exe	MaterialX_v1_39_6::fromValueString<float>(class std::basic_string<char,struct std::char_traits<char>,class std::allocator<char> > const &)	Value.cpp	0x1401fb440
                      func@0x180045990	0.072693	0.075248	0.0		0.014374	0.014374	0.0	0.0	MSVCP140.dll	func@0x180045990	[Unknown]	0x180045990
                      std::basic_stringstream<char,std::char_traits<char>,std::allocator<char> >::{ctor}	0.070924	0.073416	0.0		0.014024	0.014024	0.0	0.0	CpuHotPaths.exe	std::basic_stringstream<char,std::char_traits<char>,std::allocator<char> >::{ctor}	sstream	0x1401fb47b
                     MaterialX_v1_39_6::splitString	0.076064	0.078737	0.0		0.0	0.0	0.0	0.0	CpuHotPaths.exe	MaterialX_v1_39_6::splitString(class std::basic_string<char,struct std::char_traits<char>,class std::allocator<char> > const &,class std::basic_string<char,struct std::char_traits<char>,class std::allocator<char> > const &)	Util.cpp	0x14017fd70
                      std::basic_string<char,std::char_traits<char>,std::allocator<char> >::substr	0.076064	0.078737	0.0		0.015040	0.015040	0.0	0.0	CpuHotPaths.exe	std::basic_string<char,std::char_traits<char>,std::allocator<char> >::substr	xstring	0x14017fdf9
                   MaterialX_v1_39_6::TypedValue<float>::createFromString	0.142861	0.147881	0.0		0.0	0.0	0.0	0.0	CpuHotPaths.exe	MaterialX_v1_39_6::TypedValue<float>::createFromString(class std::basic_string<char,struct std::char_traits<char>,class std::allocator<char> > const &)	Value.cpp	0x140201350
                    MaterialX_v1_39_6::fromValueString<float>	0.142861	0.147881	0.0		0.0	0.0	0.0	0.0	CpuHotPaths.exe	MaterialX_v1_39_6::fromValueString<float>(class std::basic_string<char,struct std::char_traits<char>,class std::allocator<char> > const &)	Value.cpp	0x1401fb440
                     std::basic_stringstream<char,std::char_traits<char>,std::allocator<char> >::{ctor}	0.073180	0.075752	0.0		0.014470	0.014470	0.0	0.0	CpuHotPaths.exe	std::basic_stringstream<char,std::char_traits<char>,std::allocator<char> >::{ctor}	sstream	0x1401fb47b
                     std::basic_stringstream<char,std::char_traits<char>,std::allocator<char> >::{dtor}	0.069680	0.072129	0.0		0.013778	0.013778	0.0	0.0	CpuHotPaths.exe	std::basic_stringstream<char,std::char_traits<char>,std::allocator<char> >::{dtor}	sstream	0x1401fb565
                  MaterialX_v1_39_6::ValueElement::getResolvedValueString	0.069923	0.072381	0.0		0.0	0.0	0.0	0.0	CpuHotPaths.exe	MaterialX_v1_39_6::ValueElement::getResolvedValueString(class std::shared_ptr<class MaterialX_v1_39_6::StringResolver>)	Element.cpp	0x1401c3ec0
                   MaterialX_v1_39_6::ValueElement::getValueString	0.069923	0.072381	0.0		0.0	0.0	0.0	0.0	CpuHotPaths.exe	MaterialX_v1_39_6::ValueElement::getValueString	Element.h	0x1401c4052
                    MaterialX_v1_39_6::Element::getAttribute	0.069923	0.072381	0.0		0.0	0.0	0.0	0.0	CpuHotPaths.exe	MaterialX_v1_39_6::Element::getAttribute(class std::basic_string<char,struct std::char_traits<char>,class std::allocator<char> > const &)	Element.h	0x1400b15e0
                     std::_Hash<std::_Umap_traits<std::basic_string<char,std::char_traits<char>,std::allocator<char> >,std::basic_string<char,std::char_traits<char>,std::allocator<char> >,std::_Uhash_compare<std::basic_string<char,std::char_traits<char>,std::allocator<char> >,std::hash<std::basic_string<char,std::char_traits<char>,std::allocator<char> > >,std::equal_to<std::basic_string<char,std::char_traits<char>,std::allocator<char> > > >,std::allocator<std::pair<std::basic_string<char,std::char_traits<char>,std::allocator<char> > const ,std::basic_string<char,std::char_traits<char>,std::allocator<char> > > >,0> >::find	0.069923	0.072381	0.0		0.013826	0.013826	0.0	0.0	CpuHotPaths.exe	std::_Hash<std::_Umap_traits<std::basic_string<char,std::char_traits<char>,std::allocator<char> >,std::basic_string<char,std::char_traits<char>,std::allocator<char> >,std::_Uhash_compare<std::basic_string<char,std::char_traits<char>,std::allocator<char> >,std::hash<std::basic_string<char,std::char_traits<char>,std::allocator<char> > >,std::equal_to<std::basic_string<char,std::char_traits<char>,std::allocator<char> > > >,std::allocator<std::pair<std::basic_string<char,std::char_traits<char>,std::allocator<char> > const ,std::basic_string<char,std::char_traits<char>,std::allocator<char> > > >,0> >::find	xhash	0x1400b15ea
                 MaterialX_v1_39_6::InterfaceElement::getActiveValueElements	0.142899	0.147921	0.0		0.0	0.0	0.0	0.0	CpuHotPaths.exe	MaterialX_v1_39_6::InterfaceElement::getActiveValueElements(void)	Interface.cpp	0x1401ccd20
                  MaterialX_v1_39_6::Element::getChildrenOfType<class MaterialX_v1_39_6::ValueElement>	0.071812	0.074336	0.0		0.014200	0.014200	0.0	0.0	CpuHotPaths.exe	MaterialX_v1_39_6::Element::getChildrenOfType<class MaterialX_v1_39_6::ValueElement>(class std::basic_string<char,struct std::char_traits<char>,class std::allocator<char> > const &)	Element.cpp	0x1401b0250
                  std::_Tree<std::_Tset_traits<std::basic_string<char,std::char_traits<char>,std::allocator<char> >,std::less<std::basic_string<char,std::char_traits<char>,std::allocator<char> > >,std::allocator<std::basic_string<char,std::char_traits<char>,std::allocator<char> > >,0> >::insert	0.071087	0.073585	0.0		0.0	0.0	0.0	0.0	CpuHotPaths.exe	std::_Tree<std::_Tset_traits<std::basic_string<char,std::char_traits<char>,std::allocator<char> >,std::less<std::basic_string<char,std::char_traits<char>,std::allocator<char> > >,std::allocator<std::basic_string<char,std::char_traits<char>,std::allocator<char> > >,0> >::insert	xtree	0x1401cce40
                   operator new	0.071087	0.073585	0.0		0.0	0.0	0.0	0.0	CpuHotPaths.exe	operator new(unsigned __int64)	new_scalar.cpp	0x140234a68
                    malloc_base	0.071087	0.073585	0.0		0.014056	0.014056	0.0	0.0	ucrtbase.dll	malloc_base	[Unknown]	0x1800050a0
                 MaterialX_v1_39_6::ShaderNode::addInput	0.071478	0.073990	0.0		0.0	0.0	0.0	0.0	CpuHotPaths.exe	MaterialX_v1_39_6::ShaderNode::addInput(class std::basic_string<char,struct std::char_traits<char>,class std::allocator<char> > const &,class MaterialX_v1_39_6::TypeDesc)	ShaderNode.cpp	0x140140980
                  MaterialX_v1_39_6::ShaderNode::getInput	0.071478	0.073990	0.0		0.0	0.0	0.0	0.0	CpuHotPaths.exe	MaterialX_v1_39_6::ShaderNode::getInput(class std::basic_string<char,struct std::char_traits<char>,class std::allocator<char> > const &)	ShaderNode.cpp	0x140143510
                   std::_Hash<std::_Umap_traits<std::basic_string<char,std::char_traits<char>,std::allocator<char> >,std::shared_ptr<MaterialX_v1_39_6::ShaderInput>,std::_Uhash_compare<std::basic_string<char,std::char_traits<char>,std::allocator<char> >,std::hash<std::basic_string<char,std::char_traits<char>,std::allocator<char> > >,std::equal_to<std::basic_string<char,std::char_traits<char>,std::allocator<char> > > >,std::allocator<std::pair<std::basic_string<char,std::char_traits<char>,std::allocator<char> > const ,std::shared_ptr<MaterialX_v1_39_6::ShaderInput> > >,0> >::find	0.071478	0.073990	0.0		0.014134	0.014134	0.0	0.0	CpuHotPaths.exe	std::_Hash<std::_Umap_traits<std::basic_string<char,std::char_traits<char>,std::allocator<char> >,std::shared_ptr<MaterialX_v1_39_6::ShaderInput>,std::_Uhash_compare<std::basic_string<char,std::char_traits<char>,std::allocator<char> >,std::hash<std::basic_string<char,std::char_traits<char>,std::allocator<char> > >,std::equal_to<std::basic_string<char,std::char_traits<char>,std::allocator<char> > > >,std::allocator<std::pair<std::basic_string<char,std::char_traits<char>,std::allocator<char> > const ,std::shared_ptr<MaterialX_v1_39_6::ShaderInput> > >,0> >::find	xhash	0x14014351a
                std::unordered_map<std::basic_string<char,std::char_traits<char>,std::allocator<char> >,std::shared_ptr<MaterialX_v1_39_6::ShaderNode>,std::hash<std::basic_string<char,std::char_traits<char>,std::allocator<char> > >,std::equal_to<std::basic_string<char,std::char_traits<char>,std::allocator<char> > >,std::allocator<std::pair<std::basic_string<char,std::char_traits<char>,std::allocator<char> > const ,std::shared_ptr<MaterialX_v1_39_6::ShaderNode> > > >::operator[]	0.070724	0.073210	0.0		0.013985	0.013985	0.0	0.0	CpuHotPaths.exe	std::unordered_map<std::basic_string<char,std::char_traits<char>,std::allocator<char> >,std::shared_ptr<MaterialX_v1_39_6::ShaderNode>,std::hash<std::basic_string<char,std::char_traits<char>,std::allocator<char> > >,std::equal_to<std::basic_string<char,std::char_traits<char>,std::allocator<char> > >,std::allocator<std::pair<std::basic_string<char,std::char_traits<char>,std::allocator<char> > const ,std::shared_ptr<MaterialX_v1_39_6::ShaderNode> > > >::operator[]	unordered_map	0x140162b82
               MaterialX_v1_39_6::ShaderGraph::addDefaultGeomNode	0.351910	0.364278	0.0		0.0	0.0	0.0	0.0	CpuHotPaths.exe	MaterialX_v1_39_6::ShaderGraph::addDefaultGeomNode(class MaterialX_v1_39_6::ShaderInput *,class MaterialX_v1_39_6::GeomPropDef const &,class MaterialX_v1_39_6::GenContext &)	ShaderGraph.cpp	0x14015b920
                MaterialX_v1_39_6::Syntax::getVariableName	0.210874	0.218285	0.0		0.0	0.0	0.0	0.0	CpuHotPaths.exe	MaterialX_v1_39_6::Syntax::getVariableName(class std::basic_string<char,struct std::char_traits<char>,class std::allocator<char> > const &,class MaterialX_v1_39_6::TypeDesc,class std::unordered_map<class std::basic_string<char,struct std::char_traits<char>,class std::allocator<char> >,unsigned __int64,struct std::hash<class std::basic_string<char,struct std::char_traits<char>,class std::allocator<char> > >,struct std::equal_to<class std::basic_string<char,struct std::char_traits<char>,class std::allocator<char> > >,class std::allocator<struct std::pair<class std::basic_string<char,struct std::char_traits<char>,class std::allocator<char> > const ,unsigned __int64> > > &)	Syntax.cpp	0x1401493e0
                 MaterialX_v1_39_6::Syntax::makeIdentifier	0.210874	0.218285	0.0		0.0	0.0	0.0	0.0	CpuHotPaths.exe	MaterialX_v1_39_6::Syntax::makeIdentifier(class std::basic_string<char,struct std::char_traits<char>,class std::allocator<char> > &,class std::unordered_map<class std::basic_string<char,struct std::char_traits<char>,class std::allocator<char> >,unsigned __int64,struct std::hash<class std::basic_string<char,struct std::char_traits<char>,class std::allocator<char> > >,struct std::equal_to<class std::basic_string<char,struct std::char_traits<char>,class std::allocator<char> > >,class std::allocator<struct std::pair<class std::basic_string<char,struct std::char_traits<char>,class std::allocator<char> > const ,unsigned __int64> > > &)	Syntax.cpp	0x140149490
                  MaterialX_v1_39_6::Syntax::makeValidName	0.139254	0.144148	0.0		0.013386	0.013386	0.0	0.0	CpuHotPaths.exe	MaterialX_v1_39_6::Syntax::makeValidName(class std::basic_string<char,struct std::char_traits<char>,class std::allocator<char> > &)	Syntax.cpp	0x1401498f0
                   std::find	0.071555	0.074070	0.0		0.014149	0.014149	0.0	0.0	CpuHotPaths.exe	std::find	xutility	0x1401499d6
                  std::unordered_map<std::basic_string<char,std::char_traits<char>,std::allocator<char> >,unsigned __int64,std::hash<std::basic_string<char,std::char_traits<char>,std::allocator<char> > >,std::equal_to<std::basic_string<char,std::char_traits<char>,std::allocator<char> > >,std::allocator<std::pair<std::basic_string<char,std::char_traits<char>,std::allocator<char> > const ,unsigned __int64> > >::operator[]	0.071620	0.074137	0.0		0.0	0.0	0.0	0.0	CpuHotPaths.exe	std::unordered_map<std::basic_string<char,std::char_traits<char>,std::allocator<char> >,unsigned __int64,std::hash<std::basic_string<char,std::char_traits<char>,std::allocator<char> > >,std::equal_to<std::basic_string<char,std::char_traits<char>,std::allocator<char> > >,std::allocator<std::pair<std::basic_string<char,std::char_traits<char>,std::allocator<char> > const ,unsigned __int64> > >::operator[]	unordered_map	0x1401497ce
                   operator new	0.071620	0.074137	0.0		0.0	0.0	0.0	0.0	CpuHotPaths.exe	operator new(unsigned __int64)	new_scalar.cpp	0x140234a68
                    malloc_base	0.071620	0.074137	0.0		0.014162	0.014162	0.0	0.0	ucrtbase.dll	malloc_base	[Unknown]	0x1800050a0
                MaterialX_v1_39_6::ShaderNode::create	0.141036	0.145992	0.0		0.0	0.0	0.0	0.0	CpuHotPaths.exe	MaterialX_v1_39_6::ShaderNode::create(class MaterialX_v1_39_6::ShaderGraph const *,class std::basic_string<char,struct std::char_traits<char>,class std::allocator<char> > const &,class MaterialX_v1_39_6::NodeDef const &,class MaterialX_v1_39_6::GenContext &)	ShaderNode.cpp	0x140141390
                 MaterialX_v1_39_6::ShaderGenerator::getImplementation	0.141036	0.145992	0.0		0.0	0.0	0.0	0.0	CpuHotPaths.exe	MaterialX_v1_39_6::ShaderGenerator::getImplementation(class MaterialX_v1_39_6::NodeDef const &,class MaterialX_v1_39_6::GenContext &)	ShaderGenerator.cpp	0x14014f630
                  MaterialX_v1_39_6::NodeDef::getImplementation	0.141036	0.145992	0.0		0.0	0.0	0.0	0.0	CpuHotPaths.exe	MaterialX_v1_39_6::NodeDef::getImplementation(class std::basic_string<char,struct std::char_traits<char>,class std::allocator<char> > const &,bool)	Definition.cpp	0x1401d2d50
                   MaterialX_v1_39_6::Implementation::hasNodeGraph	0.072642	0.075195	0.0		0.0	0.0	0.0	0.0	CpuHotPaths.exe	MaterialX_v1_39_6::Implementation::hasNodeGraph	Definition.h	0x1401d2f1b
                    MaterialX_v1_39_6::Element::hasAttribute	0.072642	0.075195	0.0		0.0	0.0	0.0	0.0	CpuHotPaths.exe	MaterialX_v1_39_6::Element::hasAttribute	Element.h	0x1401d2f1b
                     std::_Hash<std::_Umap_traits<std::basic_string<char,std::char_traits<char>,std::allocator<char> >,std::basic_string<char,std::char_traits<char>,std::allocator<char> >,std::_Uhash_compare<std::basic_string<char,std::char_traits<char>,std::allocator<char> >,std::hash<std::basic_string<char,std::char_traits<char>,std::allocator<char> > >,std::equal_to<std::basic_string<char,std::char_traits<char>,std::allocator<char> > > >,std::allocator<std::pair<std::basic_string<char,std::char_traits<char>,std::allocator<char> > const ,std::basic_string<char,std::char_traits<char>,std::allocator<char> > > >,0> >::count	0.072642	0.075195	0.0		0.014364	0.014364	0.0	0.0	CpuHotPaths.exe	std::_Hash<std::_Umap_traits<std::basic_string<char,std::char_traits<char>,std::allocator<char> >,std::basic_string<char,std::char_traits<char>,std::allocator<char> >,std::_Uhash_compare<std::basic_string<char,std::char_traits<char>,std::allocator<char> >,std::hash<std::basic_string<char,std::char_traits<char>,std::allocator<char> > >,std::equal_to<std::basic_string<char,std::char_traits<char>,std::allocator<char> > > >,std::allocator<std::pair<std::basic_string<char,std::char_traits<char>,std::allocator<char> > const ,std::basic_string<char,std::char_traits<char>,std::allocator<char> > > >,0> >::count	xhash	0x1401d2f22
                   MaterialX_v1_39_6::targetStringsMatch	0.068393	0.070797	0.0		0.0	0.0	0.0	0.0	CpuHotPaths.exe	MaterialX_v1_39_6::targetStringsMatch(class std::basic_string<char,struct std::char_traits<char>,class std::allocator<char> > const &,class std::basic_string<char,struct std::char_traits<char>,class std::allocator<char> > const &)	Element.cpp	0x1401c8cb0
                    std::set_intersection	0.068393	0.070797	0.0		0.013524	0.013524	0.0	0.0	CpuHotPaths.exe	std::set_intersection	algorithm	0x1401c8d56
               MaterialX_v1_39_6::Input::getDefaultGeomProp	0.210688	0.218092	0.0		0.0	0.0	0.0	0.0	CpuHotPaths.exe	MaterialX_v1_39_6::Input::getDefaultGeomProp(void)	Interface.cpp	0x1401ce4b0
                MaterialX_v1_39_6::Element::getAttribute	0.145644	0.150763	0.0		0.014819	0.014819	0.0	0.0	CpuHotPaths.exe	MaterialX_v1_39_6::Element::getAttribute(class std::basic_string<char,struct std::char_traits<char>,class std::allocator<char> > const &)	Element.h	0x1400b15e0
                 std::_Hash<std::_Umap_traits<std::basic_string<char,std::char_traits<char>,std::allocator<char> >,std::basic_string<char,std::char_traits<char>,std::allocator<char> >,std::_Uhash_compare<std::basic_string<char,std::char_traits<char>,std::allocator<char> >,std::hash<std::basic_string<char,std::char_traits<char>,std::allocator<char> > >,std::equal_to<std::basic_string<char,std::char_traits<char>,std::allocator<char> > > >,std::allocator<std::pair<std::basic_string<char,std::char_traits<char>,std::allocator<char> > const ,std::basic_string<char,std::char_traits<char>,std::allocator<char> > > >,0> >::find	0.070701	0.073186	0.0		0.013980	0.013980	0.0	0.0	CpuHotPaths.exe	std::_Hash<std::_Umap_traits<std::basic_string<char,std::char_traits<char>,std::allocator<char> >,std::basic_string<char,std::char_traits<char>,std::allocator<char> >,std::_Uhash_compare<std::basic_string<char,std::char_traits<char>,std::allocator<char> >,std::hash<std::basic_string<char,std::char_traits<char>,std::allocator<char> > >,std::equal_to<std::basic_string<char,std::char_traits<char>,std::allocator<char> > > >,std::allocator<std::pair<std::basic_string<char,std::char_traits<char>,std::allocator<char> > const ,std::basic_string<char,std::char_traits<char>,std::allocator<char> > > >,0> >::find	xhash	0x1400b15ea
                MaterialX_v1_39_6::Element::getChildOfType<class MaterialX_v1_39_6::GeomPropDef>	0.065044	0.067329	0.0		0.012861	0.012861	0.0	0.0	CpuHotPaths.exe	MaterialX_v1_39_6::Element::getChildOfType<class MaterialX_v1_39_6::GeomPropDef>(class std::basic_string<char,struct std::char_traits<char>,class std::allocator<char> > const &)	Element.cpp	0x14019d790
               MaterialX_v1_39_6::InterfaceElement::getInput	0.075384	0.078033	0.0		0.0	0.0	0.0	0.0	CpuHotPaths.exe	MaterialX_v1_39_6::InterfaceElement::getInput	Interface.h	0x140163199
                MaterialX_v1_39_6::Element::getChildOfType<class MaterialX_v1_39_6::Input>	0.075384	0.078033	0.0		0.0	0.0	0.0	0.0	CpuHotPaths.exe	MaterialX_v1_39_6::Element::getChildOfType<class MaterialX_v1_39_6::Input>(class std::basic_string<char,struct std::char_traits<char>,class std::allocator<char> > const &)	Element.cpp	0x14019e2d0
                 MaterialX_v1_39_6::Element::getChild	0.075384	0.078033	0.0		0.0	0.0	0.0	0.0	CpuHotPaths.exe	MaterialX_v1_39_6::Element::getChild(class std::basic_string<char,struct std::char_traits<char>,class std::allocator<char> > const &)	Element.cpp	0x1401c2250
                  MaterialX_v1_39_6::Element::asA<class MaterialX_v1_39_6::Document>	0.075384	0.078033	0.0		0.0	0.0	0.0	0.0	CpuHotPaths.exe	MaterialX_v1_39_6::Element::asA<class MaterialX_v1_39_6::Document>(void)	Element.cpp	0x140190ba0
                   MaterialX_v1_39_6::Element::getSelf	0.075384	0.078033	0.0		0.0	0.0	0.0	0.0	CpuHotPaths.exe	MaterialX_v1_39_6::Element::getSelf	Element.h	0x140190bb7
                    std::enable_shared_from_this<MaterialX_v1_39_6::Element>::shared_from_this	0.075384	0.078033	0.0		0.014906	0.014906	0.0	0.0	CpuHotPaths.exe	std::enable_shared_from_this<MaterialX_v1_39_6::Element>::shared_from_this	memory	0x140190bb7
               MaterialX_v1_39_6::InterfaceElement::getActiveInputs	0.073096	0.075665	0.0		0.0	0.0	0.0	0.0	CpuHotPaths.exe	MaterialX_v1_39_6::InterfaceElement::getActiveInputs(void)	Interface.cpp	0x1401cae40
                std::_Tree<std::_Tset_traits<std::basic_string<char,std::char_traits<char>,std::allocator<char> >,std::less<std::basic_string<char,std::char_traits<char>,std::allocator<char> > >,std::allocator<std::basic_string<char,std::char_traits<char>,std::allocator<char> > >,0> >::insert	0.073096	0.075665	0.0		0.014454	0.014454	0.0	0.0	CpuHotPaths.exe	std::_Tree<std::_Tset_traits<std::basic_string<char,std::char_traits<char>,std::allocator<char> >,std::less<std::basic_string<char,std::char_traits<char>,std::allocator<char> > >,std::allocator<std::basic_string<char,std::char_traits<char>,std::allocator<char> > >,0> >::insert	xtree	0x1401cafa1
               MaterialX_v1_39_6::ShaderNode::initialize	0.071631	0.074148	0.0		0.0	0.0	0.0	0.0	CpuHotPaths.exe	MaterialX_v1_39_6::ShaderNode::initialize(class MaterialX_v1_39_6::Node const &,class MaterialX_v1_39_6::NodeDef const &,class MaterialX_v1_39_6::GenContext &)	ShaderNode.cpp	0x140143bc0
                MaterialX_v1_39_6::InterfaceElement::getActiveInputs	0.071631	0.074148	0.0		0.0	0.0	0.0	0.0	CpuHotPaths.exe	MaterialX_v1_39_6::InterfaceElement::getActiveInputs(void)	Interface.cpp	0x1401cae40
                 std::_Tree<std::_Tset_traits<std::basic_string<char,std::char_traits<char>,std::allocator<char> >,std::less<std::basic_string<char,std::char_traits<char>,std::allocator<char> > >,std::allocator<std::basic_string<char,std::char_traits<char>,std::allocator<char> > >,0> >::{dtor}	0.071631	0.074148	0.0		0.014164	0.014164	0.0	0.0	CpuHotPaths.exe	std::_Tree<std::_Tset_traits<std::basic_string<char,std::char_traits<char>,std::allocator<char> >,std::less<std::basic_string<char,std::char_traits<char>,std::allocator<char> > >,std::allocator<std::basic_string<char,std::char_traits<char>,std::allocator<char> > >,0> >::{dtor}	xtree	0x1401cb309
              MaterialX_v1_39_6::Node::getNodeDefOutput	0.071719	0.074239	0.0		0.0	0.0	0.0	0.0	CpuHotPaths.exe	MaterialX_v1_39_6::Node::getNodeDefOutput(class std::shared_ptr<class MaterialX_v1_39_6::Element>)	Node.cpp	0x1401e63a0
               MaterialX_v1_39_6::PortElement::getConnectedOutput	0.071719	0.074239	0.0		0.0	0.0	0.0	0.0	CpuHotPaths.exe	MaterialX_v1_39_6::PortElement::getConnectedOutput(void)	Interface.cpp	0x1401cda80
                MaterialX_v1_39_6::Element::resolveNameReference<class MaterialX_v1_39_6::Node>	0.071719	0.074239	0.0		0.0	0.0	0.0	0.0	CpuHotPaths.exe	MaterialX_v1_39_6::Element::resolveNameReference<class MaterialX_v1_39_6::Node>(class std::basic_string<char,struct std::char_traits<char>,class std::allocator<char> > const &,class std::shared_ptr<class MaterialX_v1_39_6::Element const >)	Element.h	0x1401c9ea0
                 MaterialX_v1_39_6::Element::getQualifiedName	0.071719	0.074239	0.0		0.014181	0.014181	0.0	0.0	CpuHotPaths.exe	MaterialX_v1_39_6::Element::getQualifiedName(class std::basic_string<char,struct std::char_traits<char>,class std::allocator<char> > const &)	Element.h	0x1401c35b0
             MaterialX_v1_39_6::GraphIterator::begin	0.148946	0.154180	0.0		0.0	0.0	0.0	0.0	CpuHotPaths.exe	MaterialX_v1_39_6::GraphIterator::begin	Traversal.h	0x14015e1ff
              MaterialX_v1_39_6::GraphIterator::operator++	0.148946	0.154180	0.0		0.0	0.0	0.0	0.0	CpuHotPaths.exe	MaterialX_v1_39_6::GraphIterator::operator++(void)	Traversal.cpp	0x1402043a0
               MaterialX_v1_39_6::Node::getUpstreamEdge	0.148946	0.154180	0.0		0.0	0.0	0.0	0.0	CpuHotPaths.exe	MaterialX_v1_39_6::Node::getUpstreamEdge(unsigned __int64)	Node.cpp	0x1401e6ae0
                MaterialX_v1_39_6::Input::getConnectedNode	0.148946	0.154180	0.0		0.0	0.0	0.0	0.0	CpuHotPaths.exe	MaterialX_v1_39_6::Input::getConnectedNode(void)	Interface.cpp	0x1401cd320
                 MaterialX_v1_39_6::PortElement::getConnectedOutput	0.148946	0.154180	0.0		0.0	0.0	0.0	0.0	CpuHotPaths.exe	MaterialX_v1_39_6::PortElement::getConnectedOutput(void)	Interface.cpp	0x1401cda80
                  MaterialX_v1_39_6::Element::resolveNameReference<class MaterialX_v1_39_6::Node>	0.148946	0.154180	0.0		0.0	0.0	0.0	0.0	CpuHotPaths.exe	MaterialX_v1_39_6::Element::resolveNameReference<class MaterialX_v1_39_6::Node>(class std::basic_string<char,struct std::char_traits<char>,class std::allocator<char> > const &,class std::shared_ptr<class MaterialX_v1_39_6::Element const >)	Element.h	0x1401c9ea0
                   MaterialX_v1_39_6::Element::getChildOfType<class MaterialX_v1_39_6::Node>	0.075600	0.078257	0.0		0.0	0.0	0.0	0.0	CpuHotPaths.exe	MaterialX_v1_39_6::Element::getChildOfType<class MaterialX_v1_39_6::Node>(class std::basic_string<char,struct std::char_traits<char>,class std::allocator<char> > const &)	Element.cpp	0x14019fd10
                    MaterialX_v1_39_6::Element::asA<class MaterialX_v1_39_6::Node>	0.075600	0.078257	0.0		0.0	0.0	0.0	0.0	CpuHotPaths.exe	MaterialX_v1_39_6::Element::asA<class MaterialX_v1_39_6::Node>(void)	Element.cpp	0x140192c50
                     std::dynamic_pointer_cast	0.075600	0.078257	0.0		0.014949	0.014949	0.0	0.0	CpuHotPaths.exe	std::dynamic_pointer_cast	memory	0x140192c98
                   std::basic_string<char,std::char_traits<char>,std::allocator<char> >::{dtor}	0.073346	0.075923	0.0		0.014503	0.014503	0.0	0.0	CpuHotPaths.exe	std::basic_string<char,std::char_traits<char>,std::allocator<char> >::{dtor}	xstring	0x1401c9fee
            MaterialX_v1_39_6::ShaderGraph::finalize	1.380890	1.429420	0.0		0.0	0.0	0.0	0.0	CpuHotPaths.exe	MaterialX_v1_39_6::ShaderGraph::finalize(class MaterialX_v1_39_6::GenContext &)	ShaderGraph.cpp	0x1401639d0
             MaterialX_v1_39_6::ShaderGraph::setVariableNames	1.018067	1.053846	0.0		0.0	0.0	0.0	0.0	CpuHotPaths.exe	MaterialX_v1_39_6::ShaderGraph::setVariableNames(class MaterialX_v1_39_6::GenContext &)	ShaderGraph.cpp	0x1401663b0
              MaterialX_v1_39_6::Syntax::getVariableName	1.018067	1.053846	0.0		0.0	0.0	0.0	0.0	CpuHotPaths.exe	MaterialX_v1_39_6::Syntax::getVariableName(class std::basic_string<char,struct std::char_traits<char>,class std::allocator<char> > const &,class MaterialX_v1_39_6::TypeDesc,class std::unordered_map<class std::basic_string<char,struct std::char_traits<char>,class std::allocator<char> >,unsigned __int64,struct std::hash<class std::basic_string<char,struct std::char_traits<char>,class std::allocator<char> > >,struct std::equal_to<class std::basic_string<char,struct std::char_traits<char>,class std::allocator<char> > >,class std::allocator<struct std::pair<class std::basic_string<char,struct std::char_traits<char>,class std::allocator<char> > const ,unsigned __int64> > > &)	Syntax.cpp	0x1401493e0
               MaterialX_v1_39_6::Syntax::makeIdentifier	1.018067	1.053846	0.0		0.014411	0.014411	0.0	0.0	CpuHotPaths.exe	MaterialX_v1_39_6::Syntax::makeIdentifier(class std::basic_string<char,struct std::char_traits<char>,class std::allocator<char> > &,class std::unordered_map<class std::basic_string<char,struct std::char_traits<char>,class std::allocator<char> >,unsigned __int64,struct std::hash<class std::basic_string<char,struct std::char_traits<char>,class std::allocator<char> > >,struct std::equal_to<class std::basic_string<char,struct std::char_traits<char>,class std::allocator<char> > >,class std::allocator<struct std::pair<class std::basic_string<char,struct std::char_traits<char>,class std::allocator<char> > const ,unsigned __int64> > > &)	Syntax.cpp	0x140149490
                MaterialX_v1_39_6::Syntax::makeValidName	0.653511	0.676478	0.0		0.028628	0.028628	0.0	0.0	CpuHotPaths.exe	MaterialX_v1_39_6::Syntax::makeValidName(class std::basic_string<char,struct std::char_traits<char>,class std::allocator<char> > &)	Syntax.cpp	0x1401498f0
                 std::find	0.292066	0.302330	0.0		0.057751	0.057751	0.0	0.0	CpuHotPaths.exe	std::find	xutility	0x1401499d6
                 std::basic_string<char,struct std::char_traits<char>,class std::allocator<char> >::basic_string<char,struct std::char_traits<char>,class std::allocator<char> >	0.144897	0.149989	0.0		0.0	0.0	0.0	0.0	CpuHotPaths.exe	std::basic_string<char,struct std::char_traits<char>,class std::allocator<char> >::basic_string<char,struct std::char_traits<char>,class std::allocator<char> >(class std::basic_string<char,struct std::char_traits<char>,class std::allocator<char> > const &)	xstring	0x1400aa8d0
                  operator new	0.144897	0.149989	0.0		0.0	0.0	0.0	0.0	CpuHotPaths.exe	operator new(unsigned __int64)	new_scalar.cpp	0x140234a68
                   malloc_base	0.144897	0.149989	0.0		0.028651	0.028651	0.0	0.0	ucrtbase.dll	malloc_base	[Unknown]	0x1800050a0
                 MaterialX_v1_39_6::replaceSubstrings	0.071768	0.074290	0.0		0.0	0.0	0.0	0.0	CpuHotPaths.exe	MaterialX_v1_39_6::replaceSubstrings(class std::basic_string<char,struct std::char_traits<char>,class std::allocator<char> >,class std::unordered_map<class std::basic_string<char,struct std::char_traits<char>,class std::allocator<char> >,class std::basic_string<char,struct std::char_traits<char>,class std::allocator<char> >,struct std::hash<class std::basic_string<char,struct std::char_traits<char>,class std::allocator<char> > >,struct std::equal_to<class std::basic_string<char,struct std::char_traits<char>,class std::allocator<char> > >,class std::allocator<struct std::pair<class std::basic_string<char,struct std::char_traits<char>,class std::allocator<char> > const ,class std::basic_string<char,struct std::char_traits<char>,class std::allocator<char> > > > > const &)	Util.cpp	0x14017fb00
                  std::basic_string<char,std::char_traits<char>,std::allocator<char> >::find	0.071768	0.074290	0.0		0.014191	0.014191	0.0	0.0	CpuHotPaths.exe	std::basic_string<char,std::char_traits<char>,std::allocator<char> >::find	xstring	0x14017fb60
                std::unordered_map<std::basic_string<char,std::char_traits<char>,std::allocator<char> >,unsigned __int64,std::hash<std::basic_string<char,std::char_traits<char>,std::allocator<char> > >,std::equal_to<std::basic_string<char,std::char_traits<char>,std::allocator<char> > >,std::allocator<std::pair<std::basic_string<char,std::char_traits<char>,std::allocator<char> > const ,unsigned __int64> > >::operator[]	0.218956	0.226651	0.0		0.029124	0.029124	0.0	0.0	CpuHotPaths.exe	std::unordered_map<std::basic_string<char,std::char_traits<char>,std::allocator<char> >,unsigned __int64,std::hash<std::basic_string<char,std::char_traits<char>,std::allocator<char> > >,std::equal_to<std::basic_string<char,std::char_traits<char>,std::allocator<char> > >,std::allocator<std::pair<std::basic_string<char,std::char_traits<char>,std::allocator<char> > const ,unsigned __int64> > >::operator[]	unordered_map	0x1401497ce
                 operator new	0.071667	0.074186	0.0		0.0	0.0	0.0	0.0	CpuHotPaths.exe	operator new(unsigned __int64)	new_scalar.cpp	0x140234a68
                  malloc_base	0.071667	0.074186	0.0		0.014171	0.014171	0.0	0.0	ucrtbase.dll	malloc_base	[Unknown]	0x1800050a0
                std::_Hash<std::_Umap_traits<std::basic_string<char,std::char_traits<char>,std::allocator<char> >,unsigned __int64,std::_Uhash_compare<std::basic_string<char,std::char_traits<char>,std::allocator<char> >,std::hash<std::basic_string<char,std::char_traits<char>,std::allocator<char> > >,std::equal_to<std::basic_string<char,std::char_traits<char>,std::allocator<char> > > >,std::allocator<std::pair<std::basic_string<char,std::char_traits<char>,std::allocator<char> > const ,unsigned __int64> >,0> >::find	0.072721	0.075276	0.0		0.014379	0.014379	0.0	0.0	CpuHotPaths.exe	std::_Hash<std::_Umap_traits<std::basic_string<char,std::char_traits<char>,std::allocator<char> >,unsigned __int64,std::_Uhash_compare<std::basic_string<char,std::char_traits<char>,std::allocator<char> >,std::hash<std::basic_string<char,std::char_traits<char>,std::allocator<char> > >,std::equal_to<std::basic_string<char,std::char_traits<char>,std::allocator<char> > > >,std::allocator<std::pair<std::basic_string<char,std::char_traits<char>,std::allocator<char> > const ,unsigned __int64> >,0> >::find	xhash	0x1401494cd
             MaterialX_v1_39_6::ShaderGraph::addInputSocket	0.290740	0.300958	0.0		0.0	0.0	0.0	0.0	CpuHotPaths.exe	MaterialX_v1_39_6::ShaderGraph::addInputSocket	ShaderGraph.cpp	0x140163e16
              MaterialX_v1_39_6::ShaderNode::addOutput	0.290740	0.300958	0.0		0.0	0.0	0.0	0.0	CpuHotPaths.exe	MaterialX_v1_39_6::ShaderNode::addOutput(class std::basic_string<char,struct std::char_traits<char>,class std::allocator<char> > const &,class MaterialX_v1_39_6::TypeDesc)	ShaderNode.cpp	0x140140bd0
               std::make_shared<MaterialX_v1_39_6::ShaderOutput,MaterialX_v1_39_6::ShaderNode *,MaterialX_v1_39_6::TypeDesc &,std::basic_string<char,std::char_traits<char>,std::allocator<char> > const &>	0.147644	0.152833	0.0		0.0	0.0	0.0	0.0	CpuHotPaths.exe	std::make_shared<MaterialX_v1_39_6::ShaderOutput,MaterialX_v1_39_6::ShaderNode *,MaterialX_v1_39_6::TypeDesc &,std::basic_string<char,std::char_traits<char>,std::allocator<char> > const &>(class MaterialX_v1_39_6::ShaderNode * *, class MaterialX_v1_39_6::TypeDesc & const, const class std::basic_string<char,std::char_traits<char>,std::allocator<char> > & const)	memory	0x14013e720
                MaterialX_v1_39_6::ShaderOutput::{ctor}	0.075486	0.078139	0.0		0.0	0.0	0.0	0.0	CpuHotPaths.exe	MaterialX_v1_39_6::ShaderOutput::{ctor}	ShaderNode.cpp	0x14013e781
                 MaterialX_v1_39_6::ShaderPort::ShaderPort	0.075486	0.078139	0.0		0.0	0.0	0.0	0.0	CpuHotPaths.exe	MaterialX_v1_39_6::ShaderPort::ShaderPort(class MaterialX_v1_39_6::ShaderNode *,class MaterialX_v1_39_6::TypeDesc,class std::basic_string<char,struct std::char_traits<char>,class std::allocator<char> > const &,class std::shared_ptr<class MaterialX_v1_39_6::Value>)	ShaderNode.cpp	0x14013ebd0
                  std::basic_string<char,struct std::char_traits<char>,class std::allocator<char> >::basic_string<char,struct std::char_traits<char>,class std::allocator<char> >	0.075486	0.078139	0.0		0.0	0.0	0.0	0.0	CpuHotPaths.exe	std::basic_string<char,struct std::char_traits<char>,class std::allocator<char> >::basic_string<char,struct std::char_traits<char>,class std::allocator<char> >(class std::basic_string<char,struct std::char_traits<char>,class std::allocator<char> > const &)	xstring	0x1400aa8d0
                   operator new	0.075486	0.078139	0.0		0.0	0.0	0.0	0.0	CpuHotPaths.exe	operator new(unsigned __int64)	new_scalar.cpp	0x140234a68
                    malloc_base	0.075486	0.078139	0.0		0.014926	0.014926	0.0	0.0	ucrtbase.dll	malloc_base	[Unknown]	0x1800050a0
                operator new	0.072158	0.074694	0.0		0.0	0.0	0.0	0.0	CpuHotPaths.exe	operator new(unsigned __int64)	new_scalar.cpp	0x140234a68
                 malloc_base	0.072158	0.074694	0.0		0.014268	0.014268	0.0	0.0	ucrtbase.dll	malloc_base	[Unknown]	0x1800050a0
               std::unordered_map<std::basic_string<char,std::char_traits<char>,std::allocator<char> >,std::shared_ptr<MaterialX_v1_39_6::ShaderOutput>,std::hash<std::basic_string<char,std::char_traits<char>,std::allocator<char> > >,std::equal_to<std::basic_string<char,std::char_traits<char>,std::allocator<char> > >,std::allocator<std::pair<std::basic_string<char,std::char_traits<char>,std::allocator<char> > const ,std::shared_ptr<MaterialX_v1_39_6::ShaderOutput> > > >::operator[]	0.072838	0.075397	0.0		0.0	0.0	0.0	0.0	CpuHotPaths.exe	std::unordered_map<std::basic_string<char,std::char_traits<char>,std::allocator<char> >,std::shared_ptr<MaterialX_v1_39_6::ShaderOutput>,std::hash<std::basic_string<char,std::char_traits<char>,std::allocator<char> > >,std::equal_to<std::basic_string<char,std::char_traits<char>,std::allocator<char> > >,std::allocator<std::pair<std::basic_string<char,std::char_traits<char>,std::allocator<char> > const ,std::shared_ptr<MaterialX_v1_39_6::ShaderOutput> > > >::operator[]	unordered_map	0x140140c96
                operator new	0.072838	0.075397	0.0		0.0	0.0	0.0	0.0	CpuHotPaths.exe	operator new(unsigned __int64)	new_scalar.cpp	0x140234a68
                 malloc_base	0.072838	0.075397	0.0		0.014402	0.014402	0.0	0.0	ucrtbase.dll	malloc_base	[Unknown]	0x1800050a0
               std::vector<MaterialX_v1_39_6::ShaderOutput *,std::allocator<MaterialX_v1_39_6::ShaderOutput *> >::push_back	0.070259	0.072728	0.0		0.013892	0.013892	0.0	0.0	CpuHotPaths.exe	std::vector<MaterialX_v1_39_6::ShaderOutput *,std::allocator<MaterialX_v1_39_6::ShaderOutput *> >::push_back	vector	0x140140d1a
             MaterialX_v1_39_6::ShaderOutput::makeConnection	0.072083	0.074616	0.0		0.0	0.0	0.0	0.0	CpuHotPaths.exe	MaterialX_v1_39_6::ShaderOutput::makeConnection(class MaterialX_v1_39_6::ShaderInput *)	ShaderNode.cpp	0x140144e00
              MaterialX_v1_39_6::ShaderInput::makeConnection	0.072083	0.074616	0.0		0.0	0.0	0.0	0.0	CpuHotPaths.exe	MaterialX_v1_39_6::ShaderInput::makeConnection	ShaderNode.cpp	0x140144e2a
               std::vector<MaterialX_v1_39_6::ShaderInput *,std::allocator<MaterialX_v1_39_6::ShaderInput *> >::push_back	0.072083	0.074616	0.0		0.0	0.0	0.0	0.0	CpuHotPaths.exe	std::vector<MaterialX_v1_39_6::ShaderInput *,std::allocator<MaterialX_v1_39_6::ShaderInput *> >::push_back	vector	0x140144e67
                operator new	0.072083	0.074616	0.0		0.0	0.0	0.0	0.0	CpuHotPaths.exe	operator new(unsigned __int64)	new_scalar.cpp	0x140234a68
                 malloc_base	0.072083	0.074616	0.0		0.014253	0.014253	0.0	0.0	ucrtbase.dll	malloc_base	[Unknown]	0x1800050a0
            MaterialX_v1_39_6::ShaderGraph::createNode	0.219014	0.226711	0.0		0.0	0.0	0.0	0.0	CpuHotPaths.exe	MaterialX_v1_39_6::ShaderGraph::createNode(class std::basic_string<char,struct std::char_traits<char>,class std::allocator<char> > const &,class std::basic_string<char,struct std::char_traits<char>,class std::allocator<char> > const &,class std::shared_ptr<class MaterialX_v1_39_6::NodeDef const >,class MaterialX_v1_39_6::GenContext &)	ShaderGraph.cpp	0x140162b00
             MaterialX_v1_39_6::ShaderNode::create	0.219014	0.226711	0.0		0.0	0.0	0.0	0.0	CpuHotPaths.exe	MaterialX_v1_39_6::ShaderNode::create(class MaterialX_v1_39_6::ShaderGraph const *,class std::basic_string<char,struct std::char_traits<char>,class std::allocator<char> > const &,class MaterialX_v1_39_6::NodeDef const &,class MaterialX_v1_39_6::GenContext &)	ShaderNode.cpp	0x140141390
              MaterialX_v1_39_6::ValueElement::getResolvedValueString	0.074107	0.076712	0.0		0.0	0.0	0.0	0.0	CpuHotPaths.exe	MaterialX_v1_39_6::ValueElement::getResolvedValueString(class std::shared_ptr<class MaterialX_v1_39_6::StringResolver>)	Element.cpp	0x1401c3ec0
               MaterialX_v1_39_6::Element::getAttribute	0.074107	0.076712	0.0		0.0	0.0	0.0	0.0	CpuHotPaths.exe	MaterialX_v1_39_6::Element::getAttribute(class std::basic_string<char,struct std::char_traits<char>,class std::allocator<char> > const &)	Element.h	0x1400b15e0
                std::_Hash<std::_Umap_traits<std::basic_string<char,std::char_traits<char>,std::allocator<char> >,std::basic_string<char,std::char_traits<char>,std::allocator<char> >,std::_Uhash_compare<std::basic_string<char,std::char_traits<char>,std::allocator<char> >,std::hash<std::basic_string<char,std::char_traits<char>,std::allocator<char> > >,std::equal_to<std::basic_string<char,std::char_traits<char>,std::allocator<char> > > >,std::allocator<std::pair<std::basic_string<char,std::char_traits<char>,std::allocator<char> > const ,std::basic_string<char,std::char_traits<char>,std::allocator<char> > > >,0> >::find	0.074107	0.076712	0.0		0.014654	0.014654	0.0	0.0	CpuHotPaths.exe	std::_Hash<std::_Umap_traits<std::basic_string<char,std::char_traits<char>,std::allocator<char> >,std::basic_string<char,std::char_traits<char>,std::allocator<char> >,std::_Uhash_compare<std::basic_string<char,std::char_traits<char>,std::allocator<char> >,std::hash<std::basic_string<char,std::char_traits<char>,std::allocator<char> > >,std::equal_to<std::basic_string<char,std::char_traits<char>,std::allocator<char> > > >,std::allocator<std::pair<std::basic_string<char,std::char_traits<char>,std::allocator<char> > const ,std::basic_string<char,std::char_traits<char>,std::allocator<char> > > >,0> >::find	xhash	0x1400b15ea
              MaterialX_v1_39_6::ShaderGenerator::getImplementation	0.073577	0.076163	0.0		0.0	0.0	0.0	0.0	CpuHotPaths.exe	MaterialX_v1_39_6::ShaderGenerator::getImplementation(class MaterialX_v1_39_6::NodeDef const &,class MaterialX_v1_39_6::GenContext &)	ShaderGenerator.cpp	0x14014f630
               MaterialX_v1_39_6::NodeDef::getImplementation	0.073577	0.076163	0.0		0.0	0.0	0.0	0.0	CpuHotPaths.exe	MaterialX_v1_39_6::NodeDef::getImplementation(class std::basic_string<char,struct std::char_traits<char>,class std::allocator<char> > const &,bool)	Definition.cpp	0x1401d2d50
                MaterialX_v1_39_6::targetStringsMatch	0.073577	0.076163	0.0		0.0	0.0	0.0	0.0	CpuHotPaths.exe	MaterialX_v1_39_6::targetStringsMatch(class std::basic_string<char,struct std::char_traits<char>,class std::allocator<char> > const &,class std::basic_string<char,struct std::char_traits<char>,class std::allocator<char> > const &)	Element.cpp	0x1401c8cb0
                 MaterialX_v1_39_6::splitString	0.073577	0.076163	0.0		0.0	0.0	0.0	0.0	CpuHotPaths.exe	MaterialX_v1_39_6::splitString(class std::basic_string<char,struct std::char_traits<char>,class std::allocator<char> > const &,class std::basic_string<char,struct std::char_traits<char>,class std::allocator<char> > const &)	Util.cpp	0x14017fd70
                  std::basic_string<char,std::char_traits<char>,std::allocator<char> >::substr	0.073577	0.076163	0.0		0.014549	0.014549	0.0	0.0	CpuHotPaths.exe	std::basic_string<char,std::char_traits<char>,std::allocator<char> >::substr	xstring	0x14017fdf9
              std::vector<class std::shared_ptr<class MaterialX_v1_39_6::ValueElement>,class std::allocator<class std::shared_ptr<class MaterialX_v1_39_6::ValueElement> > >::~vector<class std::shared_ptr<class MaterialX_v1_39_6::ValueElement>,class std::allocator<class std::shared_ptr<class MaterialX_v1_39_6::ValueElement> > >	0.071329	0.073836	0.0		0.014104	0.014104	0.0	0.0	CpuHotPaths.exe	std::vector<class std::shared_ptr<class MaterialX_v1_39_6::ValueElement>,class std::allocator<class std::shared_ptr<class MaterialX_v1_39_6::ValueElement> > >::~vector<class std::shared_ptr<class MaterialX_v1_39_6::ValueElement>,class std::allocator<class std::shared_ptr<class MaterialX_v1_39_6::ValueElement> > >(void)	vector	0x14013f5c0
            MaterialX_v1_39_6::Node::getNodeDef	0.218871	0.226563	0.0		0.0	0.0	0.0	0.0	CpuHotPaths.exe	MaterialX_v1_39_6::Node::getNodeDef(class std::basic_string<char,struct std::char_traits<char>,class std::allocator<char> > const &,bool)	Node.cpp	0x1401e5600
             MaterialX_v1_39_6::Document::getMatchingNodeDefs	0.147633	0.152822	0.0		0.0	0.0	0.0	0.0	CpuHotPaths.exe	MaterialX_v1_39_6::Document::getMatchingNodeDefs(class std::basic_string<char,struct std::char_traits<char>,class std::allocator<char> > const &)	Document.cpp	0x1401f1000
              MaterialX_v1_39_6::Document::Cache::getMatchingNodeDefs	0.077565	0.080291	0.0		0.0	0.0	0.0	0.0	CpuHotPaths.exe	MaterialX_v1_39_6::Document::Cache::getMatchingNodeDefs(class std::basic_string<char,struct std::char_traits<char>,class std::allocator<char> > const &)	Document.cpp	0x1401f0bd0
               MaterialX_v1_39_6::Document::Cache::refreshWithLock	0.077565	0.080291	0.0		0.0	0.0	0.0	0.0	CpuHotPaths.exe	MaterialX_v1_39_6::Document::Cache::refreshWithLock(void)	Document.cpp	0x1401f3840
                MaterialX_v1_39_6::Document::Cache::rebuild	0.077565	0.080291	0.0		0.0	0.0	0.0	0.0	CpuHotPaths.exe	MaterialX_v1_39_6::Document::Cache::rebuild(class std::shared_ptr<class MaterialX_v1_39_6::Document>)	Document.cpp	0x1401f2ce0
                 std::shared_ptr<MaterialX_v1_39_6::Document>::{dtor}	0.077565	0.080291	0.0		0.015337	0.015337	0.0	0.0	CpuHotPaths.exe	std::shared_ptr<MaterialX_v1_39_6::Document>::{dtor}	memory	0x1401f3577
              MaterialX_v1_39_6::Document::getMatchingNodeDefs	0.070068	0.072531	0.0		0.0	0.0	0.0	0.0	CpuHotPaths.exe	MaterialX_v1_39_6::Document::getMatchingNodeDefs(class std::basic_string<char,struct std::char_traits<char>,class std::allocator<char> > const &)	Document.cpp	0x1401f1000
               MaterialX_v1_39_6::Document::Cache::getMatchingNodeDefs	0.070068	0.072531	0.0		0.0	0.0	0.0	0.0	CpuHotPaths.exe	MaterialX_v1_39_6::Document::Cache::getMatchingNodeDefs(class std::basic_string<char,struct std::char_traits<char>,class std::allocator<char> > const &)	Document.cpp	0x1401f0bd0
                std::_Hash<std::_Umap_traits<std::basic_string<char,std::char_traits<char>,std::allocator<char> >,std::vector<std::shared_ptr<MaterialX_v1_39_6::NodeDef>,std::allocator<std::shared_ptr<MaterialX_v1_39_6::NodeDef> > >,std::_Uhash_compare<std::basic_string<char,std::char_traits<char>,std::allocator<char> >,std::hash<std::basic_string<char,std::char_traits<char>,std::allocator<char> > >,std::equal_to<std::basic_string<char,std::char_traits<char>,std::allocator<char> > > >,std::allocator<std::pair<std::basic_string<char,std::char_traits<char>,std::allocator<char> > const ,std::vector<std::shared_ptr<MaterialX_v1_39_6::NodeDef>,std::allocator<std::shared_ptr<MaterialX_v1_39_6::NodeDef> > > > >,0> >::find	0.070068	0.072531	0.0		0.013855	0.013855	0.0	0.0	CpuHotPaths.exe	std::_Hash<std::_Umap_traits<std::basic_string<char,std::char_traits<char>,std::allocator<char> >,std::vector<std::shared_ptr<MaterialX_v1_39_6::NodeDef>,std::allocator<std::shared_ptr<MaterialX_v1_39_6::NodeDef> > >,std::_Uhash_compare<std::basic_string<char,std::char_traits<char>,std::allocator<char> >,std::hash<std::basic_string<char,std::char_traits<char>,std::allocator<char> > >,std::equal_to<std::basic_string<char,std::char_traits<char>,std::allocator<char> > > >,std::allocator<std::pair<std::basic_string<char,std::char_traits<char>,std::allocator<char> > const ,std::vector<std::shared_ptr<MaterialX_v1_39_6::NodeDef>,std::allocator<std::shared_ptr<MaterialX_v1_39_6::NodeDef> > > > >,0> >::find	xhash	0x1401f0c07
             MaterialX_v1_39_6::InterfaceElement::hasExactInputMatch	0.071238	0.073742	0.0		0.0	0.0	0.0	0.0	CpuHotPaths.exe	MaterialX_v1_39_6::InterfaceElement::hasExactInputMatch(class std::shared_ptr<class MaterialX_v1_39_6::InterfaceElement const >,class std::basic_string<char,struct std::char_traits<char>,class std::allocator<char> > *)	Interface.cpp	0x1401ceda0
              MaterialX_v1_39_6::InterfaceElement::getActiveInput	0.071238	0.073742	0.0		0.014086	0.014086	0.0	0.0	CpuHotPaths.exe	MaterialX_v1_39_6::InterfaceElement::getActiveInput(class std::basic_string<char,struct std::char_traits<char>,class std::allocator<char> > const &)	Interface.cpp	0x1401ca950
           MaterialX_v1_39_6::VariableBlock::add	0.145852	0.150978	0.0		0.014370	0.014370	0.0	0.0	CpuHotPaths.exe	MaterialX_v1_39_6::VariableBlock::add(class MaterialX_v1_39_6::TypeDesc,class std::basic_string<char,struct std::char_traits<char>,class std::allocator<char> > const &,class std::shared_ptr<class MaterialX_v1_39_6::Value>,bool)	ShaderStage.cpp	0x1401397e0
            std::make_shared<MaterialX_v1_39_6::ShaderPort,std::nullptr_t,MaterialX_v1_39_6::TypeDesc &,std::basic_string<char,std::char_traits<char>,std::allocator<char> > const &,std::shared_ptr<MaterialX_v1_39_6::Value> &>	0.073178	0.075750	0.0		0.0	0.0	0.0	0.0	CpuHotPaths.exe	std::make_shared<MaterialX_v1_39_6::ShaderPort,std::nullptr_t,MaterialX_v1_39_6::TypeDesc &,std::basic_string<char,std::char_traits<char>,std::allocator<char> > const &,std::shared_ptr<MaterialX_v1_39_6::Value> &>(void * *, class MaterialX_v1_39_6::TypeDesc & const, const class std::basic_string<char,std::char_traits<char>,std::allocator<char> > & const, class std::shared_ptr<MaterialX_v1_39_6::Value> & const)	memory	0x140137d00
             operator new	0.073178	0.075750	0.0		0.0	0.0	0.0	0.0	CpuHotPaths.exe	operator new(unsigned __int64)	new_scalar.cpp	0x140234a68
              malloc_base	0.073178	0.075750	0.0		0.014470	0.014470	0.0	0.0	ucrtbase.dll	malloc_base	[Unknown]	0x1800050a0
           MaterialX_v1_39_6::ShaderGenerator::createVariables	0.074069	0.076672	0.0		0.0	0.0	0.0	0.0	CpuHotPaths.exe	MaterialX_v1_39_6::ShaderGenerator::createVariables(class std::shared_ptr<class MaterialX_v1_39_6::ShaderGraph>,class MaterialX_v1_39_6::GenContext &,class MaterialX_v1_39_6::Shader &)	ShaderGenerator.cpp	0x14014d480
            MaterialX_v1_39_6::HwTangentNode::createVariables	0.074069	0.076672	0.0		0.0	0.0	0.0	0.0	CpuHotPaths.exe	MaterialX_v1_39_6::HwTangentNode::createVariables(class MaterialX_v1_39_6::ShaderNode const &,class MaterialX_v1_39_6::GenContext &,class MaterialX_v1_39_6::Shader &)	HwTangentNode.cpp	0x14011a960
             MaterialX_v1_39_6::addStageConnector	0.074069	0.076672	0.0		0.0	0.0	0.0	0.0	CpuHotPaths.exe	MaterialX_v1_39_6::addStageConnector	ShaderStage.h	0x14011aada
              MaterialX_v1_39_6::addStageOutput	0.074069	0.076672	0.0		0.0	0.0	0.0	0.0	CpuHotPaths.exe	MaterialX_v1_39_6::addStageOutput	ShaderStage.h	0x14011aada
               MaterialX_v1_39_6::ShaderStage::getOutputBlock	0.074069	0.076672	0.0		0.0	0.0	0.0	0.0	CpuHotPaths.exe	MaterialX_v1_39_6::ShaderStage::getOutputBlock(class std::basic_string<char,struct std::char_traits<char>,class std::allocator<char> > const &)	ShaderStage.cpp	0x14013c290
                std::_Tree<std::_Tmap_traits<std::basic_string<char,std::char_traits<char>,std::allocator<char> >,std::shared_ptr<MaterialX_v1_39_6::VariableBlock>,std::less<std::basic_string<char,std::char_traits<char>,std::allocator<char> > >,std::allocator<std::pair<std::basic_string<char,std::char_traits<char>,std::allocator<char> > const ,std::shared_ptr<MaterialX_v1_39_6::VariableBlock> > >,0> >::find	0.074069	0.076672	0.0		0.014646	0.014646	0.0	0.0	CpuHotPaths.exe	std::_Tree<std::_Tmap_traits<std::basic_string<char,std::char_traits<char>,std::allocator<char> >,std::shared_ptr<MaterialX_v1_39_6::VariableBlock>,std::less<std::basic_string<char,std::char_traits<char>,std::allocator<char> > >,std::allocator<std::pair<std::basic_string<char,std::char_traits<char>,std::allocator<char> > const ,std::shared_ptr<MaterialX_v1_39_6::VariableBlock> > >,0> >::find	xtree	0x14013c2b7
          MaterialX_v1_39_6::GlslShaderGenerator::emitPixelStage	24.628656	24.449536	29.725411		0.014197	0.014197	0.0	0.0	CpuHotPaths.exe	MaterialX_v1_39_6::GlslShaderGenerator::emitPixelStage(class MaterialX_v1_39_6::ShaderGraph const &,class MaterialX_v1_39_6::GenContext &,class MaterialX_v1_39_6::ShaderStage &)	GlslShaderGenerator.cpp	0x1400bb6a0
           MaterialX_v1_39_6::ShaderGenerator::emitFunctionDefinitions	12.627051	12.549098	14.845168		0.0	0.0	0.0	0.0	CpuHotPaths.exe	MaterialX_v1_39_6::ShaderGenerator::emitFunctionDefinitions(class MaterialX_v1_39_6::ShaderGraph const &,class MaterialX_v1_39_6::GenContext &,class MaterialX_v1_39_6::ShaderStage &)	ShaderGenerator.cpp	0x14014dd90
            MaterialX_v1_39_6::ShaderStage::addFunctionDefinition	12.627051	12.549098	14.845168		0.0	0.0	0.0	0.0	CpuHotPaths.exe	MaterialX_v1_39_6::ShaderStage::addFunctionDefinition(class MaterialX_v1_39_6::ShaderNode const &,class MaterialX_v1_39_6::GenContext &)	ShaderStage.cpp	0x14013a820
             MaterialX_v1_39_6::CompoundNode::emitFunctionDefinition	12.627051	12.549098	14.845168		0.0	0.0	0.0	0.0	CpuHotPaths.exe	MaterialX_v1_39_6::CompoundNode::emitFunctionDefinition(class MaterialX_v1_39_6::ShaderNode const &,class MaterialX_v1_39_6::GenContext &,class MaterialX_v1_39_6::ShaderStage &)	CompoundNode.cpp	0x140167a60
              MaterialX_v1_39_6::ShaderGenerator::emitFunctionDefinitions	9.890660	9.793080	12.667262		0.0	0.0	0.0	0.0	CpuHotPaths.exe	MaterialX_v1_39_6::ShaderGenerator::emitFunctionDefinitions(class MaterialX_v1_39_6::ShaderGraph const &,class MaterialX_v1_39_6::GenContext &,class MaterialX_v1_39_6::ShaderStage &)	ShaderGenerator.cpp	0x14014dd90
               MaterialX_v1_39_6::ShaderStage::addFunctionDefinition	9.890660	9.793080	12.667262		0.0	0.0	0.0	0.0	CpuHotPaths.exe	MaterialX_v1_39_6::ShaderStage::addFunctionDefinition(class MaterialX_v1_39_6::ShaderNode const &,class MaterialX_v1_39_6::GenContext &)	ShaderStage.cpp	0x14013a820
                MaterialX_v1_39_6::SourceCodeNode::emitFunctionDefinition	9.526819	9.416452	12.667262		0.0	0.0	0.0	0.0	CpuHotPaths.exe	MaterialX_v1_39_6::SourceCodeNode::emitFunctionDefinition(class MaterialX_v1_39_6::ShaderNode const &,class MaterialX_v1_39_6::GenContext &,class MaterialX_v1_39_6::ShaderStage &)	SourceCodeNode.cpp	0x14016aeb0
                 MaterialX_v1_39_6::ShaderStage::addBlock	9.239062	9.118581	12.667262		0.0	0.0	0.0	0.0	CpuHotPaths.exe	MaterialX_v1_39_6::ShaderStage::addBlock(class std::basic_string<char,struct std::char_traits<char>,class std::allocator<char> > const &,class MaterialX_v1_39_6::FilePath const &,class MaterialX_v1_39_6::GenContext &)	ShaderStage.cpp	0x140139d40
                  MaterialX_v1_39_6::ShaderStage::addInclude	8.440592	8.364783	10.597684		0.0	0.0	0.0	0.0	CpuHotPaths.exe	MaterialX_v1_39_6::ShaderStage::addInclude(class MaterialX_v1_39_6::FilePath const &,class MaterialX_v1_39_6::FilePath const &,class MaterialX_v1_39_6::GenContext &)	ShaderStage.cpp	0x14013a9d0
                   MaterialX_v1_39_6::readFile	4.087780	3.858997	10.597684		0.0	0.0	0.0	0.0	CpuHotPaths.exe	MaterialX_v1_39_6::readFile(class MaterialX_v1_39_6::FilePath const &)	Util.cpp	0x1400d5600
                    std::basic_ifstream<char,std::char_traits<char> >::{ctor}	3.231247	3.044522	8.544416		0.638927	0.581566	0.057360	0.0	CpuHotPaths.exe	std::basic_ifstream<char,std::char_traits<char> >::{ctor}	fstream	0x1400d564f
                    std::basic_ostream<char,struct std::char_traits<char> >::operator<<	0.495701	0.440962	2.053269		0.084422	0.070638	0.013784	0.0	MSVCP140.dll	std::basic_ostream<char,struct std::char_traits<char> >::operator<<(class std::basic_streambuf<char,struct std::char_traits<char> > * __ptr64)	[Unknown]	0x180050140
                     operator new	0.068752	0.071168	0.0		0.0	0.0	0.0	0.0	CpuHotPaths.exe	operator new(unsigned __int64)	new_scalar.cpp	0x140234a68
                      malloc_base	0.068752	0.071168	0.0		0.013595	0.013595	0.0	0.0	ucrtbase.dll	malloc_base	[Unknown]	0x1800050a0
                    std::basic_ifstream<char,std::char_traits<char> >::close	0.360832	0.373513	0.0		0.071349	0.071349	0.0	0.0	CpuHotPaths.exe	std::basic_ifstream<char,std::char_traits<char> >::close	fstream	0x1400d57a9
                   MaterialX_v1_39_6::GenContext::resolveSourceFile	3.286713	3.402221	0.0		0.0	0.0	0.0	0.0	CpuHotPaths.exe	MaterialX_v1_39_6::GenContext::resolveSourceFile(class MaterialX_v1_39_6::FilePath const &,class MaterialX_v1_39_6::FilePath const &)	GenContext.h	0x14013c810
                    MaterialX_v1_39_6::FileSearchPath::find	3.214622	3.327596	0.0		0.0	0.0	0.0	0.0	CpuHotPaths.exe	MaterialX_v1_39_6::FileSearchPath::find	File.h	0x14013ca14
                     MaterialX_v1_39_6::FilePath::exists	3.142924	3.253379	0.0		0.0	0.0	0.0	0.0	CpuHotPaths.exe	MaterialX_v1_39_6::FilePath::exists(void)	File.cpp	0x1400ccb30
                      GetFileAttributesA	3.070440	3.178348	0.0		0.607130	0.607130	0.0	0.0	KERNELBASE.dll	GetFileAttributesA	[Unknown]	0x18006d270
                      GetFileAttributesA	0.072484	0.075031	0.0		0.014333	0.014333	0.0	0.0	KERNEL32.DLL	GetFileAttributesA	[Unknown]	0x1800572a0
                     std::vector<std::basic_string<char,std::char_traits<char>,std::allocator<char> >,std::allocator<std::basic_string<char,std::char_traits<char>,std::allocator<char> > > >::{ctor}	0.071697	0.074217	0.0		0.0	0.0	0.0	0.0	CpuHotPaths.exe	std::vector<std::basic_string<char,std::char_traits<char>,std::allocator<char> >,std::allocator<std::basic_string<char,std::char_traits<char>,std::allocator<char> > > >::{ctor}	vector	0x14013cb26
                      operator new	0.071697	0.074217	0.0		0.0	0.0	0.0	0.0	CpuHotPaths.exe	operator new(unsigned __int64)	new_scalar.cpp	0x140234a68
                       malloc_base	0.071697	0.074217	0.0		0.014177	0.014177	0.0	0.0	ucrtbase.dll	malloc_base	[Unknown]	0x1800050a0
                    std::vector<MaterialX_v1_39_6::FilePath,std::allocator<MaterialX_v1_39_6::FilePath> >::{ctor}	0.072092	0.074625	0.0		0.0	0.0	0.0	0.0	CpuHotPaths.exe	std::vector<MaterialX_v1_39_6::FilePath,std::allocator<MaterialX_v1_39_6::FilePath> >::{ctor}	vector	0x14013c843
                     MaterialX_v1_39_6::FilePath::FilePath	0.072092	0.074625	0.0		0.0	0.0	0.0	0.0	CpuHotPaths.exe	MaterialX_v1_39_6::FilePath::FilePath(class MaterialX_v1_39_6::FilePath const &)	[Unknown]	0x1400ab250
                      std::vector<std::basic_string<char,std::char_traits<char>,std::allocator<char> >,std::allocator<std::basic_string<char,std::char_traits<char>,std::allocator<char> > > >::{ctor}	0.072092	0.074625	0.0		0.0	0.0	0.0	0.0	CpuHotPaths.exe	std::vector<std::basic_string<char,std::char_traits<char>,std::allocator<char> >,std::allocator<std::basic_string<char,std::char_traits<char>,std::allocator<char> > > >::{ctor}	vector	0x1400ab26d
                       operator new	0.072092	0.074625	0.0		0.0	0.0	0.0	0.0	CpuHotPaths.exe	operator new(unsigned __int64)	new_scalar.cpp	0x140234a68
                        malloc_base	0.072092	0.074625	0.0		0.014255	0.014255	0.0	0.0	ucrtbase.dll	malloc_base	[Unknown]	0x1800050a0
                   MaterialX_v1_39_6::ShaderStage::addBlock	0.780675	0.808111	0.0		0.0	0.0	0.0	0.0	CpuHotPaths.exe	MaterialX_v1_39_6::ShaderStage::addBlock(class std::basic_string<char,struct std::char_traits<char>,class std::allocator<char> > const &,class MaterialX_v1_39_6::FilePath const &,class MaterialX_v1_39_6::GenContext &)	ShaderStage.cpp	0x140139d40
                    std::getline	0.497101	0.514571	0.0		0.098294	0.098294	0.0	0.0	CpuHotPaths.exe	std::getline	string	0x140139e48
                    MaterialX_v1_39_6::ShaderStage::addInclude	0.211713	0.219154	0.0		0.0	0.0	0.0	0.0	CpuHotPaths.exe	MaterialX_v1_39_6::ShaderStage::addInclude(class MaterialX_v1_39_6::FilePath const &,class MaterialX_v1_39_6::FilePath const &,class MaterialX_v1_39_6::GenContext &)	ShaderStage.cpp	0x14013a9d0
                     MaterialX_v1_39_6::GenContext::resolveSourceFile	0.211713	0.219154	0.0		0.0	0.0	0.0	0.0	CpuHotPaths.exe	MaterialX_v1_39_6::GenContext::resolveSourceFile(class MaterialX_v1_39_6::FilePath const &,class MaterialX_v1_39_6::FilePath const &)	GenContext.h	0x14013c810
                      MaterialX_v1_39_6::FileSearchPath::find	0.211713	0.219154	0.0		0.0	0.0	0.0	0.0	CpuHotPaths.exe	MaterialX_v1_39_6::FileSearchPath::find	File.h	0x14013ca14
                       MaterialX_v1_39_6::FilePath::exists	0.211713	0.219154	0.0		0.0	0.0	0.0	0.0	CpuHotPaths.exe	MaterialX_v1_39_6::FilePath::exists(void)	File.cpp	0x1400ccb30
                        GetFileAttributesA	0.211713	0.219154	0.0		0.041863	0.041863	0.0	0.0	KERNELBASE.dll	GetFileAttributesA	[Unknown]	0x18006d270
                    MaterialX_v1_39_6::ShaderStage::addLine	0.071860	0.074386	0.0		0.0	0.0	0.0	0.0	CpuHotPaths.exe	MaterialX_v1_39_6::ShaderStage::addLine	ShaderStage.cpp	0x140139f34
                     MaterialX_v1_39_6::ShaderStage::addString	0.071860	0.074386	0.0		0.0	0.0	0.0	0.0	CpuHotPaths.exe	MaterialX_v1_39_6::ShaderStage::addString	ShaderStage.cpp	0x140139f46
                      std::basic_string<char,std::char_traits<char>,std::allocator<char> >::operator+=	0.071860	0.074386	0.0		0.014209	0.014209	0.0	0.0	CpuHotPaths.exe	std::basic_string<char,std::char_traits<char>,std::allocator<char> >::operator+=	xstring	0x140139f46
                   std::_Tree<class std::_Tset_traits<class std::basic_string<char,struct std::char_traits<char>,class std::allocator<char> >,struct std::less<class std::basic_string<char,struct std::char_traits<char>,class std::allocator<char> > >,class std::allocator<class std::basic_string<char,struct std::char_traits<char>,class std::allocator<char> > >,0> >::insert<0,0>	0.143251	0.148286	0.0		0.028326	0.028326	0.0	0.0	CpuHotPaths.exe	std::_Tree<class std::_Tset_traits<class std::basic_string<char,struct std::char_traits<char>,class std::allocator<char> >,struct std::less<class std::basic_string<char,struct std::char_traits<char>,class std::allocator<char> > >,class std::allocator<class std::basic_string<char,struct std::char_traits<char>,class std::allocator<char> > >,0> >::insert<0,0>(class std::basic_string<char,struct std::char_traits<char>,class std::allocator<char> > &&)	xtree	0x140137ba0
                   MaterialX_v1_39_6::tokenSubstitution	0.071474	0.073986	0.0		0.0	0.0	0.0	0.0	CpuHotPaths.exe	MaterialX_v1_39_6::tokenSubstitution(class std::unordered_map<class std::basic_string<char,struct std::char_traits<char>,class std::allocator<char> >,class std::basic_string<char,struct std::char_traits<char>,class std::allocator<char> >,struct std::hash<class std::basic_string<char,struct std::char_traits<char>,class std::allocator<char> > >,struct std::equal_to<class std::basic_string<char,struct std::char_traits<char>,class std::allocator<char> > >,class std::allocator<struct std::pair<class std::basic_string<char,struct std::char_traits<char>,class std::allocator<char> > const ,class std::basic_string<char,struct std::char_traits<char>,class std::allocator<char> > > > > const &,class std::basic_string<char,struct std::char_traits<char>,class std::allocator<char> > &)	Util.cpp	0x140175170
                    std::basic_string<char,std::char_traits<char>,std::allocator<char> >::{dtor}	0.071474	0.073986	0.0		0.014133	0.014133	0.0	0.0	CpuHotPaths.exe	std::basic_string<char,std::char_traits<char>,std::allocator<char> >::{dtor}	xstring	0x140175607
                   MaterialX_v1_39_6::FilePath::{ctor}	0.070698	0.073182	0.0		0.0	0.0	0.0	0.0	CpuHotPaths.exe	MaterialX_v1_39_6::FilePath::{ctor}	File.h	0x14013aaa4
                    MaterialX_v1_39_6::FilePath::assign	0.070698	0.073182	0.0		0.0	0.0	0.0	0.0	CpuHotPaths.exe	MaterialX_v1_39_6::FilePath::assign(class std::basic_string<char,struct std::char_traits<char>,class std::allocator<char> > const &)	File.cpp	0x1400cbbc0
                     MaterialX_v1_39_6::splitString	0.070698	0.073182	0.0		0.0	0.0	0.0	0.0	CpuHotPaths.exe	MaterialX_v1_39_6::splitString(class std::basic_string<char,struct std::char_traits<char>,class std::allocator<char> > const &,class std::basic_string<char,struct std::char_traits<char>,class std::allocator<char> > const &)	Util.cpp	0x14017fd70
                      std::basic_string<char,struct std::char_traits<char>,class std::allocator<char> >::find_first_of	0.070698	0.073182	0.0		0.0	0.0	0.0	0.0	CpuHotPaths.exe	std::basic_string<char,struct std::char_traits<char>,class std::allocator<char> >::find_first_of(class std::basic_string<char,struct std::char_traits<char>,class std::allocator<char> > const &,unsigned __int64)	xstring	0x14017ec20
                       [Import thunk memset]	0.070698	0.073182	0.0		0.013979	0.013979	0.0	0.0	CpuHotPaths.exe	[Import thunk memset]	[Unknown]	0x1402365e0
                  std::getline	0.727528	0.680363	2.069578		0.130162	0.116269	0.013893	0.0	CpuHotPaths.exe	std::getline	string	0x140139e48
                   operator new	0.069257	0.071691	0.0		0.0	0.0	0.0	0.0	CpuHotPaths.exe	operator new(unsigned __int64)	new_scalar.cpp	0x140234a68
                    malloc_base	0.069257	0.071691	0.0		0.013694	0.013694	0.0	0.0	ucrtbase.dll	malloc_base	[Unknown]	0x1800050a0
                  MaterialX_v1_39_6::FilePath::{ctor}	0.070942	0.073435	0.0		0.0	0.0	0.0	0.0	CpuHotPaths.exe	MaterialX_v1_39_6::FilePath::{ctor}	File.h	0x14013a1c2
                   MaterialX_v1_39_6::FilePath::assign	0.070942	0.073435	0.0		0.0	0.0	0.0	0.0	CpuHotPaths.exe	MaterialX_v1_39_6::FilePath::assign(class std::basic_string<char,struct std::char_traits<char>,class std::allocator<char> > const &)	File.cpp	0x1400cbbc0
                    MaterialX_v1_39_6::splitString	0.070942	0.073435	0.0		0.0	0.0	0.0	0.0	CpuHotPaths.exe	MaterialX_v1_39_6::splitString(class std::basic_string<char,struct std::char_traits<char>,class std::allocator<char> > const &,class std::basic_string<char,struct std::char_traits<char>,class std::allocator<char> > const &)	Util.cpp	0x14017fd70
                     std::vector<std::basic_string<char,std::char_traits<char>,std::allocator<char> >,std::allocator<std::basic_string<char,std::char_traits<char>,std::allocator<char> > > >::push_back	0.070942	0.073435	0.0		0.014028	0.014028	0.0	0.0	CpuHotPaths.exe	std::vector<std::basic_string<char,std::char_traits<char>,std::allocator<char> >,std::allocator<std::basic_string<char,std::char_traits<char>,std::allocator<char> > > >::push_back	vector	0x14017fe49
                 MaterialX_v1_39_6::ShaderStage::addSourceDependency	0.145626	0.150743	0.0		0.0	0.0	0.0	0.0	CpuHotPaths.exe	MaterialX_v1_39_6::ShaderStage::addSourceDependency(class MaterialX_v1_39_6::FilePath const &)	ShaderStage.cpp	0x14013aff0
                  MaterialX_v1_39_6::FilePath::operator class std::basic_string<char,struct std::char_traits<char>,class std::allocator<char> >	0.074221	0.076829	0.0		0.0	0.0	0.0	0.0	CpuHotPaths.exe	MaterialX_v1_39_6::FilePath::operator class std::basic_string<char,struct std::char_traits<char>,class std::allocator<char> >	File.h	0x14013b00f
                   MaterialX_v1_39_6::FilePath::asString	0.074221	0.076829	0.0		0.0	0.0	0.0	0.0	CpuHotPaths.exe	MaterialX_v1_39_6::FilePath::asString(enum MaterialX_v1_39_6::FilePath::Format)	File.cpp	0x1400cb980
                    std::basic_string<char,std::char_traits<char>,std::allocator<char> >::operator+=	0.074221	0.076829	0.0		0.0	0.0	0.0	0.0	CpuHotPaths.exe	std::basic_string<char,std::char_traits<char>,std::allocator<char> >::operator+=	xstring	0x1400cba84
                     operator new	0.074221	0.076829	0.0		0.0	0.0	0.0	0.0	CpuHotPaths.exe	operator new(unsigned __int64)	new_scalar.cpp	0x140234a68
                      malloc_base	0.074221	0.076829	0.0		0.014676	0.014676	0.0	0.0	ucrtbase.dll	malloc_base	[Unknown]	0x1800050a0
                  std::_Tree<class std::_Tset_traits<class std::basic_string<char,struct std::char_traits<char>,class std::allocator<char> >,struct std::less<class std::basic_string<char,struct std::char_traits<char>,class std::allocator<char> > >,class std::allocator<class std::basic_string<char,struct std::char_traits<char>,class std::allocator<char> > >,0> >::insert<0,0>	0.071405	0.073914	0.0		0.0	0.0	0.0	0.0	CpuHotPaths.exe	std::_Tree<class std::_Tset_traits<class std::basic_string<char,struct std::char_traits<char>,class std::allocator<char> >,struct std::less<class std::basic_string<char,struct std::char_traits<char>,class std::allocator<char> > >,class std::allocator<class std::basic_string<char,struct std::char_traits<char>,class std::allocator<char> > >,0> >::insert<0,0>(class std::basic_string<char,struct std::char_traits<char>,class std::allocator<char> > &&)	xtree	0x140137ba0
                   operator new	0.071405	0.073914	0.0		0.014119	0.014119	0.0	0.0	CpuHotPaths.exe	operator new(unsigned __int64)	new_scalar.cpp	0x140234a68
                 MaterialX_v1_39_6::ShaderStage::hasSourceDependency	0.071799	0.074322	0.0		0.0	0.0	0.0	0.0	CpuHotPaths.exe	MaterialX_v1_39_6::ShaderStage::hasSourceDependency(class MaterialX_v1_39_6::FilePath const &)	ShaderStage.cpp	0x14013c580
                  std::_Tree<std::_Tset_traits<std::basic_string<char,std::char_traits<char>,std::allocator<char> >,std::less<std::basic_string<char,std::char_traits<char>,std::allocator<char> > >,std::allocator<std::basic_string<char,std::char_traits<char>,std::allocator<char> > >,0> >::count	0.071799	0.074322	0.0		0.014197	0.014197	0.0	0.0	CpuHotPaths.exe	std::_Tree<std::_Tset_traits<std::basic_string<char,std::char_traits<char>,std::allocator<char> >,std::less<std::basic_string<char,std::char_traits<char>,std::allocator<char> > >,std::allocator<std::basic_string<char,std::char_traits<char>,std::allocator<char> > >,0> >::count	xtree	0x14013c5bc
                 std::basic_string<char,std::char_traits<char>,std::allocator<char> >::empty	0.070333	0.072805	0.0		0.013907	0.013907	0.0	0.0	CpuHotPaths.exe	std::basic_string<char,std::char_traits<char>,std::allocator<char> >::empty	xstring	0x14016aed3
                MaterialX_v1_39_6::CompoundNode::emitFunctionDefinition	0.363841	0.376628	0.0		0.0	0.0	0.0	0.0	CpuHotPaths.exe	MaterialX_v1_39_6::CompoundNode::emitFunctionDefinition(class MaterialX_v1_39_6::ShaderNode const &,class MaterialX_v1_39_6::GenContext &,class MaterialX_v1_39_6::ShaderStage &)	CompoundNode.cpp	0x140167a60
                 MaterialX_v1_39_6::ShaderGenerator::emitFunctionDefinitions	0.363841	0.376628	0.0		0.0	0.0	0.0	0.0	CpuHotPaths.exe	MaterialX_v1_39_6::ShaderGenerator::emitFunctionDefinitions(class MaterialX_v1_39_6::ShaderGraph const &,class MaterialX_v1_39_6::GenContext &,class MaterialX_v1_39_6::ShaderStage &)	ShaderGenerator.cpp	0x14014dd90
                  MaterialX_v1_39_6::ShaderStage::addFunctionDefinition	0.363841	0.376628	0.0		0.0	0.0	0.0	0.0	CpuHotPaths.exe	MaterialX_v1_39_6::ShaderStage::addFunctionDefinition(class MaterialX_v1_39_6::ShaderNode const &,class MaterialX_v1_39_6::GenContext &)	ShaderStage.cpp	0x14013a820
                   MaterialX_v1_39_6::CompoundNode::emitFunctionDefinition	0.363841	0.376628	0.0		0.0	0.0	0.0	0.0	CpuHotPaths.exe	MaterialX_v1_39_6::CompoundNode::emitFunctionDefinition(class MaterialX_v1_39_6::ShaderNode const &,class MaterialX_v1_39_6::GenContext &,class MaterialX_v1_39_6::ShaderStage &)	CompoundNode.cpp	0x140167a60
                    MaterialX_v1_39_6::ShaderGenerator::emitFunctionCalls	0.363841	0.376628	0.0		0.0	0.0	0.0	0.0	CpuHotPaths.exe	MaterialX_v1_39_6::ShaderGenerator::emitFunctionCalls(class MaterialX_v1_39_6::ShaderGraph const &,class MaterialX_v1_39_6::GenContext &,class MaterialX_v1_39_6::ShaderStage &,unsigned int)	ShaderGenerator.cpp	0x14014d880
                     MaterialX_v1_39_6::ShaderGenerator::emitFunctionCall	0.363841	0.376628	0.0		0.0	0.0	0.0	0.0	CpuHotPaths.exe	MaterialX_v1_39_6::ShaderGenerator::emitFunctionCall(class MaterialX_v1_39_6::ShaderNode const &,class MaterialX_v1_39_6::GenContext &,class MaterialX_v1_39_6::ShaderStage &)	ShaderGenerator.cpp	0x14014d810
                      MaterialX_v1_39_6::ShaderStage::addFunctionCall	0.363841	0.376628	0.0		0.0	0.0	0.0	0.0	CpuHotPaths.exe	MaterialX_v1_39_6::ShaderStage::addFunctionCall(class MaterialX_v1_39_6::ShaderNode const &,class MaterialX_v1_39_6::GenContext &,bool)	ShaderStage.cpp	0x14013a6c0
                       MaterialX_v1_39_6::SourceCodeNode::emitFunctionCall	0.363841	0.376628	0.0		0.0	0.0	0.0	0.0	CpuHotPaths.exe	MaterialX_v1_39_6::SourceCodeNode::emitFunctionCall(class MaterialX_v1_39_6::ShaderNode const &,class MaterialX_v1_39_6::GenContext &,class MaterialX_v1_39_6::ShaderStage &)	SourceCodeNode.cpp	0x140169340
                        MaterialX_v1_39_6::Syntax::getValue	0.217864	0.225521	0.0		0.0	0.0	0.0	0.0	CpuHotPaths.exe	MaterialX_v1_39_6::Syntax::getValue(class MaterialX_v1_39_6::TypeDesc,class MaterialX_v1_39_6::Value const &,bool)	Syntax.cpp	0x1401491f0
                         MaterialX_v1_39_6::ScalarTypeSyntax::getValue	0.217864	0.225521	0.0		0.0	0.0	0.0	0.0	CpuHotPaths.exe	MaterialX_v1_39_6::ScalarTypeSyntax::getValue(class MaterialX_v1_39_6::Value const &,bool)	Syntax.cpp	0x140148c80
                          MaterialX_v1_39_6::TypedValue<int>::getValueString	0.217864	0.225521	0.0		0.0	0.0	0.0	0.0	CpuHotPaths.exe	MaterialX_v1_39_6::TypedValue<int>::getValueString(void)	Value.cpp	0x1401f65a0
                           MaterialX_v1_39_6::toValueString<int>	0.217864	0.225521	0.0		0.0	0.0	0.0	0.0	CpuHotPaths.exe	MaterialX_v1_39_6::toValueString<int>(int const &)	Value.cpp	0x1401fded0
                            std::basic_ostream<char,struct std::char_traits<char> >::operator<<	0.147767	0.152960	0.0		0.029218	0.029218	0.0	0.0	MSVCP140.dll	std::basic_ostream<char,struct std::char_traits<char> >::operator<<(int)	[Unknown]	0x18004f300
                            std::locale::{dtor}	0.070097	0.072561	0.0		0.013861	0.013861	0.0	0.0	CpuHotPaths.exe	std::locale::{dtor}	xlocale	0x1401fdfd8
                        std::vector<std::basic_string<char,std::char_traits<char>,std::allocator<char> >,std::allocator<std::basic_string<char,std::char_traits<char>,std::allocator<char> > > >::push_back	0.074309	0.076921	0.0		0.0	0.0	0.0	0.0	CpuHotPaths.exe	std::vector<std::basic_string<char,std::char_traits<char>,std::allocator<char> >,std::allocator<std::basic_string<char,std::char_traits<char>,std::allocator<char> > > >::push_back	vector	0x14016a2e9
                         operator new	0.074309	0.076921	0.0		0.0	0.0	0.0	0.0	CpuHotPaths.exe	operator new(unsigned __int64)	new_scalar.cpp	0x140234a68
                          malloc_base	0.074309	0.076921	0.0		0.014693	0.014693	0.0	0.0	ucrtbase.dll	malloc_base	[Unknown]	0x1800050a0
                        std::basic_string<char,std::char_traits<char>,std::allocator<char> >::find	0.071668	0.074187	0.0		0.014171	0.014171	0.0	0.0	CpuHotPaths.exe	std::basic_string<char,std::char_traits<char>,std::allocator<char> >::find	xstring	0x140169588
              MaterialX_v1_39_6::ShaderGenerator::emitFunctionCall	1.516436	1.493190	2.177905		0.0	0.0	0.0	0.0	CpuHotPaths.exe	MaterialX_v1_39_6::ShaderGenerator::emitFunctionCall(class MaterialX_v1_39_6::ShaderNode const &,class MaterialX_v1_39_6::GenContext &,class MaterialX_v1_39_6::ShaderStage &)	ShaderGenerator.cpp	0x14014d810
               MaterialX_v1_39_6::ShaderStage::addFunctionCall	1.516436	1.493190	2.177905		0.0	0.0	0.0	0.0	CpuHotPaths.exe	MaterialX_v1_39_6::ShaderStage::addFunctionCall(class MaterialX_v1_39_6::ShaderNode const &,class MaterialX_v1_39_6::GenContext &,bool)	ShaderStage.cpp	0x14013a6c0
                MaterialX_v1_39_6::HwSurfaceNode::emitFunctionCall	1.516436	1.493190	2.177905		0.0	0.0	0.0	0.0	CpuHotPaths.exe	MaterialX_v1_39_6::HwSurfaceNode::emitFunctionCall(class MaterialX_v1_39_6::ShaderNode const &,class MaterialX_v1_39_6::GenContext &,class MaterialX_v1_39_6::ShaderStage &)	HwSurfaceNode.cpp	0x140125af0
                 MaterialX_v1_39_6::ShaderGenerator::emitFunctionCall	0.937837	0.970797	0.0		0.0	0.0	0.0	0.0	CpuHotPaths.exe	MaterialX_v1_39_6::ShaderGenerator::emitFunctionCall(class MaterialX_v1_39_6::ShaderNode const &,class MaterialX_v1_39_6::GenContext &,class MaterialX_v1_39_6::ShaderStage &)	ShaderGenerator.cpp	0x14014d810
                  MaterialX_v1_39_6::ShaderStage::addFunctionCall	0.937837	0.970797	0.0		0.0	0.0	0.0	0.0	CpuHotPaths.exe	MaterialX_v1_39_6::ShaderStage::addFunctionCall(class MaterialX_v1_39_6::ShaderNode const &,class MaterialX_v1_39_6::GenContext &,bool)	ShaderStage.cpp	0x14013a6c0
                   MaterialX_v1_39_6::SourceCodeNode::emitFunctionCall	0.937837	0.970797	0.0		0.0	0.0	0.0	0.0	CpuHotPaths.exe	MaterialX_v1_39_6::SourceCodeNode::emitFunctionCall(class MaterialX_v1_39_6::ShaderNode const &,class MaterialX_v1_39_6::GenContext &,class MaterialX_v1_39_6::ShaderStage &)	SourceCodeNode.cpp	0x140169340
                    MaterialX_v1_39_6::ShaderGenerator::emitDependentFunctionCalls	0.937837	0.970797	0.0		0.0	0.0	0.0	0.0	CpuHotPaths.exe	MaterialX_v1_39_6::ShaderGenerator::emitDependentFunctionCalls(class MaterialX_v1_39_6::ShaderNode const &,class MaterialX_v1_39_6::GenContext &,class MaterialX_v1_39_6::ShaderStage &,unsigned int)	ShaderGenerator.cpp	0x14014d6f0
                     MaterialX_v1_39_6::ShaderGenerator::emitFunctionCall	0.937837	0.970797	0.0		0.0	0.0	0.0	0.0	CpuHotPaths.exe	MaterialX_v1_39_6::ShaderGenerator::emitFunctionCall(class MaterialX_v1_39_6::ShaderNode const &,class MaterialX_v1_39_6::GenContext &,class MaterialX_v1_39_6::ShaderStage &)	ShaderGenerator.cpp	0x14014d810
                      MaterialX_v1_39_6::ShaderStage::addFunctionCall	0.937837	0.970797	0.0		0.0	0.0	0.0	0.0	CpuHotPaths.exe	MaterialX_v1_39_6::ShaderStage::addFunctionCall(class MaterialX_v1_39_6::ShaderNode const &,class MaterialX_v1_39_6::GenContext &,bool)	ShaderStage.cpp	0x14013a6c0
                       MaterialX_v1_39_6::SourceCodeNode::emitFunctionCall	0.937837	0.970797	0.0		0.0	0.0	0.0	0.0	CpuHotPaths.exe	MaterialX_v1_39_6::SourceCodeNode::emitFunctionCall(class MaterialX_v1_39_6::ShaderNode const &,class MaterialX_v1_39_6::GenContext &,class MaterialX_v1_39_6::ShaderStage &)	SourceCodeNode.cpp	0x140169340
                        MaterialX_v1_39_6::ShaderGenerator::emitDependentFunctionCalls	0.581679	0.602122	0.0		0.0	0.0	0.0	0.0	CpuHotPaths.exe	MaterialX_v1_39_6::ShaderGenerator::emitDependentFunctionCalls(class MaterialX_v1_39_6::ShaderNode const &,class MaterialX_v1_39_6::GenContext &,class MaterialX_v1_39_6::ShaderStage &,unsigned int)	ShaderGenerator.cpp	0x14014d6f0
                         MaterialX_v1_39_6::ShaderGenerator::emitFunctionCall	0.581679	0.602122	0.0		0.0	0.0	0.0	0.0	CpuHotPaths.exe	MaterialX_v1_39_6::ShaderGenerator::emitFunctionCall(class MaterialX_v1_39_6::ShaderNode const &,class MaterialX_v1_39_6::GenContext &,class MaterialX_v1_39_6::ShaderStage &)	ShaderGenerator.cpp	0x14014d810
                          MaterialX_v1_39_6::ShaderStage::addFunctionCall	0.581679	0.602122	0.0		0.0	0.0	0.0	0.0	CpuHotPaths.exe	MaterialX_v1_39_6::ShaderStage::addFunctionCall(class MaterialX_v1_39_6::ShaderNode const &,class MaterialX_v1_39_6::GenContext &,bool)	ShaderStage.cpp	0x14013a6c0
                           MaterialX_v1_39_6::SourceCodeNode::emitFunctionCall	0.581679	0.602122	0.0		0.0	0.0	0.0	0.0	CpuHotPaths.exe	MaterialX_v1_39_6::SourceCodeNode::emitFunctionCall(class MaterialX_v1_39_6::ShaderNode const &,class MaterialX_v1_39_6::GenContext &,class MaterialX_v1_39_6::ShaderStage &)	SourceCodeNode.cpp	0x140169340
                            MaterialX_v1_39_6::ShaderGenerator::emitDependentFunctionCalls	0.581679	0.602122	0.0		0.0	0.0	0.0	0.0	CpuHotPaths.exe	MaterialX_v1_39_6::ShaderGenerator::emitDependentFunctionCalls(class MaterialX_v1_39_6::ShaderNode const &,class MaterialX_v1_39_6::GenContext &,class MaterialX_v1_39_6::ShaderStage &,unsigned int)	ShaderGenerator.cpp	0x14014d6f0
                             MaterialX_v1_39_6::ShaderGenerator::emitFunctionCall	0.581679	0.602122	0.0		0.0	0.0	0.0	0.0	CpuHotPaths.exe	MaterialX_v1_39_6::ShaderGenerator::emitFunctionCall(class MaterialX_v1_39_6::ShaderNode const &,class MaterialX_v1_39_6::GenContext &,class MaterialX_v1_39_6::ShaderStage &)	ShaderGenerator.cpp	0x14014d810
                              MaterialX_v1_39_6::ShaderStage::addFunctionCall	0.581679	0.602122	0.0		0.0	0.0	0.0	0.0	CpuHotPaths.exe	MaterialX_v1_39_6::ShaderStage::addFunctionCall(class MaterialX_v1_39_6::ShaderNode const &,class MaterialX_v1_39_6::GenContext &,bool)	ShaderStage.cpp	0x14013a6c0
                               MaterialX_v1_39_6::SourceCodeNode::emitFunctionCall	0.581679	0.602122	0.0		0.0	0.0	0.0	0.0	CpuHotPaths.exe	MaterialX_v1_39_6::SourceCodeNode::emitFunctionCall(class MaterialX_v1_39_6::ShaderNode const &,class MaterialX_v1_39_6::GenContext &,class MaterialX_v1_39_6::ShaderStage &)	SourceCodeNode.cpp	0x140169340
                                MaterialX_v1_39_6::ShaderGenerator::emitDependentFunctionCalls	0.581679	0.602122	0.0		0.0	0.0	0.0	0.0	CpuHotPaths.exe	MaterialX_v1_39_6::ShaderGenerator::emitDependentFunctionCalls(class MaterialX_v1_39_6::ShaderNode const &,class MaterialX_v1_39_6::GenContext &,class MaterialX_v1_39_6::ShaderStage &,unsigned int)	ShaderGenerator.cpp	0x14014d6f0
                                 MaterialX_v1_39_6::ShaderGenerator::emitFunctionCall	0.581679	0.602122	0.0		0.0	0.0	0.0	0.0	CpuHotPaths.exe	MaterialX_v1_39_6::ShaderGenerator::emitFunctionCall(class MaterialX_v1_39_6::ShaderNode const &,class MaterialX_v1_39_6::GenContext &,class MaterialX_v1_39_6::ShaderStage &)	ShaderGenerator.cpp	0x14014d810
                                  MaterialX_v1_39_6::ShaderStage::addFunctionCall	0.581679	0.602122	0.0		0.0	0.0	0.0	0.0	CpuHotPaths.exe	MaterialX_v1_39_6::ShaderStage::addFunctionCall(class MaterialX_v1_39_6::ShaderNode const &,class MaterialX_v1_39_6::GenContext &,bool)	ShaderStage.cpp	0x14013a6c0
                                   MaterialX_v1_39_6::SourceCodeNode::emitFunctionCall	0.581679	0.602122	0.0		0.0	0.0	0.0	0.0	CpuHotPaths.exe	MaterialX_v1_39_6::SourceCodeNode::emitFunctionCall(class MaterialX_v1_39_6::ShaderNode const &,class MaterialX_v1_39_6::GenContext &,class MaterialX_v1_39_6::ShaderStage &)	SourceCodeNode.cpp	0x140169340
                                    MaterialX_v1_39_6::ShaderGenerator::emitDependentFunctionCalls	0.581679	0.602122	0.0		0.0	0.0	0.0	0.0	CpuHotPaths.exe	MaterialX_v1_39_6::ShaderGenerator::emitDependentFunctionCalls(class MaterialX_v1_39_6::ShaderNode const &,class MaterialX_v1_39_6::GenContext &,class MaterialX_v1_39_6::ShaderStage &,unsigned int)	ShaderGenerator.cpp	0x14014d6f0
                                     MaterialX_v1_39_6::ShaderGenerator::emitFunctionCall	0.581679	0.602122	0.0		0.0	0.0	0.0	0.0	CpuHotPaths.exe	MaterialX_v1_39_6::ShaderGenerator::emitFunctionCall(class MaterialX_v1_39_6::ShaderNode const &,class MaterialX_v1_39_6::GenContext &,class MaterialX_v1_39_6::ShaderStage &)	ShaderGenerator.cpp	0x14014d810
                                      MaterialX_v1_39_6::ShaderStage::addFunctionCall	0.581679	0.602122	0.0		0.0	0.0	0.0	0.0	CpuHotPaths.exe	MaterialX_v1_39_6::ShaderStage::addFunctionCall(class MaterialX_v1_39_6::ShaderNode const &,class MaterialX_v1_39_6::GenContext &,bool)	ShaderStage.cpp	0x14013a6c0
                                       MaterialX_v1_39_6::SourceCodeNode::emitFunctionCall	0.509855	0.527774	0.0		0.0	0.0	0.0	0.0	CpuHotPaths.exe	MaterialX_v1_39_6::SourceCodeNode::emitFunctionCall(class MaterialX_v1_39_6::ShaderNode const &,class MaterialX_v1_39_6::GenContext &,class MaterialX_v1_39_6::ShaderStage &)	SourceCodeNode.cpp	0x140169340
                                        MaterialX_v1_39_6::ShaderGenerator::emitDependentFunctionCalls	0.509855	0.527774	0.0		0.0	0.0	0.0	0.0	CpuHotPaths.exe	MaterialX_v1_39_6::ShaderGenerator::emitDependentFunctionCalls(class MaterialX_v1_39_6::ShaderNode const &,class MaterialX_v1_39_6::GenContext &,class MaterialX_v1_39_6::ShaderStage &,unsigned int)	ShaderGenerator.cpp	0x14014d6f0
                                         MaterialX_v1_39_6::ShaderGenerator::emitFunctionCall	0.509855	0.527774	0.0		0.0	0.0	0.0	0.0	CpuHotPaths.exe	MaterialX_v1_39_6::ShaderGenerator::emitFunctionCall(class MaterialX_v1_39_6::ShaderNode const &,class MaterialX_v1_39_6::GenContext &,class MaterialX_v1_39_6::ShaderStage &)	ShaderGenerator.cpp	0x14014d810
                                          MaterialX_v1_39_6::ShaderStage::addFunctionCall	0.509855	0.527774	0.0		0.0	0.0	0.0	0.0	CpuHotPaths.exe	MaterialX_v1_39_6::ShaderStage::addFunctionCall(class MaterialX_v1_39_6::ShaderNode const &,class MaterialX_v1_39_6::GenContext &,bool)	ShaderStage.cpp	0x14013a6c0
                                           MaterialX_v1_39_6::SourceCodeNode::emitFunctionCall	0.509855	0.527774	0.0		0.0	0.0	0.0	0.0	CpuHotPaths.exe	MaterialX_v1_39_6::SourceCodeNode::emitFunctionCall(class MaterialX_v1_39_6::ShaderNode const &,class MaterialX_v1_39_6::GenContext &,class MaterialX_v1_39_6::ShaderStage &)	SourceCodeNode.cpp	0x140169340
                                            MaterialX_v1_39_6::ShaderGenerator::emitDependentFunctionCalls	0.365536	0.378382	0.0		0.0	0.0	0.0	0.0	CpuHotPaths.exe	MaterialX_v1_39_6::ShaderGenerator::emitDependentFunctionCalls(class MaterialX_v1_39_6::ShaderNode const &,class MaterialX_v1_39_6::GenContext &,class MaterialX_v1_39_6::ShaderStage &,unsigned int)	ShaderGenerator.cpp	0x14014d6f0
                                             MaterialX_v1_39_6::ShaderGenerator::emitFunctionCall	0.365536	0.378382	0.0		0.0	0.0	0.0	0.0	CpuHotPaths.exe	MaterialX_v1_39_6::ShaderGenerator::emitFunctionCall(class MaterialX_v1_39_6::ShaderNode const &,class MaterialX_v1_39_6::GenContext &,class MaterialX_v1_39_6::ShaderStage &)	ShaderGenerator.cpp	0x14014d810
                                              MaterialX_v1_39_6::ShaderStage::addFunctionCall	0.365536	0.378382	0.0		0.0	0.0	0.0	0.0	CpuHotPaths.exe	MaterialX_v1_39_6::ShaderStage::addFunctionCall(class MaterialX_v1_39_6::ShaderNode const &,class MaterialX_v1_39_6::GenContext &,bool)	ShaderStage.cpp	0x14013a6c0
                                               MaterialX_v1_39_6::SourceCodeNode::emitFunctionCall	0.365536	0.378382	0.0		0.0	0.0	0.0	0.0	CpuHotPaths.exe	MaterialX_v1_39_6::SourceCodeNode::emitFunctionCall(class MaterialX_v1_39_6::ShaderNode const &,class MaterialX_v1_39_6::GenContext &,class MaterialX_v1_39_6::ShaderStage &)	SourceCodeNode.cpp	0x140169340
                                                MaterialX_v1_39_6::ShaderGenerator::emitDependentFunctionCalls	0.222760	0.230589	0.0		0.0	0.0	0.0	0.0	CpuHotPaths.exe	MaterialX_v1_39_6::ShaderGenerator::emitDependentFunctionCalls(class MaterialX_v1_39_6::ShaderNode const &,class MaterialX_v1_39_6::GenContext &,class MaterialX_v1_39_6::ShaderStage &,unsigned int)	ShaderGenerator.cpp	0x14014d6f0
                                                 MaterialX_v1_39_6::ShaderGenerator::emitFunctionCall	0.222760	0.230589	0.0		0.0	0.0	0.0	0.0	CpuHotPaths.exe	MaterialX_v1_39_6::ShaderGenerator::emitFunctionCall(class MaterialX_v1_39_6::ShaderNode const &,class MaterialX_v1_39_6::GenContext &,class MaterialX_v1_39_6::ShaderStage &)	ShaderGenerator.cpp	0x14014d810
                                                  MaterialX_v1_39_6::ShaderStage::addFunctionCall	0.222760	0.230589	0.0		0.0	0.0	0.0	0.0	CpuHotPaths.exe	MaterialX_v1_39_6::ShaderStage::addFunctionCall(class MaterialX_v1_39_6::ShaderNode const &,class MaterialX_v1_39_6::GenContext &,bool)	ShaderStage.cpp	0x14013a6c0
                                                   MaterialX_v1_39_6::SourceCodeNode::emitFunctionCall	0.222760	0.230589	0.0		0.0	0.0	0.0	0.0	CpuHotPaths.exe	MaterialX_v1_39_6::SourceCodeNode::emitFunctionCall(class MaterialX_v1_39_6::ShaderNode const &,class MaterialX_v1_39_6::GenContext &,class MaterialX_v1_39_6::ShaderStage &)	SourceCodeNode.cpp	0x140169340
                                                    MaterialX_v1_39_6::ShaderGenerator::emitDependentFunctionCalls	0.149142	0.154383	0.0		0.0	0.0	0.0	0.0	CpuHotPaths.exe	MaterialX_v1_39_6::ShaderGenerator::emitDependentFunctionCalls(class MaterialX_v1_39_6::ShaderNode const &,class MaterialX_v1_39_6::GenContext &,class MaterialX_v1_39_6::ShaderStage &,unsigned int)	ShaderGenerator.cpp	0x14014d6f0
                                                     MaterialX_v1_39_6::ShaderGenerator::emitFunctionCall	0.149142	0.154383	0.0		0.0	0.0	0.0	0.0	CpuHotPaths.exe	MaterialX_v1_39_6::ShaderGenerator::emitFunctionCall(class MaterialX_v1_39_6::ShaderNode const &,class MaterialX_v1_39_6::GenContext &,class MaterialX_v1_39_6::ShaderStage &)	ShaderGenerator.cpp	0x14014d810
                                                      MaterialX_v1_39_6::ShaderStage::addFunctionCall	0.149142	0.154383	0.0		0.0	0.0	0.0	0.0	CpuHotPaths.exe	MaterialX_v1_39_6::ShaderStage::addFunctionCall(class MaterialX_v1_39_6::ShaderNode const &,class MaterialX_v1_39_6::GenContext &,bool)	ShaderStage.cpp	0x14013a6c0
                                                       MaterialX_v1_39_6::SourceCodeNode::emitFunctionCall	0.149142	0.154383	0.0		0.0	0.0	0.0	0.0	CpuHotPaths.exe	MaterialX_v1_39_6::SourceCodeNode::emitFunctionCall(class MaterialX_v1_39_6::ShaderNode const &,class MaterialX_v1_39_6::GenContext &,class MaterialX_v1_39_6::ShaderStage &)	SourceCodeNode.cpp	0x140169340
                                                        MaterialX_v1_39_6::ShaderGenerator::emitDependentFunctionCalls	0.149142	0.154383	0.0		0.0	0.0	0.0	0.0	CpuHotPaths.exe	MaterialX_v1_39_6::ShaderGenerator::emitDependentFunctionCalls(class MaterialX_v1_39_6::ShaderNode const &,class MaterialX_v1_39_6::GenContext &,class MaterialX_v1_39_6::ShaderStage &,unsigned int)	ShaderGenerator.cpp	0x14014d6f0
                                                         MaterialX_v1_39_6::ShaderGenerator::emitFunctionCall	0.149142	0.154383	0.0		0.0	0.0	0.0	0.0	CpuHotPaths.exe	MaterialX_v1_39_6::ShaderGenerator::emitFunctionCall(class MaterialX_v1_39_6::ShaderNode const &,class MaterialX_v1_39_6::GenContext &,class MaterialX_v1_39_6::ShaderStage &)	ShaderGenerator.cpp	0x14014d810
                                                          MaterialX_v1_39_6::ShaderStage::addFunctionCall	0.149142	0.154383	0.0		0.0	0.0	0.0	0.0	CpuHotPaths.exe	MaterialX_v1_39_6::ShaderStage::addFunctionCall(class MaterialX_v1_39_6::ShaderNode const &,class MaterialX_v1_39_6::GenContext &,bool)	ShaderStage.cpp	0x14013a6c0
                                                           MaterialX_v1_39_6::SourceCodeNode::emitFunctionCall	0.149142	0.154383	0.0		0.0	0.0	0.0	0.0	CpuHotPaths.exe	MaterialX_v1_39_6::SourceCodeNode::emitFunctionCall(class MaterialX_v1_39_6::ShaderNode const &,class MaterialX_v1_39_6::GenContext &,class MaterialX_v1_39_6::ShaderStage &)	SourceCodeNode.cpp	0x140169340
                                                            MaterialX_v1_39_6::ShaderGenerator::emitDependentFunctionCalls	0.149142	0.154383	0.0		0.0	0.0	0.0	0.0	CpuHotPaths.exe	MaterialX_v1_39_6::ShaderGenerator::emitDependentFunctionCalls(class MaterialX_v1_39_6::ShaderNode const &,class MaterialX_v1_39_6::GenContext &,class MaterialX_v1_39_6::ShaderStage &,unsigned int)	ShaderGenerator.cpp	0x14014d6f0
                                                             MaterialX_v1_39_6::ShaderGenerator::emitFunctionCall	0.149142	0.154383	0.0		0.0	0.0	0.0	0.0	CpuHotPaths.exe	MaterialX_v1_39_6::ShaderGenerator::emitFunctionCall(class MaterialX_v1_39_6::ShaderNode const &,class MaterialX_v1_39_6::GenContext &,class MaterialX_v1_39_6::ShaderStage &)	ShaderGenerator.cpp	0x14014d810
                                                              MaterialX_v1_39_6::ShaderStage::addFunctionCall	0.149142	0.154383	0.0		0.0	0.0	0.0	0.0	CpuHotPaths.exe	MaterialX_v1_39_6::ShaderStage::addFunctionCall(class MaterialX_v1_39_6::ShaderNode const &,class MaterialX_v1_39_6::GenContext &,bool)	ShaderStage.cpp	0x14013a6c0
                                                               MaterialX_v1_39_6::SourceCodeNode::emitFunctionCall	0.149142	0.154383	0.0		0.0	0.0	0.0	0.0	CpuHotPaths.exe	MaterialX_v1_39_6::SourceCodeNode::emitFunctionCall(class MaterialX_v1_39_6::ShaderNode const &,class MaterialX_v1_39_6::GenContext &,class MaterialX_v1_39_6::ShaderStage &)	SourceCodeNode.cpp	0x140169340
                                                                MaterialX_v1_39_6::ShaderGenerator::emitDependentFunctionCalls	0.149142	0.154383	0.0		0.0	0.0	0.0	0.0	CpuHotPaths.exe	MaterialX_v1_39_6::ShaderGenerator::emitDependentFunctionCalls(class MaterialX_v1_39_6::ShaderNode const &,class MaterialX_v1_39_6::GenContext &,class MaterialX_v1_39_6::ShaderStage &,unsigned int)	ShaderGenerator.cpp	0x14014d6f0
                                                                 MaterialX_v1_39_6::ShaderGenerator::emitFunctionCall	0.149142	0.154383	0.0		0.0	0.0	0.0	0.0	CpuHotPaths.exe	MaterialX_v1_39_6::ShaderGenerator::emitFunctionCall(class MaterialX_v1_39_6::ShaderNode const &,class MaterialX_v1_39_6::GenContext &,class MaterialX_v1_39_6::ShaderStage &)	ShaderGenerator.cpp	0x14014d810
                                                                  MaterialX_v1_39_6::ShaderStage::addFunctionCall	0.149142	0.154383	0.0		0.0	0.0	0.0	0.0	CpuHotPaths.exe	MaterialX_v1_39_6::ShaderStage::addFunctionCall(class MaterialX_v1_39_6::ShaderNode const &,class MaterialX_v1_39_6::GenContext &,bool)	ShaderStage.cpp	0x14013a6c0
                                                                   MaterialX_v1_39_6::SourceCodeNode::emitFunctionCall	0.149142	0.154383	0.0		0.0	0.0	0.0	0.0	CpuHotPaths.exe	MaterialX_v1_39_6::SourceCodeNode::emitFunctionCall(class MaterialX_v1_39_6::ShaderNode const &,class MaterialX_v1_39_6::GenContext &,class MaterialX_v1_39_6::ShaderStage &)	SourceCodeNode.cpp	0x140169340
                                                                    MaterialX_v1_39_6::ShaderGenerator::emitDependentFunctionCalls	0.149142	0.154383	0.0		0.014997	0.014997	0.0	0.0	CpuHotPaths.exe	MaterialX_v1_39_6::ShaderGenerator::emitDependentFunctionCalls(class MaterialX_v1_39_6::ShaderNode const &,class MaterialX_v1_39_6::GenContext &,class MaterialX_v1_39_6::ShaderStage &,unsigned int)	ShaderGenerator.cpp	0x14014d6f0
                                                                     MaterialX_v1_39_6::ShaderGenerator::emitFunctionCall	0.073298	0.075874	0.0		0.0	0.0	0.0	0.0	CpuHotPaths.exe	MaterialX_v1_39_6::ShaderGenerator::emitFunctionCall(class MaterialX_v1_39_6::ShaderNode const &,class MaterialX_v1_39_6::GenContext &,class MaterialX_v1_39_6::ShaderStage &)	ShaderGenerator.cpp	0x14014d810
                                                                      MaterialX_v1_39_6::ShaderStage::addFunctionCall	0.073298	0.075874	0.0		0.0	0.0	0.0	0.0	CpuHotPaths.exe	MaterialX_v1_39_6::ShaderStage::addFunctionCall(class MaterialX_v1_39_6::ShaderNode const &,class MaterialX_v1_39_6::GenContext &,bool)	ShaderStage.cpp	0x14013a6c0
                                                                       MaterialX_v1_39_6::SourceCodeNode::emitFunctionCall	0.073298	0.075874	0.0		0.0	0.0	0.0	0.0	CpuHotPaths.exe	MaterialX_v1_39_6::SourceCodeNode::emitFunctionCall(class MaterialX_v1_39_6::ShaderNode const &,class MaterialX_v1_39_6::GenContext &,class MaterialX_v1_39_6::ShaderStage &)	SourceCodeNode.cpp	0x140169340
                                                                        MaterialX_v1_39_6::ShaderGenerator::emitInput	0.073298	0.075874	0.0		0.0	0.0	0.0	0.0	CpuHotPaths.exe	MaterialX_v1_39_6::ShaderGenerator::emitInput(class MaterialX_v1_39_6::ShaderInput const *,class MaterialX_v1_39_6::GenContext &,class MaterialX_v1_39_6::ShaderStage &)	ShaderGenerator.cpp	0x14014de30
                                                                         MaterialX_v1_39_6::ShaderGenerator::getUpstreamResult	0.073298	0.075874	0.0		0.0	0.0	0.0	0.0	CpuHotPaths.exe	MaterialX_v1_39_6::ShaderGenerator::getUpstreamResult(class MaterialX_v1_39_6::ShaderInput const *,class MaterialX_v1_39_6::GenContext &)	ShaderGenerator.cpp	0x1401500d0
                                                                          std::basic_string<char,struct std::char_traits<char>,class std::allocator<char> >::basic_string<char,struct std::char_traits<char>,class std::allocator<char> >	0.073298	0.075874	0.0		0.0	0.0	0.0	0.0	CpuHotPaths.exe	std::basic_string<char,struct std::char_traits<char>,class std::allocator<char> >::basic_string<char,struct std::char_traits<char>,class std::allocator<char> >(class std::basic_string<char,struct std::char_traits<char>,class std::allocator<char> > const &)	xstring	0x1400aa8d0
                                                                           operator new	0.073298	0.075874	0.0		0.0	0.0	0.0	0.0	CpuHotPaths.exe	operator new(unsigned __int64)	new_scalar.cpp	0x140234a68
                                                                            malloc_base	0.073298	0.075874	0.0		0.014494	0.014494	0.0	0.0	ucrtbase.dll	malloc_base	[Unknown]	0x1800050a0
                                                    MaterialX_v1_39_6::ShaderGenerator::emitInput	0.073618	0.076206	0.0		0.0	0.0	0.0	0.0	CpuHotPaths.exe	MaterialX_v1_39_6::ShaderGenerator::emitInput(class MaterialX_v1_39_6::ShaderInput const *,class MaterialX_v1_39_6::GenContext &,class MaterialX_v1_39_6::ShaderStage &)	ShaderGenerator.cpp	0x14014de30
                                                     std::basic_string<char,struct std::char_traits<char>,class std::allocator<char> >::append	0.073618	0.076206	0.0		0.014557	0.014557	0.0	0.0	CpuHotPaths.exe	std::basic_string<char,struct std::char_traits<char>,class std::allocator<char> >::append(char const * const,unsigned __int64)	xstring	0x1400b0970
                                                MaterialX_v1_39_6::ShaderGenerator::emitInput	0.071641	0.074159	0.0		0.0	0.0	0.0	0.0	CpuHotPaths.exe	MaterialX_v1_39_6::ShaderGenerator::emitInput(class MaterialX_v1_39_6::ShaderInput const *,class MaterialX_v1_39_6::GenContext &,class MaterialX_v1_39_6::ShaderStage &)	ShaderGenerator.cpp	0x14014de30
                                                 MaterialX_v1_39_6::ShaderGenerator::getUpstreamResult	0.071641	0.074159	0.0		0.0	0.0	0.0	0.0	CpuHotPaths.exe	MaterialX_v1_39_6::ShaderGenerator::getUpstreamResult(class MaterialX_v1_39_6::ShaderInput const *,class MaterialX_v1_39_6::GenContext &)	ShaderGenerator.cpp	0x1401500d0
                                                  MaterialX_v1_39_6::Syntax::getValue	0.071641	0.074159	0.0		0.0	0.0	0.0	0.0	CpuHotPaths.exe	MaterialX_v1_39_6::Syntax::getValue(class MaterialX_v1_39_6::TypeDesc,class MaterialX_v1_39_6::Value const &,bool)	Syntax.cpp	0x1401491f0
                                                   MaterialX_v1_39_6::AggregateTypeSyntax::getValue	0.071641	0.074159	0.0		0.0	0.0	0.0	0.0	CpuHotPaths.exe	MaterialX_v1_39_6::AggregateTypeSyntax::getValue(class MaterialX_v1_39_6::Value const &,bool)	Syntax.cpp	0x140148870
                                                    MaterialX_v1_39_6::TypedValue<class MaterialX_v1_39_6::Color3>::getValueString	0.071641	0.074159	0.0		0.0	0.0	0.0	0.0	CpuHotPaths.exe	MaterialX_v1_39_6::TypedValue<class MaterialX_v1_39_6::Color3>::getValueString(void)	Value.cpp	0x1401f6690
                                                     MaterialX_v1_39_6::toValueString	0.071641	0.074159	0.0		0.0	0.0	0.0	0.0	CpuHotPaths.exe	MaterialX_v1_39_6::toValueString	Value.cpp	0x1401f66c2
                                                      MaterialX_v1_39_6::toValueString<float>	0.071641	0.074159	0.0		0.0	0.0	0.0	0.0	CpuHotPaths.exe	MaterialX_v1_39_6::toValueString<float>(float const &)	Value.cpp	0x1401fe5f0
                                                       std::locale::{dtor}	0.071641	0.074159	0.0		0.014166	0.014166	0.0	0.0	CpuHotPaths.exe	std::locale::{dtor}	xlocale	0x1401fe6f8
                                                MaterialX_v1_39_6::ShaderNodeImpl::emitOutputVariables	0.071134	0.073634	0.0		0.0	0.0	0.0	0.0	CpuHotPaths.exe	MaterialX_v1_39_6::ShaderNodeImpl::emitOutputVariables(class MaterialX_v1_39_6::ShaderNode const &,class MaterialX_v1_39_6::GenContext &,class MaterialX_v1_39_6::ShaderStage &)	ShaderNodeImpl.cpp	0x140168ab0
                                                 MaterialX_v1_39_6::ShaderGenerator::emitOutput	0.071134	0.073634	0.0		0.0	0.0	0.0	0.0	CpuHotPaths.exe	MaterialX_v1_39_6::ShaderGenerator::emitOutput(class MaterialX_v1_39_6::ShaderOutput const *,bool,bool,class MaterialX_v1_39_6::GenContext &,class MaterialX_v1_39_6::ShaderStage &)	ShaderGenerator.cpp	0x14014e150
                                                  std::basic_string<char,std::char_traits<char>,std::allocator<char> >::{dtor}	0.071134	0.073634	0.0		0.014066	0.014066	0.0	0.0	CpuHotPaths.exe	std::basic_string<char,std::char_traits<char>,std::allocator<char> >::{dtor}	xstring	0x14014e2f1
                                            MaterialX_v1_39_6::ShaderNodeImpl::emitOutputVariables	0.072993	0.075559	0.0		0.0	0.0	0.0	0.0	CpuHotPaths.exe	MaterialX_v1_39_6::ShaderNodeImpl::emitOutputVariables(class MaterialX_v1_39_6::ShaderNode const &,class MaterialX_v1_39_6::GenContext &,class MaterialX_v1_39_6::ShaderStage &)	ShaderNodeImpl.cpp	0x140168ab0
                                             MaterialX_v1_39_6::ShaderGenerator::emitOutput	0.072993	0.075559	0.0		0.0	0.0	0.0	0.0	CpuHotPaths.exe	MaterialX_v1_39_6::ShaderGenerator::emitOutput(class MaterialX_v1_39_6::ShaderOutput const *,bool,bool,class MaterialX_v1_39_6::GenContext &,class MaterialX_v1_39_6::ShaderStage &)	ShaderGenerator.cpp	0x14014e150
                                              MaterialX_v1_39_6::Syntax::getTypeName	0.072993	0.075559	0.0		0.0	0.0	0.0	0.0	CpuHotPaths.exe	MaterialX_v1_39_6::Syntax::getTypeName(class MaterialX_v1_39_6::TypeDesc)	Syntax.cpp	0x140148720
                                               MaterialX_v1_39_6::Syntax::getTypeSyntax	0.072993	0.075559	0.0		0.0	0.0	0.0	0.0	CpuHotPaths.exe	MaterialX_v1_39_6::Syntax::getTypeSyntax(class MaterialX_v1_39_6::TypeDesc)	Syntax.cpp	0x140148750
                                                std::_Hash<std::_Umap_traits<MaterialX_v1_39_6::TypeDesc,unsigned __int64,std::_Uhash_compare<MaterialX_v1_39_6::TypeDesc,MaterialX_v1_39_6::TypeDesc::Hasher,std::equal_to<MaterialX_v1_39_6::TypeDesc> >,std::allocator<std::pair<MaterialX_v1_39_6::TypeDesc const ,unsigned __int64> >,0> >::find	0.072993	0.075559	0.0		0.014433	0.014433	0.0	0.0	CpuHotPaths.exe	std::_Hash<std::_Umap_traits<MaterialX_v1_39_6::TypeDesc,unsigned __int64,std::_Uhash_compare<MaterialX_v1_39_6::TypeDesc,MaterialX_v1_39_6::TypeDesc::Hasher,std::equal_to<MaterialX_v1_39_6::TypeDesc> >,std::allocator<std::pair<MaterialX_v1_39_6::TypeDesc const ,unsigned __int64> >,0> >::find	xhash	0x14014876f
                                            MaterialX_v1_39_6::ShaderGenerator::emitInput	0.071326	0.073833	0.0		0.0	0.0	0.0	0.0	CpuHotPaths.exe	MaterialX_v1_39_6::ShaderGenerator::emitInput(class MaterialX_v1_39_6::ShaderInput const *,class MaterialX_v1_39_6::GenContext &,class MaterialX_v1_39_6::ShaderStage &)	ShaderGenerator.cpp	0x14014de30
                                             MaterialX_v1_39_6::ShaderGenerator::getUpstreamResult	0.071326	0.073833	0.0		0.0	0.0	0.0	0.0	CpuHotPaths.exe	MaterialX_v1_39_6::ShaderGenerator::getUpstreamResult(class MaterialX_v1_39_6::ShaderInput const *,class MaterialX_v1_39_6::GenContext &)	ShaderGenerator.cpp	0x1401500d0
                                              MaterialX_v1_39_6::Syntax::getValue	0.071326	0.073833	0.0		0.0	0.0	0.0	0.0	CpuHotPaths.exe	MaterialX_v1_39_6::Syntax::getValue(class MaterialX_v1_39_6::TypeDesc,class MaterialX_v1_39_6::Value const &,bool)	Syntax.cpp	0x1401491f0
                                               MaterialX_v1_39_6::ScalarTypeSyntax::getValue	0.071326	0.073833	0.0		0.0	0.0	0.0	0.0	CpuHotPaths.exe	MaterialX_v1_39_6::ScalarTypeSyntax::getValue(class MaterialX_v1_39_6::Value const &,bool)	Syntax.cpp	0x140148c80
                                                MaterialX_v1_39_6::TypedValue<int>::getValueString	0.071326	0.073833	0.0		0.0	0.0	0.0	0.0	CpuHotPaths.exe	MaterialX_v1_39_6::TypedValue<int>::getValueString(void)	Value.cpp	0x1401f65a0
                                                 MaterialX_v1_39_6::toValueString<int>	0.071326	0.073833	0.0		0.0	0.0	0.0	0.0	CpuHotPaths.exe	MaterialX_v1_39_6::toValueString<int>(int const &)	Value.cpp	0x1401fded0
                                                  std::basic_ostream<char,struct std::char_traits<char> >::operator<<	0.071326	0.073833	0.0		0.014104	0.014104	0.0	0.0	MSVCP140.dll	std::basic_ostream<char,struct std::char_traits<char> >::operator<<(int)	[Unknown]	0x18004f300
                                       std::_Tree<std::_Tset_traits<MaterialX_v1_39_6::ShaderNode const *,std::less<MaterialX_v1_39_6::ShaderNode const *>,std::allocator<MaterialX_v1_39_6::ShaderNode const *>,0> >::insert	0.071824	0.074348	0.0		0.0	0.0	0.0	0.0	CpuHotPaths.exe	std::_Tree<std::_Tset_traits<MaterialX_v1_39_6::ShaderNode const *,std::less<MaterialX_v1_39_6::ShaderNode const *>,std::allocator<MaterialX_v1_39_6::ShaderNode const *>,0> >::insert	xtree	0x14013a6ed
                                        operator new	0.071824	0.074348	0.0		0.0	0.0	0.0	0.0	CpuHotPaths.exe	operator new(unsigned __int64)	new_scalar.cpp	0x140234a68
                                         malloc_base	0.071824	0.074348	0.0		0.014202	0.014202	0.0	0.0	ucrtbase.dll	malloc_base	[Unknown]	0x1800050a0
                        MaterialX_v1_39_6::ShaderGenerator::emitInput	0.285054	0.295072	0.0		0.0	0.0	0.0	0.0	CpuHotPaths.exe	MaterialX_v1_39_6::ShaderGenerator::emitInput(class MaterialX_v1_39_6::ShaderInput const *,class MaterialX_v1_39_6::GenContext &,class MaterialX_v1_39_6::ShaderStage &)	ShaderGenerator.cpp	0x14014de30
                         MaterialX_v1_39_6::ShaderGenerator::getUpstreamResult	0.285054	0.295072	0.0		0.0	0.0	0.0	0.0	CpuHotPaths.exe	MaterialX_v1_39_6::ShaderGenerator::getUpstreamResult(class MaterialX_v1_39_6::ShaderInput const *,class MaterialX_v1_39_6::GenContext &)	ShaderGenerator.cpp	0x1401500d0
                          MaterialX_v1_39_6::Syntax::getValue	0.285054	0.295072	0.0		0.0	0.0	0.0	0.0	CpuHotPaths.exe	MaterialX_v1_39_6::Syntax::getValue(class MaterialX_v1_39_6::TypeDesc,class MaterialX_v1_39_6::Value const &,bool)	Syntax.cpp	0x1401491f0
                           MaterialX_v1_39_6::AggregateTypeSyntax::getValue	0.143166	0.148198	0.0		0.0	0.0	0.0	0.0	CpuHotPaths.exe	MaterialX_v1_39_6::AggregateTypeSyntax::getValue(class MaterialX_v1_39_6::Value const &,bool)	Syntax.cpp	0x140148870
                            MaterialX_v1_39_6::TypedValue<class MaterialX_v1_39_6::Color3>::getValueString	0.143166	0.148198	0.0		0.0	0.0	0.0	0.0	CpuHotPaths.exe	MaterialX_v1_39_6::TypedValue<class MaterialX_v1_39_6::Color3>::getValueString(void)	Value.cpp	0x1401f6690
                             MaterialX_v1_39_6::toValueString	0.143166	0.148198	0.0		0.0	0.0	0.0	0.0	CpuHotPaths.exe	MaterialX_v1_39_6::toValueString	Value.cpp	0x1401f66c2
                              MaterialX_v1_39_6::toValueString<float>	0.143166	0.148198	0.0		0.0	0.0	0.0	0.0	CpuHotPaths.exe	MaterialX_v1_39_6::toValueString<float>(float const &)	Value.cpp	0x1401fe5f0
                               std::basic_stringstream<char,std::char_traits<char>,std::allocator<char> >::{ctor}	0.072800	0.075359	0.0		0.014395	0.014395	0.0	0.0	CpuHotPaths.exe	std::basic_stringstream<char,std::char_traits<char>,std::allocator<char> >::{ctor}	sstream	0x1401fe64c
                               std::basic_stringstream<char,std::char_traits<char>,std::allocator<char> >::{dtor}	0.070366	0.072839	0.0		0.013914	0.013914	0.0	0.0	CpuHotPaths.exe	std::basic_stringstream<char,std::char_traits<char>,std::allocator<char> >::{dtor}	sstream	0x1401fe852
                           MaterialX_v1_39_6::ScalarTypeSyntax::getValue	0.141888	0.146874	0.0		0.0	0.0	0.0	0.0	CpuHotPaths.exe	MaterialX_v1_39_6::ScalarTypeSyntax::getValue(class MaterialX_v1_39_6::Value const &,bool)	Syntax.cpp	0x140148c80
                            MaterialX_v1_39_6::TypedValue<float>::getValueString	0.071457	0.073968	0.0		0.0	0.0	0.0	0.0	CpuHotPaths.exe	MaterialX_v1_39_6::TypedValue<float>::getValueString(void)	Value.cpp	0x1401f6620
                             MaterialX_v1_39_6::toValueString<float>	0.071457	0.073968	0.0		0.0	0.0	0.0	0.0	CpuHotPaths.exe	MaterialX_v1_39_6::toValueString<float>(float const &)	Value.cpp	0x1401fe5f0
                              std::basic_ostream<char,struct std::char_traits<char> >::operator<<	0.071457	0.073968	0.0		0.014129	0.014129	0.0	0.0	MSVCP140.dll	std::basic_ostream<char,struct std::char_traits<char> >::operator<<(float)	[Unknown]	0x18004fa10
                            MaterialX_v1_39_6::TypedValue<int>::getValueString	0.070431	0.072906	0.0		0.0	0.0	0.0	0.0	CpuHotPaths.exe	MaterialX_v1_39_6::TypedValue<int>::getValueString(void)	Value.cpp	0x1401f65a0
                             MaterialX_v1_39_6::toValueString<int>	0.070431	0.072906	0.0		0.0	0.0	0.0	0.0	CpuHotPaths.exe	MaterialX_v1_39_6::toValueString<int>(int const &)	Value.cpp	0x1401fded0
                              std::basic_ostream<char,struct std::char_traits<char> >::operator<<	0.070431	0.072906	0.0		0.013927	0.013927	0.0	0.0	MSVCP140.dll	std::basic_ostream<char,struct std::char_traits<char> >::operator<<(int)	[Unknown]	0x18004f300
                        MaterialX_v1_39_6::ShaderGenerator::emitOutput	0.071104	0.073603	0.0		0.0	0.0	0.0	0.0	CpuHotPaths.exe	MaterialX_v1_39_6::ShaderGenerator::emitOutput(class MaterialX_v1_39_6::ShaderOutput const *,bool,bool,class MaterialX_v1_39_6::GenContext &,class MaterialX_v1_39_6::ShaderStage &)	ShaderGenerator.cpp	0x14014e150
                         std::basic_string<char,std::char_traits<char>,std::allocator<char> >::{dtor}	0.071104	0.073603	0.0		0.014060	0.014060	0.0	0.0	CpuHotPaths.exe	std::basic_string<char,std::char_traits<char>,std::allocator<char> >::{dtor}	xstring	0x14014e29a
                 MaterialX_v1_39_6::HwSurfaceNode::emitLightLoop	0.505134	0.446346	2.177905		0.0	0.0	0.0	0.0	CpuHotPaths.exe	MaterialX_v1_39_6::HwSurfaceNode::emitLightLoop(class MaterialX_v1_39_6::ShaderNode const &,class MaterialX_v1_39_6::GenContext &,class MaterialX_v1_39_6::ShaderStage &,class std::basic_string<char,struct std::char_traits<char>,class std::allocator<char> > const &)	HwSurfaceNode.cpp	0x140128500
                  MaterialX_v1_39_6::ShaderGenerator::emitFunctionCall	0.365185	0.301479	2.177905		0.0	0.0	0.0	0.0	CpuHotPaths.exe	MaterialX_v1_39_6::ShaderGenerator::emitFunctionCall(class MaterialX_v1_39_6::ShaderNode const &,class MaterialX_v1_39_6::GenContext &,class MaterialX_v1_39_6::ShaderStage &)	ShaderGenerator.cpp	0x14014d810
                   MaterialX_v1_39_6::ShaderStage::addFunctionCall	0.365185	0.301479	2.177905		0.0	0.0	0.0	0.0	CpuHotPaths.exe	MaterialX_v1_39_6::ShaderStage::addFunctionCall(class MaterialX_v1_39_6::ShaderNode const &,class MaterialX_v1_39_6::GenContext &,bool)	ShaderStage.cpp	0x14013a6c0
                    MaterialX_v1_39_6::SourceCodeNode::emitFunctionCall	0.365185	0.301479	2.177905		0.0	0.0	0.0	0.0	CpuHotPaths.exe	MaterialX_v1_39_6::SourceCodeNode::emitFunctionCall(class MaterialX_v1_39_6::ShaderNode const &,class MaterialX_v1_39_6::GenContext &,class MaterialX_v1_39_6::ShaderStage &)	SourceCodeNode.cpp	0x140169340
                     MaterialX_v1_39_6::ShaderGenerator::emitDependentFunctionCalls	0.294564	0.228376	2.177905		0.0	0.0	0.0	0.0	CpuHotPaths.exe	MaterialX_v1_39_6::ShaderGenerator::emitDependentFunctionCalls(class MaterialX_v1_39_6::ShaderNode const &,class MaterialX_v1_39_6::GenContext &,class MaterialX_v1_39_6::ShaderStage &,unsigned int)	ShaderGenerator.cpp	0x14014d6f0
                      MaterialX_v1_39_6::ShaderGenerator::emitFunctionCall	0.294564	0.228376	2.177905		0.0	0.0	0.0	0.0	CpuHotPaths.exe	MaterialX_v1_39_6::ShaderGenerator::emitFunctionCall(class MaterialX_v1_39_6::ShaderNode const &,class MaterialX_v1_39_6::GenContext &,class MaterialX_v1_39_6::ShaderStage &)	ShaderGenerator.cpp	0x14014d810
                       MaterialX_v1_39_6::ShaderStage::addFunctionCall	0.294564	0.228376	2.177905		0.0	0.0	0.0	0.0	CpuHotPaths.exe	MaterialX_v1_39_6::ShaderStage::addFunctionCall(class MaterialX_v1_39_6::ShaderNode const &,class MaterialX_v1_39_6::GenContext &,bool)	ShaderStage.cpp	0x14013a6c0
                        MaterialX_v1_39_6::SourceCodeNode::emitFunctionCall	0.294564	0.228376	2.177905		0.0	0.0	0.0	0.0	CpuHotPaths.exe	MaterialX_v1_39_6::SourceCodeNode::emitFunctionCall(class MaterialX_v1_39_6::ShaderNode const &,class MaterialX_v1_39_6::GenContext &,class MaterialX_v1_39_6::ShaderStage &)	SourceCodeNode.cpp	0x140169340
                         MaterialX_v1_39_6::ShaderGenerator::emitDependentFunctionCalls	0.294564	0.228376	2.177905		0.0	0.0	0.0	0.0	CpuHotPaths.exe	MaterialX_v1_39_6::ShaderGenerator::emitDependentFunctionCalls(class MaterialX_v1_39_6::ShaderNode const &,class MaterialX_v1_39_6::GenContext &,class MaterialX_v1_39_6::ShaderStage &,unsigned int)	ShaderGenerator.cpp	0x14014d6f0
                          MaterialX_v1_39_6::ShaderGenerator::emitFunctionCall	0.294564	0.228376	2.177905		0.0	0.0	0.0	0.0	CpuHotPaths.exe	MaterialX_v1_39_6::ShaderGenerator::emitFunctionCall(class MaterialX_v1_39_6::ShaderNode const &,class MaterialX_v1_39_6::GenContext &,class MaterialX_v1_39_6::ShaderStage &)	ShaderGenerator.cpp	0x14014d810
                           MaterialX_v1_39_6::ShaderStage::addFunctionCall	0.294564	0.228376	2.177905		0.0	0.0	0.0	0.0	CpuHotPaths.exe	MaterialX_v1_39_6::ShaderStage::addFunctionCall(class MaterialX_v1_39_6::ShaderNode const &,class MaterialX_v1_39_6::GenContext &,bool)	ShaderStage.cpp	0x14013a6c0
                            MaterialX_v1_39_6::SourceCodeNode::emitFunctionCall	0.294564	0.228376	2.177905		0.0	0.0	0.0	0.0	CpuHotPaths.exe	MaterialX_v1_39_6::SourceCodeNode::emitFunctionCall(class MaterialX_v1_39_6::ShaderNode const &,class MaterialX_v1_39_6::GenContext &,class MaterialX_v1_39_6::ShaderStage &)	SourceCodeNode.cpp	0x140169340
                             MaterialX_v1_39_6::ShaderGenerator::emitDependentFunctionCalls	0.218950	0.150104	2.177905		0.0	0.0	0.0	0.0	CpuHotPaths.exe	MaterialX_v1_39_6::ShaderGenerator::emitDependentFunctionCalls(class MaterialX_v1_39_6::ShaderNode const &,class MaterialX_v1_39_6::GenContext &,class MaterialX_v1_39_6::ShaderStage &,unsigned int)	ShaderGenerator.cpp	0x14014d6f0
                              MaterialX_v1_39_6::ShaderGenerator::emitFunctionCall	0.218950	0.150104	2.177905		0.0	0.0	0.0	0.0	CpuHotPaths.exe	MaterialX_v1_39_6::ShaderGenerator::emitFunctionCall(class MaterialX_v1_39_6::ShaderNode const &,class MaterialX_v1_39_6::GenContext &,class MaterialX_v1_39_6::ShaderStage &)	ShaderGenerator.cpp	0x14014d810
                               MaterialX_v1_39_6::ShaderStage::addFunctionCall	0.218950	0.150104	2.177905		0.0	0.0	0.0	0.0	CpuHotPaths.exe	MaterialX_v1_39_6::ShaderStage::addFunctionCall(class MaterialX_v1_39_6::ShaderNode const &,class MaterialX_v1_39_6::GenContext &,bool)	ShaderStage.cpp	0x14013a6c0
                                MaterialX_v1_39_6::SourceCodeNode::emitFunctionCall	0.218950	0.150104	2.177905		0.0	0.0	0.0	0.0	CpuHotPaths.exe	MaterialX_v1_39_6::SourceCodeNode::emitFunctionCall(class MaterialX_v1_39_6::ShaderNode const &,class MaterialX_v1_39_6::GenContext &,class MaterialX_v1_39_6::ShaderStage &)	SourceCodeNode.cpp	0x140169340
                                 MaterialX_v1_39_6::ShaderGenerator::emitDependentFunctionCalls	0.218950	0.150104	2.177905		0.0	0.0	0.0	0.0	CpuHotPaths.exe	MaterialX_v1_39_6::ShaderGenerator::emitDependentFunctionCalls(class MaterialX_v1_39_6::ShaderNode const &,class MaterialX_v1_39_6::GenContext &,class MaterialX_v1_39_6::ShaderStage &,unsigned int)	ShaderGenerator.cpp	0x14014d6f0
                                  MaterialX_v1_39_6::ShaderGenerator::emitFunctionCall	0.218950	0.150104	2.177905		0.0	0.0	0.0	0.0	CpuHotPaths.exe	MaterialX_v1_39_6::ShaderGenerator::emitFunctionCall(class MaterialX_v1_39_6::ShaderNode const &,class MaterialX_v1_39_6::GenContext &,class MaterialX_v1_39_6::ShaderStage &)	ShaderGenerator.cpp	0x14014d810
                                   MaterialX_v1_39_6::ShaderStage::addFunctionCall	0.218950	0.150104	2.177905		0.0	0.0	0.0	0.0	CpuHotPaths.exe	MaterialX_v1_39_6::ShaderStage::addFunctionCall(class MaterialX_v1_39_6::ShaderNode const &,class MaterialX_v1_39_6::GenContext &,bool)	ShaderStage.cpp	0x14013a6c0
                                    MaterialX_v1_39_6::SourceCodeNode::emitFunctionCall	0.218950	0.150104	2.177905		0.0	0.0	0.0	0.0	CpuHotPaths.exe	MaterialX_v1_39_6::SourceCodeNode::emitFunctionCall(class MaterialX_v1_39_6::ShaderNode const &,class MaterialX_v1_39_6::GenContext &,class MaterialX_v1_39_6::ShaderStage &)	SourceCodeNode.cpp	0x140169340
                                     MaterialX_v1_39_6::ShaderGenerator::emitDependentFunctionCalls	0.218950	0.150104	2.177905		0.0	0.0	0.0	0.0	CpuHotPaths.exe	MaterialX_v1_39_6::ShaderGenerator::emitDependentFunctionCalls(class MaterialX_v1_39_6::ShaderNode const &,class MaterialX_v1_39_6::GenContext &,class MaterialX_v1_39_6::ShaderStage &,unsigned int)	ShaderGenerator.cpp	0x14014d6f0
                                      MaterialX_v1_39_6::ShaderGenerator::emitFunctionCall	0.218950	0.150104	2.177905		0.0	0.0	0.0	0.0	CpuHotPaths.exe	MaterialX_v1_39_6::ShaderGenerator::emitFunctionCall(class MaterialX_v1_39_6::ShaderNode const &,class MaterialX_v1_39_6::GenContext &,class MaterialX_v1_39_6::ShaderStage &)	ShaderGenerator.cpp	0x14014d810
                                       MaterialX_v1_39_6::ShaderStage::addFunctionCall	0.218950	0.150104	2.177905		0.0	0.0	0.0	0.0	CpuHotPaths.exe	MaterialX_v1_39_6::ShaderStage::addFunctionCall(class MaterialX_v1_39_6::ShaderNode const &,class MaterialX_v1_39_6::GenContext &,bool)	ShaderStage.cpp	0x14013a6c0
                                        MaterialX_v1_39_6::SourceCodeNode::emitFunctionCall	0.218950	0.150104	2.177905		0.0	0.0	0.0	0.0	CpuHotPaths.exe	MaterialX_v1_39_6::SourceCodeNode::emitFunctionCall(class MaterialX_v1_39_6::ShaderNode const &,class MaterialX_v1_39_6::GenContext &,class MaterialX_v1_39_6::ShaderStage &)	SourceCodeNode.cpp	0x140169340
                                         MaterialX_v1_39_6::ShaderGenerator::emitDependentFunctionCalls	0.146107	0.074702	2.177905		0.0	0.0	0.0	0.0	CpuHotPaths.exe	MaterialX_v1_39_6::ShaderGenerator::emitDependentFunctionCalls(class MaterialX_v1_39_6::ShaderNode const &,class MaterialX_v1_39_6::GenContext &,class MaterialX_v1_39_6::ShaderStage &,unsigned int)	ShaderGenerator.cpp	0x14014d6f0
                                          MaterialX_v1_39_6::ShaderGenerator::emitFunctionCall	0.146107	0.074702	2.177905		0.0	0.0	0.0	0.0	CpuHotPaths.exe	MaterialX_v1_39_6::ShaderGenerator::emitFunctionCall(class MaterialX_v1_39_6::ShaderNode const &,class MaterialX_v1_39_6::GenContext &,class MaterialX_v1_39_6::ShaderStage &)	ShaderGenerator.cpp	0x14014d810
                                           MaterialX_v1_39_6::ShaderStage::addFunctionCall	0.146107	0.074702	2.177905		0.0	0.0	0.0	0.0	CpuHotPaths.exe	MaterialX_v1_39_6::ShaderStage::addFunctionCall(class MaterialX_v1_39_6::ShaderNode const &,class MaterialX_v1_39_6::GenContext &,bool)	ShaderStage.cpp	0x14013a6c0
                                            MaterialX_v1_39_6::SourceCodeNode::emitFunctionCall	0.146107	0.074702	2.177905		0.0	0.0	0.0	0.0	CpuHotPaths.exe	MaterialX_v1_39_6::SourceCodeNode::emitFunctionCall(class MaterialX_v1_39_6::ShaderNode const &,class MaterialX_v1_39_6::GenContext &,class MaterialX_v1_39_6::ShaderStage &)	SourceCodeNode.cpp	0x140169340
                                             MaterialX_v1_39_6::ShaderGenerator::emitDependentFunctionCalls	0.146107	0.074702	2.177905		0.0	0.0	0.0	0.0	CpuHotPaths.exe	MaterialX_v1_39_6::ShaderGenerator::emitDependentFunctionCalls(class MaterialX_v1_39_6::ShaderNode const &,class MaterialX_v1_39_6::GenContext &,class MaterialX_v1_39_6::ShaderStage &,unsigned int)	ShaderGenerator.cpp	0x14014d6f0
                                              MaterialX_v1_39_6::ShaderGenerator::emitFunctionCall	0.146107	0.074702	2.177905		0.0	0.0	0.0	0.0	CpuHotPaths.exe	MaterialX_v1_39_6::ShaderGenerator::emitFunctionCall(class MaterialX_v1_39_6::ShaderNode const &,class MaterialX_v1_39_6::GenContext &,class MaterialX_v1_39_6::ShaderStage &)	ShaderGenerator.cpp	0x14014d810
                                               MaterialX_v1_39_6::ShaderStage::addFunctionCall	0.146107	0.074702	2.177905		0.0	0.0	0.0	0.0	CpuHotPaths.exe	MaterialX_v1_39_6::ShaderStage::addFunctionCall(class MaterialX_v1_39_6::ShaderNode const &,class MaterialX_v1_39_6::GenContext &,bool)	ShaderStage.cpp	0x14013a6c0
                                                MaterialX_v1_39_6::SourceCodeNode::emitFunctionCall	0.146107	0.074702	2.177905		0.0	0.0	0.0	0.0	CpuHotPaths.exe	MaterialX_v1_39_6::SourceCodeNode::emitFunctionCall(class MaterialX_v1_39_6::ShaderNode const &,class MaterialX_v1_39_6::GenContext &,class MaterialX_v1_39_6::ShaderStage &)	SourceCodeNode.cpp	0x140169340
                                                 MaterialX_v1_39_6::ShaderGenerator::emitInput	0.073941	0.0	2.177905		0.0	0.0	0.0	0.0	CpuHotPaths.exe	MaterialX_v1_39_6::ShaderGenerator::emitInput(class MaterialX_v1_39_6::ShaderInput const *,class MaterialX_v1_39_6::GenContext &,class MaterialX_v1_39_6::ShaderStage &)	ShaderGenerator.cpp	0x14014de30
                                                  MaterialX_v1_39_6::ShaderGenerator::getUpstreamResult	0.073941	0.0	2.177905		0.0	0.0	0.0	0.0	CpuHotPaths.exe	MaterialX_v1_39_6::ShaderGenerator::getUpstreamResult(class MaterialX_v1_39_6::ShaderInput const *,class MaterialX_v1_39_6::GenContext &)	ShaderGenerator.cpp	0x1401500d0
                                                   MaterialX_v1_39_6::Syntax::getValue	0.073941	0.0	2.177905		0.0	0.0	0.0	0.0	CpuHotPaths.exe	MaterialX_v1_39_6::Syntax::getValue(class MaterialX_v1_39_6::TypeDesc,class MaterialX_v1_39_6::Value const &,bool)	Syntax.cpp	0x1401491f0
                                                    MaterialX_v1_39_6::ScalarTypeSyntax::getValue	0.073941	0.0	2.177905		0.0	0.0	0.0	0.0	CpuHotPaths.exe	MaterialX_v1_39_6::ScalarTypeSyntax::getValue(class MaterialX_v1_39_6::Value const &,bool)	Syntax.cpp	0x140148c80
                                                     MaterialX_v1_39_6::TypedValue<float>::getValueString	0.073941	0.0	2.177905		0.0	0.0	0.0	0.0	CpuHotPaths.exe	MaterialX_v1_39_6::TypedValue<float>::getValueString(void)	Value.cpp	0x1401f6620
                                                      MaterialX_v1_39_6::toValueString<float>	0.073941	0.0	2.177905		0.0	0.0	0.0	0.0	CpuHotPaths.exe	MaterialX_v1_39_6::toValueString<float>(float const &)	Value.cpp	0x1401fe5f0
                                                       std::basic_stringstream<char,std::char_traits<char>,std::allocator<char> >::{ctor}	0.073941	0.0	2.177905		0.014621	0.0	0.014621	0.0	CpuHotPaths.exe	std::basic_stringstream<char,std::char_traits<char>,std::allocator<char> >::{ctor}	sstream	0x1401fe64c
                                                 MaterialX_v1_39_6::ShaderGenerator::emitDependentFunctionCalls	0.072166	0.074702	0.0		0.0	0.0	0.0	0.0	CpuHotPaths.exe	MaterialX_v1_39_6::ShaderGenerator::emitDependentFunctionCalls(class MaterialX_v1_39_6::ShaderNode const &,class MaterialX_v1_39_6::GenContext &,class MaterialX_v1_39_6::ShaderStage &,unsigned int)	ShaderGenerator.cpp	0x14014d6f0
                                                  MaterialX_v1_39_6::ShaderGenerator::emitFunctionCall	0.072166	0.074702	0.0		0.0	0.0	0.0	0.0	CpuHotPaths.exe	MaterialX_v1_39_6::ShaderGenerator::emitFunctionCall(class MaterialX_v1_39_6::ShaderNode const &,class MaterialX_v1_39_6::GenContext &,class MaterialX_v1_39_6::ShaderStage &)	ShaderGenerator.cpp	0x14014d810
                                                   MaterialX_v1_39_6::ShaderStage::addFunctionCall	0.072166	0.074702	0.0		0.0	0.0	0.0	0.0	CpuHotPaths.exe	MaterialX_v1_39_6::ShaderStage::addFunctionCall(class MaterialX_v1_39_6::ShaderNode const &,class MaterialX_v1_39_6::GenContext &,bool)	ShaderStage.cpp	0x14013a6c0
                                                    MaterialX_v1_39_6::SourceCodeNode::emitFunctionCall	0.072166	0.074702	0.0		0.0	0.0	0.0	0.0	CpuHotPaths.exe	MaterialX_v1_39_6::SourceCodeNode::emitFunctionCall(class MaterialX_v1_39_6::ShaderNode const &,class MaterialX_v1_39_6::GenContext &,class MaterialX_v1_39_6::ShaderStage &)	SourceCodeNode.cpp	0x140169340
                                                     MaterialX_v1_39_6::ShaderGenerator::emitInput	0.072166	0.074702	0.0		0.0	0.0	0.0	0.0	CpuHotPaths.exe	MaterialX_v1_39_6::ShaderGenerator::emitInput(class MaterialX_v1_39_6::ShaderInput const *,class MaterialX_v1_39_6::GenContext &,class MaterialX_v1_39_6::ShaderStage &)	ShaderGenerator.cpp	0x14014de30
                                                      MaterialX_v1_39_6::ShaderGenerator::getUpstreamResult	0.072166	0.074702	0.0		0.0	0.0	0.0	0.0	CpuHotPaths.exe	MaterialX_v1_39_6::ShaderGenerator::getUpstreamResult(class MaterialX_v1_39_6::ShaderInput const *,class MaterialX_v1_39_6::GenContext &)	ShaderGenerator.cpp	0x1401500d0
                                                       MaterialX_v1_39_6::Syntax::getValue	0.072166	0.074702	0.0		0.0	0.0	0.0	0.0	CpuHotPaths.exe	MaterialX_v1_39_6::Syntax::getValue(class MaterialX_v1_39_6::TypeDesc,class MaterialX_v1_39_6::Value const &,bool)	Syntax.cpp	0x1401491f0
                                                        MaterialX_v1_39_6::ScalarTypeSyntax::getValue	0.072166	0.074702	0.0		0.0	0.0	0.0	0.0	CpuHotPaths.exe	MaterialX_v1_39_6::ScalarTypeSyntax::getValue(class MaterialX_v1_39_6::Value const &,bool)	Syntax.cpp	0x140148c80
                                                         MaterialX_v1_39_6::TypedValue<int>::getValueString	0.072166	0.074702	0.0		0.0	0.0	0.0	0.0	CpuHotPaths.exe	MaterialX_v1_39_6::TypedValue<int>::getValueString(void)	Value.cpp	0x1401f65a0
                                                          MaterialX_v1_39_6::toValueString<int>	0.072166	0.074702	0.0		0.0	0.0	0.0	0.0	CpuHotPaths.exe	MaterialX_v1_39_6::toValueString<int>(int const &)	Value.cpp	0x1401fded0
                                                           std::basic_ios<char,struct std::char_traits<char> >::imbue	0.072166	0.074702	0.0		0.014270	0.014270	0.0	0.0	MSVCP140.dll	std::basic_ios<char,struct std::char_traits<char> >::imbue(class std::locale const & __ptr64)	[Unknown]	0x18005a0d0
                                         MaterialX_v1_39_6::ShaderGenerator::emitInput	0.072843	0.075403	0.0		0.0	0.0	0.0	0.0	CpuHotPaths.exe	MaterialX_v1_39_6::ShaderGenerator::emitInput(class MaterialX_v1_39_6::ShaderInput const *,class MaterialX_v1_39_6::GenContext &,class MaterialX_v1_39_6::ShaderStage &)	ShaderGenerator.cpp	0x14014de30
                                          MaterialX_v1_39_6::ShaderGenerator::getUpstreamResult	0.072843	0.075403	0.0		0.0	0.0	0.0	0.0	CpuHotPaths.exe	MaterialX_v1_39_6::ShaderGenerator::getUpstreamResult(class MaterialX_v1_39_6::ShaderInput const *,class MaterialX_v1_39_6::GenContext &)	ShaderGenerator.cpp	0x1401500d0
                                           MaterialX_v1_39_6::Syntax::getValue	0.072843	0.075403	0.0		0.0	0.0	0.0	0.0	CpuHotPaths.exe	MaterialX_v1_39_6::Syntax::getValue(class MaterialX_v1_39_6::TypeDesc,class MaterialX_v1_39_6::Value const &,bool)	Syntax.cpp	0x1401491f0
                                            MaterialX_v1_39_6::ScalarTypeSyntax::getValue	0.072843	0.075403	0.0		0.014403	0.014403	0.0	0.0	CpuHotPaths.exe	MaterialX_v1_39_6::ScalarTypeSyntax::getValue(class MaterialX_v1_39_6::Value const &,bool)	Syntax.cpp	0x140148c80
                             MaterialX_v1_39_6::ShaderGenerator::emitInput	0.075614	0.078272	0.0		0.0	0.0	0.0	0.0	CpuHotPaths.exe	MaterialX_v1_39_6::ShaderGenerator::emitInput(class MaterialX_v1_39_6::ShaderInput const *,class MaterialX_v1_39_6::GenContext &,class MaterialX_v1_39_6::ShaderStage &)	ShaderGenerator.cpp	0x14014de30
                              MaterialX_v1_39_6::ShaderGenerator::getUpstreamResult	0.075614	0.078272	0.0		0.0	0.0	0.0	0.0	CpuHotPaths.exe	MaterialX_v1_39_6::ShaderGenerator::getUpstreamResult(class MaterialX_v1_39_6::ShaderInput const *,class MaterialX_v1_39_6::GenContext &)	ShaderGenerator.cpp	0x1401500d0
                               std::shared_ptr<MaterialX_v1_39_6::Value>::{dtor}	0.075614	0.078272	0.0		0.014951	0.014951	0.0	0.0	CpuHotPaths.exe	std::shared_ptr<MaterialX_v1_39_6::Value>::{dtor}	memory	0x1401502c1
                     MaterialX_v1_39_6::ShaderGenerator::emitInput	0.070621	0.073103	0.0		0.0	0.0	0.0	0.0	CpuHotPaths.exe	MaterialX_v1_39_6::ShaderGenerator::emitInput(class MaterialX_v1_39_6::ShaderInput const *,class MaterialX_v1_39_6::GenContext &,class MaterialX_v1_39_6::ShaderStage &)	ShaderGenerator.cpp	0x14014de30
                      MaterialX_v1_39_6::ShaderGenerator::getUpstreamResult	0.070621	0.073103	0.0		0.0	0.0	0.0	0.0	CpuHotPaths.exe	MaterialX_v1_39_6::ShaderGenerator::getUpstreamResult(class MaterialX_v1_39_6::ShaderInput const *,class MaterialX_v1_39_6::GenContext &)	ShaderGenerator.cpp	0x1401500d0
                       std::basic_string<char,struct std::char_traits<char>,class std::allocator<char> >::basic_string<char,struct std::char_traits<char>,class std::allocator<char> >	0.070621	0.073103	0.0		0.0	0.0	0.0	0.0	CpuHotPaths.exe	std::basic_string<char,struct std::char_traits<char>,class std::allocator<char> >::basic_string<char,struct std::char_traits<char>,class std::allocator<char> >(class std::basic_string<char,struct std::char_traits<char>,class std::allocator<char> > const &)	xstring	0x1400aa8d0
                        operator new	0.070621	0.073103	0.0		0.0	0.0	0.0	0.0	CpuHotPaths.exe	operator new(unsigned __int64)	new_scalar.cpp	0x140234a68
                         malloc_base	0.070621	0.073103	0.0		0.013964	0.013964	0.0	0.0	ucrtbase.dll	malloc_base	[Unknown]	0x1800050a0
                  MaterialX_v1_39_6::ShaderStage::beginScope	0.070411	0.072886	0.0		0.0	0.0	0.0	0.0	CpuHotPaths.exe	MaterialX_v1_39_6::ShaderStage::beginScope(enum MaterialX_v1_39_6::Syntax::Punctuation)	ShaderStage.cpp	0x14013b150
                   std::vector<MaterialX_v1_39_6::ShaderStage::Scope,std::allocator<MaterialX_v1_39_6::ShaderStage::Scope> >::emplace_back	0.070411	0.072886	0.0		0.0	0.0	0.0	0.0	CpuHotPaths.exe	std::vector<MaterialX_v1_39_6::ShaderStage::Scope,std::allocator<MaterialX_v1_39_6::ShaderStage::Scope> >::emplace_back	vector	0x14013b267
                    operator delete	0.070411	0.072886	0.0		0.013923	0.013923	0.0	0.0	CpuHotPaths.exe	operator delete(void *,unsigned __int64)	delete_scalar_size.cpp	0x140234ab4
                  MaterialX_v1_39_6::ShaderStage::endScope	0.069538	0.071981	0.0		0.0	0.0	0.0	0.0	CpuHotPaths.exe	MaterialX_v1_39_6::ShaderStage::endScope(bool,bool)	ShaderStage.cpp	0x14013bc20
                   std::vector<MaterialX_v1_39_6::ShaderStage::Scope,std::allocator<MaterialX_v1_39_6::ShaderStage::Scope> >::pop_back	0.069538	0.071981	0.0		0.013750	0.013750	0.0	0.0	CpuHotPaths.exe	std::vector<MaterialX_v1_39_6::ShaderStage::Scope,std::allocator<MaterialX_v1_39_6::ShaderStage::Scope> >::pop_back	vector	0x14013bc68
                 std::basic_string<char,std::char_traits<char>,std::allocator<char> >::{dtor}	0.073465	0.076047	0.0		0.014527	0.014527	0.0	0.0	CpuHotPaths.exe	std::basic_string<char,std::char_traits<char>,std::allocator<char> >::{dtor}	xstring	0x140126816
              MaterialX_v1_39_6::ShaderGenerator::emitFunctionCalls	1.001756	1.036961	0.0		0.0	0.0	0.0	0.0	CpuHotPaths.exe	MaterialX_v1_39_6::ShaderGenerator::emitFunctionCalls(class MaterialX_v1_39_6::ShaderGraph const &,class MaterialX_v1_39_6::GenContext &,class MaterialX_v1_39_6::ShaderStage &,unsigned int)	ShaderGenerator.cpp	0x14014d880
               MaterialX_v1_39_6::ShaderGenerator::emitFunctionCall	1.001756	1.036961	0.0		0.0	0.0	0.0	0.0	CpuHotPaths.exe	MaterialX_v1_39_6::ShaderGenerator::emitFunctionCall(class MaterialX_v1_39_6::ShaderNode const &,class MaterialX_v1_39_6::GenContext &,class MaterialX_v1_39_6::ShaderStage &)	ShaderGenerator.cpp	0x14014d810
                MaterialX_v1_39_6::ShaderStage::addFunctionCall	1.001756	1.036961	0.0		0.028511	0.028511	0.0	0.0	CpuHotPaths.exe	MaterialX_v1_39_6::ShaderStage::addFunctionCall(class MaterialX_v1_39_6::ShaderNode const &,class MaterialX_v1_39_6::GenContext &,bool)	ShaderStage.cpp	0x14013a6c0
                 MaterialX_v1_39_6::SourceCodeNode::emitFunctionCall	0.787028	0.814687	0.0		0.0	0.0	0.0	0.0	CpuHotPaths.exe	MaterialX_v1_39_6::SourceCodeNode::emitFunctionCall(class MaterialX_v1_39_6::ShaderNode const &,class MaterialX_v1_39_6::GenContext &,class MaterialX_v1_39_6::ShaderStage &)	SourceCodeNode.cpp	0x140169340
                  MaterialX_v1_39_6::Syntax::getValue	0.217787	0.225440	0.0		0.0	0.0	0.0	0.0	CpuHotPaths.exe	MaterialX_v1_39_6::Syntax::getValue(class MaterialX_v1_39_6::TypeDesc,class MaterialX_v1_39_6::Value const &,bool)	Syntax.cpp	0x1401491f0
                   MaterialX_v1_39_6::ScalarTypeSyntax::getValue	0.144960	0.150054	0.0		0.0	0.0	0.0	0.0	CpuHotPaths.exe	MaterialX_v1_39_6::ScalarTypeSyntax::getValue(class MaterialX_v1_39_6::Value const &,bool)	Syntax.cpp	0x140148c80
                    MaterialX_v1_39_6::TypedValue<float>::getValueString	0.144960	0.150054	0.0		0.0	0.0	0.0	0.0	CpuHotPaths.exe	MaterialX_v1_39_6::TypedValue<float>::getValueString(void)	Value.cpp	0x1401f6620
                     MaterialX_v1_39_6::toValueString<float>	0.144960	0.150054	0.0		0.0	0.0	0.0	0.0	CpuHotPaths.exe	MaterialX_v1_39_6::toValueString<float>(float const &)	Value.cpp	0x1401fe5f0
                      std::basic_stringstream<char,std::char_traits<char>,std::allocator<char> >::{dtor}	0.073596	0.076183	0.0		0.014552	0.014552	0.0	0.0	CpuHotPaths.exe	std::basic_stringstream<char,std::char_traits<char>,std::allocator<char> >::{dtor}	sstream	0x1401fe852
                      std::basic_ostream<char,struct std::char_traits<char> >::operator<<	0.071364	0.073872	0.0		0.014111	0.014111	0.0	0.0	MSVCP140.dll	std::basic_ostream<char,struct std::char_traits<char> >::operator<<(float)	[Unknown]	0x18004fa10
                   MaterialX_v1_39_6::AggregateTypeSyntax::getValue	0.072827	0.075386	0.0		0.0	0.0	0.0	0.0	CpuHotPaths.exe	MaterialX_v1_39_6::AggregateTypeSyntax::getValue(class MaterialX_v1_39_6::Value const &,bool)	Syntax.cpp	0x140148870
                    MaterialX_v1_39_6::TypedValue<class MaterialX_v1_39_6::Vector3>::getValueString	0.072827	0.075386	0.0		0.0	0.0	0.0	0.0	CpuHotPaths.exe	MaterialX_v1_39_6::TypedValue<class MaterialX_v1_39_6::Vector3>::getValueString(void)	Value.cpp	0x1401f6fa0
                     MaterialX_v1_39_6::toValueString	0.072827	0.075386	0.0		0.0	0.0	0.0	0.0	CpuHotPaths.exe	MaterialX_v1_39_6::toValueString	Value.cpp	0x1401f6fd2
                      MaterialX_v1_39_6::toValueString<float>	0.072827	0.075386	0.0		0.0	0.0	0.0	0.0	CpuHotPaths.exe	MaterialX_v1_39_6::toValueString<float>(float const &)	Value.cpp	0x1401fe5f0
                       std::basic_stringstream<char,std::char_traits<char>,std::allocator<char> >::{dtor}	0.072827	0.075386	0.0		0.014400	0.014400	0.0	0.0	CpuHotPaths.exe	std::basic_stringstream<char,std::char_traits<char>,std::allocator<char> >::{dtor}	sstream	0x1401fe852
                  std::vector<std::basic_string<char,std::char_traits<char>,std::allocator<char> >,std::allocator<std::basic_string<char,std::char_traits<char>,std::allocator<char> > > >::{dtor}	0.141896	0.146882	0.0		0.028058	0.028058	0.0	0.0	CpuHotPaths.exe	std::vector<std::basic_string<char,std::char_traits<char>,std::allocator<char> >,std::allocator<std::basic_string<char,std::char_traits<char>,std::allocator<char> > > >::{dtor}	vector	0x14016a428
                  std::basic_string<char,struct std::char_traits<char>,class std::allocator<char> >::find	0.072228	0.074767	0.0		0.014282	0.014282	0.0	0.0	CpuHotPaths.exe	std::basic_string<char,struct std::char_traits<char>,class std::allocator<char> >::find(class std::basic_string<char,struct std::char_traits<char>,class std::allocator<char> > const &,unsigned __int64)	xstring	0x14016afd0
                  std::vector<std::basic_string<char,std::char_traits<char>,std::allocator<char> >,std::allocator<std::basic_string<char,std::char_traits<char>,std::allocator<char> > > >::push_back	0.072063	0.074596	0.0		0.0	0.0	0.0	0.0	CpuHotPaths.exe	std::vector<std::basic_string<char,std::char_traits<char>,std::allocator<char> >,std::allocator<std::basic_string<char,std::char_traits<char>,std::allocator<char> > > >::push_back	vector	0x14016a110
                   operator new	0.072063	0.074596	0.0		0.0	0.0	0.0	0.0	CpuHotPaths.exe	operator new(unsigned __int64)	new_scalar.cpp	0x140234a68
                    malloc_base	0.072063	0.074596	0.0		0.014249	0.014249	0.0	0.0	ucrtbase.dll	malloc_base	[Unknown]	0x1800050a0
                  std::shared_ptr<MaterialX_v1_39_6::Value>::{dtor}	0.071739	0.074260	0.0		0.014185	0.014185	0.0	0.0	CpuHotPaths.exe	std::shared_ptr<MaterialX_v1_39_6::Value>::{dtor}	memory	0x140169b4b
                  std::operator+	0.071513	0.074026	0.0		0.0	0.0	0.0	0.0	CpuHotPaths.exe	std::operator+	xstring	0x140169cf0
                   operator new	0.071513	0.074026	0.0		0.0	0.0	0.0	0.0	CpuHotPaths.exe	operator new(unsigned __int64)	new_scalar.cpp	0x140234a68
                    malloc_base	0.071513	0.074026	0.0		0.014141	0.014141	0.0	0.0	ucrtbase.dll	malloc_base	[Unknown]	0x1800050a0
                  std::shared_ptr<MaterialX_v1_39_6::Value>::{dtor}	0.070631	0.073114	0.0		0.013966	0.013966	0.0	0.0	CpuHotPaths.exe	std::shared_ptr<MaterialX_v1_39_6::Value>::{dtor}	memory	0x140169b5a
                  std::operator+	0.069170	0.071601	0.0		0.0	0.0	0.0	0.0	CpuHotPaths.exe	std::operator+	xstring	0x1401697e2
                   operator new	0.069170	0.071601	0.0		0.0	0.0	0.0	0.0	CpuHotPaths.exe	operator new(unsigned __int64)	new_scalar.cpp	0x140234a68
                    malloc_base	0.069170	0.071601	0.0		0.013677	0.013677	0.0	0.0	ucrtbase.dll	malloc_base	[Unknown]	0x1800050a0
                 MaterialX_v1_39_6::CompoundNode::emitFunctionCall	0.070537	0.073016	0.0		0.0	0.0	0.0	0.0	CpuHotPaths.exe	MaterialX_v1_39_6::CompoundNode::emitFunctionCall(class MaterialX_v1_39_6::ShaderNode const &,class MaterialX_v1_39_6::GenContext &,class MaterialX_v1_39_6::ShaderStage &)	CompoundNode.cpp	0x140167450
                  MaterialX_v1_39_6::ShaderGenerator::emitOutput	0.070537	0.073016	0.0		0.0	0.0	0.0	0.0	CpuHotPaths.exe	MaterialX_v1_39_6::ShaderGenerator::emitOutput(class MaterialX_v1_39_6::ShaderOutput const *,bool,bool,class MaterialX_v1_39_6::GenContext &,class MaterialX_v1_39_6::ShaderStage &)	ShaderGenerator.cpp	0x14014e150
                   MaterialX_v1_39_6::GenContext::getOutputSuffix	0.070537	0.073016	0.0		0.0	0.0	0.0	0.0	CpuHotPaths.exe	MaterialX_v1_39_6::GenContext::getOutputSuffix(class MaterialX_v1_39_6::ShaderOutput const *,class std::basic_string<char,struct std::char_traits<char>,class std::allocator<char> > &)	GenContext.cpp	0x140134a20
                    std::basic_string<char,std::char_traits<char>,std::allocator<char> >::clear	0.070537	0.073016	0.0		0.013948	0.013948	0.0	0.0	CpuHotPaths.exe	std::basic_string<char,std::char_traits<char>,std::allocator<char> >::clear	xstring	0x140134a29
              MaterialX_v1_39_6::ShaderGenerator::emitFunctionDefinitionParameter	0.218199	0.225867	0.0		0.0	0.0	0.0	0.0	CpuHotPaths.exe	MaterialX_v1_39_6::ShaderGenerator::emitFunctionDefinitionParameter(class MaterialX_v1_39_6::ShaderPort const *,bool,class MaterialX_v1_39_6::GenContext &,class MaterialX_v1_39_6::ShaderStage &)	ShaderGenerator.cpp	0x14014d930
               std::basic_string<char,std::char_traits<char>,std::allocator<char> >::{dtor}	0.144435	0.149511	0.0		0.028560	0.028560	0.0	0.0	CpuHotPaths.exe	std::basic_string<char,std::char_traits<char>,std::allocator<char> >::{dtor}	xstring	0x14014dbf9
               std::basic_string<char,struct std::char_traits<char>,class std::allocator<char> >::append	0.073764	0.076356	0.0		0.014586	0.014586	0.0	0.0	CpuHotPaths.exe	std::basic_string<char,struct std::char_traits<char>,class std::allocator<char> >::append(char const * const,unsigned __int64)	xstring	0x1400b0970
           MaterialX_v1_39_6::GlslShaderGenerator::emitSpecularEnvironment	6.321554	6.319576	6.377830		0.0	0.0	0.0	0.0	CpuHotPaths.exe	MaterialX_v1_39_6::GlslShaderGenerator::emitSpecularEnvironment(class MaterialX_v1_39_6::GenContext &,class MaterialX_v1_39_6::ShaderStage &)	GlslShaderGenerator.cpp	0x1400be0a0
            MaterialX_v1_39_6::ShaderGenerator::emitLibraryInclude	6.321554	6.319576	6.377830		0.0	0.0	0.0	0.0	CpuHotPaths.exe	MaterialX_v1_39_6::ShaderGenerator::emitLibraryInclude(class MaterialX_v1_39_6::FilePath const &,class MaterialX_v1_39_6::GenContext &,class MaterialX_v1_39_6::ShaderStage &)	ShaderGenerator.cpp	0x14014dee0
             MaterialX_v1_39_6::ShaderStage::addInclude	5.885749	5.868455	6.377830		0.0	0.0	0.0	0.0	CpuHotPaths.exe	MaterialX_v1_39_6::ShaderStage::addInclude(class MaterialX_v1_39_6::FilePath const &,class MaterialX_v1_39_6::FilePath const &,class MaterialX_v1_39_6::GenContext &)	ShaderStage.cpp	0x14013a9d0
              MaterialX_v1_39_6::ShaderStage::addBlock	4.014993	3.931954	6.377830		0.0	0.0	0.0	0.0	CpuHotPaths.exe	MaterialX_v1_39_6::ShaderStage::addBlock(class std::basic_string<char,struct std::char_traits<char>,class std::allocator<char> > const &,class MaterialX_v1_39_6::FilePath const &,class MaterialX_v1_39_6::GenContext &)	ShaderStage.cpp	0x140139d40
               MaterialX_v1_39_6::ShaderStage::addInclude	3.872465	3.784417	6.377830		0.0	0.0	0.0	0.0	CpuHotPaths.exe	MaterialX_v1_39_6::ShaderStage::addInclude(class MaterialX_v1_39_6::FilePath const &,class MaterialX_v1_39_6::FilePath const &,class MaterialX_v1_39_6::GenContext &)	ShaderStage.cpp	0x14013a9d0
                MaterialX_v1_39_6::ShaderStage::addBlock	2.076738	1.925581	6.377830		0.0	0.0	0.0	0.0	CpuHotPaths.exe	MaterialX_v1_39_6::ShaderStage::addBlock(class std::basic_string<char,struct std::char_traits<char>,class std::allocator<char> > const &,class MaterialX_v1_39_6::FilePath const &,class MaterialX_v1_39_6::GenContext &)	ShaderStage.cpp	0x140139d40
                 MaterialX_v1_39_6::ShaderStage::addInclude	0.930373	0.815840	4.189350		0.0	0.0	0.0	0.0	CpuHotPaths.exe	MaterialX_v1_39_6::ShaderStage::addInclude(class MaterialX_v1_39_6::FilePath const &,class MaterialX_v1_39_6::FilePath const &,class MaterialX_v1_39_6::GenContext &)	ShaderStage.cpp	0x14013a9d0
                  MaterialX_v1_39_6::readFile	0.790452	0.671001	4.189350		0.0	0.0	0.0	0.0	CpuHotPaths.exe	MaterialX_v1_39_6::readFile(class MaterialX_v1_39_6::FilePath const &)	Util.cpp	0x1400d5600
                   std::basic_ifstream<char,std::char_traits<char> >::{ctor}	0.572202	0.445081	4.189350		0.113144	0.085020	0.028124	0.0	CpuHotPaths.exe	std::basic_ifstream<char,std::char_traits<char> >::{ctor}	fstream	0x1400d564f
                   std::basic_ostream<char,struct std::char_traits<char> >::operator<<	0.218250	0.225920	0.0		0.043155	0.043155	0.0	0.0	MSVCP140.dll	std::basic_ostream<char,struct std::char_traits<char> >::operator<<(class std::basic_streambuf<char,struct std::char_traits<char> > * __ptr64)	[Unknown]	0x180050140
                  MaterialX_v1_39_6::GenContext::resolveSourceFile	0.139921	0.144838	0.0		0.0	0.0	0.0	0.0	CpuHotPaths.exe	MaterialX_v1_39_6::GenContext::resolveSourceFile(class MaterialX_v1_39_6::FilePath const &,class MaterialX_v1_39_6::FilePath const &)	GenContext.h	0x14013c810
                   MaterialX_v1_39_6::FileSearchPath::prepend	0.071176	0.073677	0.0		0.0	0.0	0.0	0.0	CpuHotPaths.exe	MaterialX_v1_39_6::FileSearchPath::prepend	File.h	0x14013c93d
                    std::vector<MaterialX_v1_39_6::FilePath,std::allocator<MaterialX_v1_39_6::FilePath> >::insert	0.071176	0.073677	0.0		0.0	0.0	0.0	0.0	CpuHotPaths.exe	std::vector<MaterialX_v1_39_6::FilePath,std::allocator<MaterialX_v1_39_6::FilePath> >::insert	vector	0x14013c941
                     MaterialX_v1_39_6::FilePath::FilePath	0.071176	0.073677	0.0		0.0	0.0	0.0	0.0	CpuHotPaths.exe	MaterialX_v1_39_6::FilePath::FilePath(class MaterialX_v1_39_6::FilePath const &)	[Unknown]	0x1400ab250
                      std::vector<std::basic_string<char,std::char_traits<char>,std::allocator<char> >,std::allocator<std::basic_string<char,std::char_traits<char>,std::allocator<char> > > >::{ctor}	0.071176	0.073677	0.0		0.014074	0.014074	0.0	0.0	CpuHotPaths.exe	std::vector<std::basic_string<char,std::char_traits<char>,std::allocator<char> >,std::allocator<std::basic_string<char,std::char_traits<char>,std::allocator<char> > > >::{ctor}	vector	0x1400ab26d
                   MaterialX_v1_39_6::FileSearchPath::find	0.068745	0.071161	0.0		0.0	0.0	0.0	0.0	CpuHotPaths.exe	MaterialX_v1_39_6::FileSearchPath::find	File.h	0x14013ca14
                    MaterialX_v1_39_6::FilePath::exists	0.068745	0.071161	0.0		0.0	0.0	0.0	0.0	CpuHotPaths.exe	MaterialX_v1_39_6::FilePath::exists(void)	File.cpp	0x1400ccb30
                     GetFileAttributesA	0.068745	0.071161	0.0		0.013593	0.013593	0.0	0.0	KERNELBASE.dll	GetFileAttributesA	[Unknown]	0x18006d270
                 std::getline	0.852398	0.882355	0.0		0.168548	0.168548	0.0	0.0	CpuHotPaths.exe	std::getline	string	0x140139e48
                 std::basic_string<char,std::char_traits<char>,std::allocator<char> >::find	0.146156	0.151292	0.0		0.028900	0.028900	0.0	0.0	CpuHotPaths.exe	std::basic_string<char,std::char_traits<char>,std::allocator<char> >::find	xstring	0x140139e90
                 MaterialX_v1_39_6::ShaderStage::addLine	0.074300	0.0	2.188480		0.0	0.0	0.0	0.0	CpuHotPaths.exe	MaterialX_v1_39_6::ShaderStage::addLine	ShaderStage.cpp	0x140139f34
                  MaterialX_v1_39_6::ShaderStage::addString	0.074300	0.0	2.188480		0.0	0.0	0.0	0.0	CpuHotPaths.exe	MaterialX_v1_39_6::ShaderStage::addString	ShaderStage.cpp	0x140139f46
                   std::basic_string<char,std::char_traits<char>,std::allocator<char> >::operator+=	0.074300	0.0	2.188480		0.014692	0.0	0.014692	0.0	CpuHotPaths.exe	std::basic_string<char,std::char_traits<char>,std::allocator<char> >::operator+=	xstring	0x140139f46
                 std::ios_base::operator bool	0.073511	0.076094	0.0		0.014536	0.014536	0.0	0.0	MSVCP140.dll	std::ios_base::operator bool(void)	[Unknown]	0x180007610
                MaterialX_v1_39_6::readFile	1.584494	1.640180	0.0		0.0	0.0	0.0	0.0	CpuHotPaths.exe	MaterialX_v1_39_6::readFile(class MaterialX_v1_39_6::FilePath const &)	Util.cpp	0x1400d5600
                 std::basic_ifstream<char,std::char_traits<char> >::{ctor}	0.865912	0.896343	0.0		0.171220	0.171220	0.0	0.0	CpuHotPaths.exe	std::basic_ifstream<char,std::char_traits<char> >::{ctor}	fstream	0x1400d564f
                 std::basic_ostream<char,struct std::char_traits<char> >::operator<<	0.436667	0.452013	0.0		0.086344	0.086344	0.0	0.0	MSVCP140.dll	std::basic_ostream<char,struct std::char_traits<char> >::operator<<(class std::basic_streambuf<char,struct std::char_traits<char> > * __ptr64)	[Unknown]	0x180050140
                 std::basic_ifstream<char,std::char_traits<char> >::close	0.208361	0.215683	0.0		0.041200	0.041200	0.0	0.0	CpuHotPaths.exe	std::basic_ifstream<char,std::char_traits<char> >::close	fstream	0x1400d57a9
                 std::basic_stringstream<char,std::char_traits<char>,std::allocator<char> >::{dtor}	0.073555	0.076140	0.0		0.014544	0.014544	0.0	0.0	CpuHotPaths.exe	std::basic_stringstream<char,std::char_traits<char>,std::allocator<char> >::{dtor}	sstream	0x1400d58c1
                MaterialX_v1_39_6::GenContext::resolveSourceFile	0.140366	0.145299	0.0		0.0	0.0	0.0	0.0	CpuHotPaths.exe	MaterialX_v1_39_6::GenContext::resolveSourceFile(class MaterialX_v1_39_6::FilePath const &,class MaterialX_v1_39_6::FilePath const &)	GenContext.h	0x14013c810
                 MaterialX_v1_39_6::FileSearchPath::find	0.140366	0.145299	0.0		0.0	0.0	0.0	0.0	CpuHotPaths.exe	MaterialX_v1_39_6::FileSearchPath::find	File.h	0x14013ca14
                  MaterialX_v1_39_6::FilePath::exists	0.140366	0.145299	0.0		0.0	0.0	0.0	0.0	CpuHotPaths.exe	MaterialX_v1_39_6::FilePath::exists(void)	File.cpp	0x1400ccb30
                   GetFileAttributesA	0.140366	0.145299	0.0		0.027755	0.027755	0.0	0.0	KERNELBASE.dll	GetFileAttributesA	[Unknown]	0x18006d270
                std::_Tree<class std::_Tset_traits<class std::basic_string<char,struct std::char_traits<char>,class std::allocator<char> >,struct std::less<class std::basic_string<char,struct std::char_traits<char>,class std::allocator<char> > >,class std::allocator<class std::basic_string<char,struct std::char_traits<char>,class std::allocator<char> > >,0> >::insert<0,0>	0.070867	0.073357	0.0		0.014013	0.014013	0.0	0.0	CpuHotPaths.exe	std::_Tree<class std::_Tset_traits<class std::basic_string<char,struct std::char_traits<char>,class std::allocator<char> >,struct std::less<class std::basic_string<char,struct std::char_traits<char>,class std::allocator<char> > >,class std::allocator<class std::basic_string<char,struct std::char_traits<char>,class std::allocator<char> > >,0> >::insert<0,0>(class std::basic_string<char,struct std::char_traits<char>,class std::allocator<char> > &&)	xtree	0x140137ba0
               MaterialX_v1_39_6::ShaderStage::addLine	0.071704	0.074224	0.0		0.0	0.0	0.0	0.0	CpuHotPaths.exe	MaterialX_v1_39_6::ShaderStage::addLine	ShaderStage.cpp	0x140139f34
                MaterialX_v1_39_6::ShaderStage::addString	0.071704	0.074224	0.0		0.0	0.0	0.0	0.0	CpuHotPaths.exe	MaterialX_v1_39_6::ShaderStage::addString	ShaderStage.cpp	0x140139f46
                 std::basic_string<char,std::char_traits<char>,std::allocator<char> >::operator+=	0.071704	0.074224	0.0		0.014178	0.014178	0.0	0.0	CpuHotPaths.exe	std::basic_string<char,std::char_traits<char>,std::allocator<char> >::operator+=	xstring	0x140139f46
               std::getline	0.070824	0.073313	0.0		0.014004	0.014004	0.0	0.0	CpuHotPaths.exe	std::getline	string	0x140139e48
              MaterialX_v1_39_6::readFile	1.440495	1.491120	0.0		0.0	0.0	0.0	0.0	CpuHotPaths.exe	MaterialX_v1_39_6::readFile(class MaterialX_v1_39_6::FilePath const &)	Util.cpp	0x1400d5600
               std::basic_ifstream<char,std::char_traits<char> >::{ctor}	1.080886	1.118873	0.0		0.213728	0.213728	0.0	0.0	CpuHotPaths.exe	std::basic_ifstream<char,std::char_traits<char> >::{ctor}	fstream	0x1400d564f
               std::basic_ostream<char,struct std::char_traits<char> >::operator<<	0.288905	0.299058	0.0		0.057126	0.057126	0.0	0.0	MSVCP140.dll	std::basic_ostream<char,struct std::char_traits<char> >::operator<<(class std::basic_streambuf<char,struct std::char_traits<char> > * __ptr64)	[Unknown]	0x180050140
               std::basic_stringstream<char,std::char_traits<char>,std::allocator<char> >::{ctor}	0.070704	0.073189	0.0		0.013981	0.013981	0.0	0.0	CpuHotPaths.exe	std::basic_stringstream<char,std::char_traits<char>,std::allocator<char> >::{ctor}	sstream	0x1400d5715
              MaterialX_v1_39_6::GenContext::resolveSourceFile	0.430260	0.445381	0.0		0.0	0.0	0.0	0.0	CpuHotPaths.exe	MaterialX_v1_39_6::GenContext::resolveSourceFile(class MaterialX_v1_39_6::FilePath const &,class MaterialX_v1_39_6::FilePath const &)	GenContext.h	0x14013c810
               MaterialX_v1_39_6::FileSearchPath::find	0.430260	0.445381	0.0		0.0	0.0	0.0	0.0	CpuHotPaths.exe	MaterialX_v1_39_6::FileSearchPath::find	File.h	0x14013ca14
                MaterialX_v1_39_6::FilePath::exists	0.430260	0.445381	0.0		0.0	0.0	0.0	0.0	CpuHotPaths.exe	MaterialX_v1_39_6::FilePath::exists(void)	File.cpp	0x1400ccb30
                 GetFileAttributesA	0.430260	0.445381	0.0		0.085077	0.085077	0.0	0.0	KERNELBASE.dll	GetFileAttributesA	[Unknown]	0x18006d270
             MaterialX_v1_39_6::GenContext::resolveSourceFile	0.367334	0.380243	0.0		0.0	0.0	0.0	0.0	CpuHotPaths.exe	MaterialX_v1_39_6::GenContext::resolveSourceFile(class MaterialX_v1_39_6::FilePath const &,class MaterialX_v1_39_6::FilePath const &)	GenContext.h	0x14013c810
              MaterialX_v1_39_6::FileSearchPath::find	0.367334	0.380243	0.0		0.0	0.0	0.0	0.0	CpuHotPaths.exe	MaterialX_v1_39_6::FileSearchPath::find	File.h	0x14013ca14
               MaterialX_v1_39_6::FilePath::exists	0.367334	0.380243	0.0		0.0	0.0	0.0	0.0	CpuHotPaths.exe	MaterialX_v1_39_6::FilePath::exists(void)	File.cpp	0x1400ccb30
                GetFileAttributesA	0.367334	0.380243	0.0		0.072634	0.072634	0.0	0.0	KERNELBASE.dll	GetFileAttributesA	[Unknown]	0x18006d270
             MaterialX_v1_39_6::FilePath::{dtor}	0.068472	0.070878	0.0		0.0	0.0	0.0	0.0	CpuHotPaths.exe	MaterialX_v1_39_6::FilePath::{dtor}	File.h	0x14014e067
              std::vector<std::basic_string<char,std::char_traits<char>,std::allocator<char> >,std::allocator<std::basic_string<char,std::char_traits<char>,std::allocator<char> > > >::{dtor}	0.068472	0.070878	0.0		0.013539	0.013539	0.0	0.0	CpuHotPaths.exe	std::vector<std::basic_string<char,std::char_traits<char>,std::allocator<char> >,std::allocator<std::basic_string<char,std::char_traits<char>,std::allocator<char> > > >::{dtor}	vector	0x14014e067
           MaterialX_v1_39_6::GlslShaderGenerator::emitTransmissionRender	2.881164	2.903719	2.239359		0.0	0.0	0.0	0.0	CpuHotPaths.exe	MaterialX_v1_39_6::GlslShaderGenerator::emitTransmissionRender(class MaterialX_v1_39_6::GenContext &,class MaterialX_v1_39_6::ShaderStage &)	GlslShaderGenerator.cpp	0x1400be250
            MaterialX_v1_39_6::ShaderGenerator::emitLibraryInclude	2.881164	2.903719	2.239359		0.0	0.0	0.0	0.0	CpuHotPaths.exe	MaterialX_v1_39_6::ShaderGenerator::emitLibraryInclude(class MaterialX_v1_39_6::FilePath const &,class MaterialX_v1_39_6::GenContext &,class MaterialX_v1_39_6::ShaderStage &)	ShaderGenerator.cpp	0x14014dee0
             MaterialX_v1_39_6::ShaderStage::addInclude	2.304568	2.306860	2.239359		0.0	0.0	0.0	0.0	CpuHotPaths.exe	MaterialX_v1_39_6::ShaderStage::addInclude(class MaterialX_v1_39_6::FilePath const &,class MaterialX_v1_39_6::FilePath const &,class MaterialX_v1_39_6::GenContext &)	ShaderStage.cpp	0x14013a9d0
              MaterialX_v1_39_6::readFile	1.083403	1.042778	2.239359		0.0	0.0	0.0	0.0	CpuHotPaths.exe	MaterialX_v1_39_6::readFile(class MaterialX_v1_39_6::FilePath const &)	Util.cpp	0x1400d5600
               std::basic_ifstream<char,std::char_traits<char> >::{ctor}	0.938707	0.892997	2.239359		0.185614	0.170581	0.015033	0.0	CpuHotPaths.exe	std::basic_ifstream<char,std::char_traits<char> >::{ctor}	fstream	0x1400d564f
               std::basic_stringstream<char,std::char_traits<char>,std::allocator<char> >::str	0.072449	0.074995	0.0		0.014326	0.014326	0.0	0.0	CpuHotPaths.exe	std::basic_stringstream<char,std::char_traits<char>,std::allocator<char> >::str	sstream	0x1400d57f5
               std::basic_ostream<char,struct std::char_traits<char> >::operator<<	0.072247	0.074786	0.0		0.014286	0.014286	0.0	0.0	MSVCP140.dll	std::basic_ostream<char,struct std::char_traits<char> >::operator<<(class std::basic_streambuf<char,struct std::char_traits<char> > * __ptr64)	[Unknown]	0x180050140
              MaterialX_v1_39_6::GenContext::resolveSourceFile	0.784403	0.811970	0.0		0.0	0.0	0.0	0.0	CpuHotPaths.exe	MaterialX_v1_39_6::GenContext::resolveSourceFile(class MaterialX_v1_39_6::FilePath const &,class MaterialX_v1_39_6::FilePath const &)	GenContext.h	0x14013c810
               MaterialX_v1_39_6::FileSearchPath::find	0.784403	0.811970	0.0		0.0	0.0	0.0	0.0	CpuHotPaths.exe	MaterialX_v1_39_6::FileSearchPath::find	File.h	0x14013ca14
                MaterialX_v1_39_6::FilePath::exists	0.784403	0.811970	0.0		0.0	0.0	0.0	0.0	CpuHotPaths.exe	MaterialX_v1_39_6::FilePath::exists(void)	File.cpp	0x1400ccb30
                 GetFileAttributesA	0.784403	0.811970	0.0		0.155103	0.155103	0.0	0.0	KERNELBASE.dll	GetFileAttributesA	[Unknown]	0x18006d270
              MaterialX_v1_39_6::ShaderStage::addBlock	0.436762	0.452112	0.0		0.0	0.0	0.0	0.0	CpuHotPaths.exe	MaterialX_v1_39_6::ShaderStage::addBlock(class std::basic_string<char,struct std::char_traits<char>,class std::allocator<char> > const &,class MaterialX_v1_39_6::FilePath const &,class MaterialX_v1_39_6::GenContext &)	ShaderStage.cpp	0x140139d40
               MaterialX_v1_39_6::ShaderStage::addInclude	0.436762	0.452112	0.0		0.0	0.0	0.0	0.0	CpuHotPaths.exe	MaterialX_v1_39_6::ShaderStage::addInclude(class MaterialX_v1_39_6::FilePath const &,class MaterialX_v1_39_6::FilePath const &,class MaterialX_v1_39_6::GenContext &)	ShaderStage.cpp	0x14013a9d0
                MaterialX_v1_39_6::GenContext::resolveSourceFile	0.362369	0.375105	0.0		0.0	0.0	0.0	0.0	CpuHotPaths.exe	MaterialX_v1_39_6::GenContext::resolveSourceFile(class MaterialX_v1_39_6::FilePath const &,class MaterialX_v1_39_6::FilePath const &)	GenContext.h	0x14013c810
                 MaterialX_v1_39_6::FileSearchPath::find	0.219099	0.226799	0.0		0.0	0.0	0.0	0.0	CpuHotPaths.exe	MaterialX_v1_39_6::FileSearchPath::find	File.h	0x14013ca14
                  MaterialX_v1_39_6::FilePath::exists	0.219099	0.226799	0.0		0.0	0.0	0.0	0.0	CpuHotPaths.exe	MaterialX_v1_39_6::FilePath::exists(void)	File.cpp	0x1400ccb30
                   GetFileAttributesA	0.219099	0.226799	0.0		0.043323	0.043323	0.0	0.0	KERNELBASE.dll	GetFileAttributesA	[Unknown]	0x18006d270
                 MaterialX_v1_39_6::FilePath::getNormalized	0.143270	0.148305	0.0		0.0	0.0	0.0	0.0	CpuHotPaths.exe	MaterialX_v1_39_6::FilePath::getNormalized(void)	File.cpp	0x1400cd870
                  std::vector<std::basic_string<char,std::char_traits<char>,std::allocator<char> >,std::allocator<std::basic_string<char,std::char_traits<char>,std::allocator<char> > > >::push_back	0.143270	0.148305	0.0		0.028329	0.028329	0.0	0.0	CpuHotPaths.exe	std::vector<std::basic_string<char,std::char_traits<char>,std::allocator<char> >,std::allocator<std::basic_string<char,std::char_traits<char>,std::allocator<char> > > >::push_back	vector	0x1400cda79
                MaterialX_v1_39_6::tokenSubstitution	0.074393	0.077007	0.0		0.0	0.0	0.0	0.0	CpuHotPaths.exe	MaterialX_v1_39_6::tokenSubstitution(class std::unordered_map<class std::basic_string<char,struct std::char_traits<char>,class std::allocator<char> >,class std::basic_string<char,struct std::char_traits<char>,class std::allocator<char> >,struct std::hash<class std::basic_string<char,struct std::char_traits<char>,class std::allocator<char> > >,struct std::equal_to<class std::basic_string<char,struct std::char_traits<char>,class std::allocator<char> > >,class std::allocator<struct std::pair<class std::basic_string<char,struct std::char_traits<char>,class std::allocator<char> > const ,class std::basic_string<char,struct std::char_traits<char>,class std::allocator<char> > > > > const &,class std::basic_string<char,struct std::char_traits<char>,class std::allocator<char> > &)	Util.cpp	0x140175170
                 std::basic_string<char,std::char_traits<char>,std::allocator<char> >::substr	0.074393	0.077007	0.0		0.0	0.0	0.0	0.0	CpuHotPaths.exe	std::basic_string<char,std::char_traits<char>,std::allocator<char> >::substr	xstring	0x140175551
                  operator new	0.074393	0.077007	0.0		0.0	0.0	0.0	0.0	CpuHotPaths.exe	operator new(unsigned __int64)	new_scalar.cpp	0x140234a68
                   malloc_base	0.074393	0.077007	0.0		0.014710	0.014710	0.0	0.0	ucrtbase.dll	malloc_base	[Unknown]	0x1800050a0
             MaterialX_v1_39_6::GenContext::resolveSourceFile	0.503305	0.520993	0.0		0.0	0.0	0.0	0.0	CpuHotPaths.exe	MaterialX_v1_39_6::GenContext::resolveSourceFile(class MaterialX_v1_39_6::FilePath const &,class MaterialX_v1_39_6::FilePath const &)	GenContext.h	0x14013c810
              MaterialX_v1_39_6::FileSearchPath::find	0.503305	0.520993	0.0		0.0	0.0	0.0	0.0	CpuHotPaths.exe	MaterialX_v1_39_6::FileSearchPath::find	File.h	0x14013ca14
               MaterialX_v1_39_6::FilePath::exists	0.503305	0.520993	0.0		0.0	0.0	0.0	0.0	CpuHotPaths.exe	MaterialX_v1_39_6::FilePath::exists(void)	File.cpp	0x1400ccb30
                GetFileAttributesA	0.503305	0.520993	0.0		0.099520	0.099520	0.0	0.0	KERNELBASE.dll	GetFileAttributesA	[Unknown]	0x18006d270
             MaterialX_v1_39_6::FilePath::FilePath	0.073291	0.075866	0.0		0.0	0.0	0.0	0.0	CpuHotPaths.exe	MaterialX_v1_39_6::FilePath::FilePath(class MaterialX_v1_39_6::FilePath const &)	[Unknown]	0x1400ab250
              std::vector<std::basic_string<char,std::char_traits<char>,std::allocator<char> >,std::allocator<std::basic_string<char,std::char_traits<char>,std::allocator<char> > > >::{ctor}	0.073291	0.075866	0.0		0.0	0.0	0.0	0.0	CpuHotPaths.exe	std::vector<std::basic_string<char,std::char_traits<char>,std::allocator<char> >,std::allocator<std::basic_string<char,std::char_traits<char>,std::allocator<char> > > >::{ctor}	vector	0x1400ab26d
               operator new	0.073291	0.075866	0.0		0.0	0.0	0.0	0.0	CpuHotPaths.exe	operator new(unsigned __int64)	new_scalar.cpp	0x140234a68
                malloc_base	0.073291	0.075866	0.0		0.014492	0.014492	0.0	0.0	ucrtbase.dll	malloc_base	[Unknown]	0x1800050a0
           MaterialX_v1_39_6::ShaderGenerator::emitLibraryInclude	1.796923	1.860074	0.0		0.0	0.0	0.0	0.0	CpuHotPaths.exe	MaterialX_v1_39_6::ShaderGenerator::emitLibraryInclude(class MaterialX_v1_39_6::FilePath const &,class MaterialX_v1_39_6::GenContext &,class MaterialX_v1_39_6::ShaderStage &)	ShaderGenerator.cpp	0x14014dee0
            MaterialX_v1_39_6::ShaderStage::addInclude	1.652912	1.711001	0.0		0.0	0.0	0.0	0.0	CpuHotPaths.exe	MaterialX_v1_39_6::ShaderStage::addInclude(class MaterialX_v1_39_6::FilePath const &,class MaterialX_v1_39_6::FilePath const &,class MaterialX_v1_39_6::GenContext &)	ShaderStage.cpp	0x14013a9d0
             MaterialX_v1_39_6::readFile	1.221706	1.264642	0.0		0.0	0.0	0.0	0.0	CpuHotPaths.exe	MaterialX_v1_39_6::readFile(class MaterialX_v1_39_6::FilePath const &)	Util.cpp	0x1400d5600
              std::basic_ifstream<char,std::char_traits<char> >::{ctor}	1.008361	1.043799	0.0		0.199387	0.199387	0.0	0.0	CpuHotPaths.exe	std::basic_ifstream<char,std::char_traits<char> >::{ctor}	fstream	0x1400d564f
              std::basic_ifstream<char,std::char_traits<char> >::close	0.141554	0.146529	0.0		0.027990	0.027990	0.0	0.0	CpuHotPaths.exe	std::basic_ifstream<char,std::char_traits<char> >::close	fstream	0x1400d57a9
              std::basic_ostream<char,struct std::char_traits<char> >::operator<<	0.071791	0.074314	0.0		0.014196	0.014196	0.0	0.0	MSVCP140.dll	std::basic_ostream<char,struct std::char_traits<char> >::operator<<(class std::basic_streambuf<char,struct std::char_traits<char> > * __ptr64)	[Unknown]	0x180050140
             MaterialX_v1_39_6::GenContext::resolveSourceFile	0.431206	0.446360	0.0		0.0	0.0	0.0	0.0	CpuHotPaths.exe	MaterialX_v1_39_6::GenContext::resolveSourceFile(class MaterialX_v1_39_6::FilePath const &,class MaterialX_v1_39_6::FilePath const &)	GenContext.h	0x14013c810
              MaterialX_v1_39_6::FileSearchPath::find	0.431206	0.446360	0.0		0.0	0.0	0.0	0.0	CpuHotPaths.exe	MaterialX_v1_39_6::FileSearchPath::find	File.h	0x14013ca14
               MaterialX_v1_39_6::FilePath::exists	0.431206	0.446360	0.0		0.0	0.0	0.0	0.0	CpuHotPaths.exe	MaterialX_v1_39_6::FilePath::exists(void)	File.cpp	0x1400ccb30
                GetFileAttributesA	0.431206	0.446360	0.0		0.085264	0.085264	0.0	0.0	KERNELBASE.dll	GetFileAttributesA	[Unknown]	0x18006d270
            MaterialX_v1_39_6::GenContext::resolveSourceFile	0.144011	0.149072	0.0		0.0	0.0	0.0	0.0	CpuHotPaths.exe	MaterialX_v1_39_6::GenContext::resolveSourceFile(class MaterialX_v1_39_6::FilePath const &,class MaterialX_v1_39_6::FilePath const &)	GenContext.h	0x14013c810
             MaterialX_v1_39_6::FileSearchPath::find	0.144011	0.149072	0.0		0.0	0.0	0.0	0.0	CpuHotPaths.exe	MaterialX_v1_39_6::FileSearchPath::find	File.h	0x14013ca14
              MaterialX_v1_39_6::FilePath::exists	0.144011	0.149072	0.0		0.0	0.0	0.0	0.0	CpuHotPaths.exe	MaterialX_v1_39_6::FilePath::exists(void)	File.cpp	0x1400ccb30
               GetFileAttributesA	0.144011	0.149072	0.0		0.028476	0.028476	0.0	0.0	KERNELBASE.dll	GetFileAttributesA	[Unknown]	0x18006d270
           MaterialX_v1_39_6::GlslShaderGenerator::emitUniforms	0.571478	0.371453	6.263054		0.0	0.0	0.0	0.0	CpuHotPaths.exe	MaterialX_v1_39_6::GlslShaderGenerator::emitUniforms(class MaterialX_v1_39_6::GenContext &,class MaterialX_v1_39_6::ShaderStage &)	GlslShaderGenerator.cpp	0x1400be3c0
            MaterialX_v1_39_6::ShaderGenerator::emitVariableDeclarations	0.571478	0.371453	6.263054		0.0	0.0	0.0	0.0	CpuHotPaths.exe	MaterialX_v1_39_6::ShaderGenerator::emitVariableDeclarations(class MaterialX_v1_39_6::VariableBlock const &,class std::basic_string<char,struct std::char_traits<char>,class std::allocator<char> > const &,class std::basic_string<char,struct std::char_traits<char>,class std::allocator<char> > const &,class MaterialX_v1_39_6::GenContext &,class MaterialX_v1_39_6::ShaderStage &,bool)	ShaderGenerator.cpp	0x14014f510
             MaterialX_v1_39_6::GlslShaderGenerator::emitVariableDeclaration	0.571478	0.371453	6.263054		0.0	0.0	0.0	0.0	CpuHotPaths.exe	MaterialX_v1_39_6::GlslShaderGenerator::emitVariableDeclaration(class MaterialX_v1_39_6::ShaderPort const *,class std::basic_string<char,struct std::char_traits<char>,class std::allocator<char> > const &,class MaterialX_v1_39_6::GenContext &,class MaterialX_v1_39_6::ShaderStage &,bool)	GlslShaderGenerator.cpp	0x1400be710
              MaterialX_v1_39_6::Syntax::getValue	0.499397	0.296840	6.263054		0.0	0.0	0.0	0.0	CpuHotPaths.exe	MaterialX_v1_39_6::Syntax::getValue(class MaterialX_v1_39_6::TypeDesc,class MaterialX_v1_39_6::Value const &,bool)	Syntax.cpp	0x1401491f0
               MaterialX_v1_39_6::AggregateTypeSyntax::getValue	0.428239	0.296840	4.167128		0.0	0.0	0.0	0.0	CpuHotPaths.exe	MaterialX_v1_39_6::AggregateTypeSyntax::getValue(class MaterialX_v1_39_6::Value const &,bool)	Syntax.cpp	0x140148870
                MaterialX_v1_39_6::TypedValue<class MaterialX_v1_39_6::Matrix44>::getValueString	0.217402	0.149343	2.153985		0.0	0.0	0.0	0.0	CpuHotPaths.exe	MaterialX_v1_39_6::TypedValue<class MaterialX_v1_39_6::Matrix44>::getValueString(void)	Value.cpp	0x1401f7930
                 MaterialX_v1_39_6::toValueString	0.217402	0.149343	2.153985		0.0	0.0	0.0	0.0	CpuHotPaths.exe	MaterialX_v1_39_6::toValueString	Value.cpp	0x1401f7965
                  MaterialX_v1_39_6::toValueString<float>	0.217402	0.149343	2.153985		0.0	0.0	0.0	0.0	CpuHotPaths.exe	MaterialX_v1_39_6::toValueString<float>(float const &)	Value.cpp	0x1401fe5f0
                   std::basic_ostream<char,struct std::char_traits<char> >::operator<<	0.144272	0.149343	0.0		0.028528	0.028528	0.0	0.0	MSVCP140.dll	std::basic_ostream<char,struct std::char_traits<char> >::operator<<(float)	[Unknown]	0x18004fa10
                   std::basic_stringstream<char,std::char_traits<char>,std::allocator<char> >::{ctor}	0.073129	0.0	2.153985		0.014460	0.0	0.014460	0.0	CpuHotPaths.exe	std::basic_stringstream<char,std::char_traits<char>,std::allocator<char> >::{ctor}	sstream	0x1401fe64c
                MaterialX_v1_39_6::TypedValue<class MaterialX_v1_39_6::Color3>::getValueString	0.210837	0.147497	2.013143		0.0	0.0	0.0	0.0	CpuHotPaths.exe	MaterialX_v1_39_6::TypedValue<class MaterialX_v1_39_6::Color3>::getValueString(void)	Value.cpp	0x1401f6690
                 MaterialX_v1_39_6::toValueString	0.210837	0.147497	2.013143		0.0	0.0	0.0	0.0	CpuHotPaths.exe	MaterialX_v1_39_6::toValueString	Value.cpp	0x1401f66c2
                  MaterialX_v1_39_6::toValueString<float>	0.210837	0.147497	2.013143		0.0	0.0	0.0	0.0	CpuHotPaths.exe	MaterialX_v1_39_6::toValueString<float>(float const &)	Value.cpp	0x1401fe5f0
                   std::basic_stringstream<char,std::char_traits<char>,std::allocator<char> >::{ctor}	0.140310	0.074491	2.013143		0.027744	0.014229	0.013515	0.0	CpuHotPaths.exe	std::basic_stringstream<char,std::char_traits<char>,std::allocator<char> >::{ctor}	sstream	0x1401fe64c
                   std::basic_ios<char,struct std::char_traits<char> >::imbue	0.070527	0.073006	0.0		0.013946	0.013946	0.0	0.0	MSVCP140.dll	std::basic_ios<char,struct std::char_traits<char> >::imbue(class std::locale const & __ptr64)	[Unknown]	0x18005a0d0
               MaterialX_v1_39_6::ScalarTypeSyntax::getValue	0.071158	0.0	2.095926		0.0	0.0	0.0	0.0	CpuHotPaths.exe	MaterialX_v1_39_6::ScalarTypeSyntax::getValue(class MaterialX_v1_39_6::Value const &,bool)	Syntax.cpp	0x140148c80
                MaterialX_v1_39_6::TypedValue<float>::getValueString	0.071158	0.0	2.095926		0.0	0.0	0.0	0.0	CpuHotPaths.exe	MaterialX_v1_39_6::TypedValue<float>::getValueString(void)	Value.cpp	0x1401f6620
                 MaterialX_v1_39_6::toValueString<float>	0.071158	0.0	2.095926		0.0	0.0	0.0	0.0	CpuHotPaths.exe	MaterialX_v1_39_6::toValueString<float>(float const &)	Value.cpp	0x1401fe5f0
                  std::basic_ostream<char,struct std::char_traits<char> >::operator<<	0.071158	0.0	2.095926		0.014070	0.0	0.014070	0.0	MSVCP140.dll	std::basic_ostream<char,struct std::char_traits<char> >::operator<<(float)	[Unknown]	0x18004fa10
              std::basic_string<char,struct std::char_traits<char>,class std::allocator<char> >::append	0.072081	0.074614	0.0		0.014253	0.014253	0.0	0.0	CpuHotPaths.exe	std::basic_string<char,struct std::char_traits<char>,class std::allocator<char> >::append(char const * const,unsigned __int64)	xstring	0x1400b0970
           MaterialX_v1_39_6::GlslShaderGenerator::emitLightFunctionDefinitions	0.145009	0.150105	0.0		0.0	0.0	0.0	0.0	CpuHotPaths.exe	MaterialX_v1_39_6::GlslShaderGenerator::emitLightFunctionDefinitions(class MaterialX_v1_39_6::ShaderGraph const &,class MaterialX_v1_39_6::GenContext &,class MaterialX_v1_39_6::ShaderStage &)	GlslShaderGenerator.cpp	0x1400baf70
            MaterialX_v1_39_6::ShaderStage::addFunctionDefinition	0.145009	0.150105	0.0		0.0	0.0	0.0	0.0	CpuHotPaths.exe	MaterialX_v1_39_6::ShaderStage::addFunctionDefinition(class MaterialX_v1_39_6::ShaderNode const &,class MaterialX_v1_39_6::GenContext &)	ShaderStage.cpp	0x14013a820
             MaterialX_v1_39_6::HwLightSamplerNode::emitFunctionDefinition	0.145009	0.150105	0.0		0.0	0.0	0.0	0.0	CpuHotPaths.exe	MaterialX_v1_39_6::HwLightSamplerNode::emitFunctionDefinition(class MaterialX_v1_39_6::ShaderNode const &,class MaterialX_v1_39_6::GenContext &,class MaterialX_v1_39_6::ShaderStage &)	HwLightSamplerNode.cpp	0x140122c70
              MaterialX_v1_39_6::Syntax::getValue	0.145009	0.150105	0.0		0.0	0.0	0.0	0.0	CpuHotPaths.exe	MaterialX_v1_39_6::Syntax::getValue(class MaterialX_v1_39_6::TypeDesc,class MaterialX_v1_39_6::Value const &,bool)	Syntax.cpp	0x1401491f0
               MaterialX_v1_39_6::AggregateTypeSyntax::getValue	0.145009	0.150105	0.0		0.0	0.0	0.0	0.0	CpuHotPaths.exe	MaterialX_v1_39_6::AggregateTypeSyntax::getValue(class MaterialX_v1_39_6::Value const &,bool)	Syntax.cpp	0x140148870
                MaterialX_v1_39_6::TypedValue<class MaterialX_v1_39_6::Vector3>::getValueString	0.145009	0.150105	0.0		0.0	0.0	0.0	0.0	CpuHotPaths.exe	MaterialX_v1_39_6::TypedValue<class MaterialX_v1_39_6::Vector3>::getValueString(void)	Value.cpp	0x1401f6fa0
                 MaterialX_v1_39_6::toValueString	0.145009	0.150105	0.0		0.0	0.0	0.0	0.0	CpuHotPaths.exe	MaterialX_v1_39_6::toValueString	Value.cpp	0x1401f6fd2
                  MaterialX_v1_39_6::toValueString<float>	0.145009	0.150105	0.0		0.0	0.0	0.0	0.0	CpuHotPaths.exe	MaterialX_v1_39_6::toValueString<float>(float const &)	Value.cpp	0x1401fe5f0
                   std::basic_stringstream<char,std::char_traits<char>,std::allocator<char> >::{ctor}	0.074101	0.076705	0.0		0.014652	0.014652	0.0	0.0	CpuHotPaths.exe	std::basic_stringstream<char,std::char_traits<char>,std::allocator<char> >::{ctor}	sstream	0x1401fe64c
                   std::basic_ostream<char,struct std::char_traits<char> >::operator<<	0.070908	0.073400	0.0		0.014021	0.014021	0.0	0.0	MSVCP140.dll	std::basic_ostream<char,struct std::char_traits<char> >::operator<<(float)	[Unknown]	0x18004fa10
           MaterialX_v1_39_6::ShaderGenerator::emitFunctionCalls	0.074399	0.077014	0.0		0.0	0.0	0.0	0.0	CpuHotPaths.exe	MaterialX_v1_39_6::ShaderGenerator::emitFunctionCalls(class MaterialX_v1_39_6::ShaderGraph const &,class MaterialX_v1_39_6::GenContext &,class MaterialX_v1_39_6::ShaderStage &,unsigned int)	ShaderGenerator.cpp	0x14014d880
            MaterialX_v1_39_6::ShaderNode::hasClassification	0.074399	0.077014	0.0		0.014711	0.014711	0.0	0.0	CpuHotPaths.exe	MaterialX_v1_39_6::ShaderNode::hasClassification	ShaderNode.h	0x14014d8bf
           std::basic_string<char,std::char_traits<char>,std::allocator<char> >::{dtor}	0.070248	0.072716	0.0		0.013890	0.013890	0.0	0.0	CpuHotPaths.exe	std::basic_string<char,std::char_traits<char>,std::allocator<char> >::{dtor}	xstring	0x1400bb9fd
           MaterialX_v1_39_6::ShaderGenerator::emitTypeDefinitions	0.069030	0.071456	0.0		0.0	0.0	0.0	0.0	CpuHotPaths.exe	MaterialX_v1_39_6::ShaderGenerator::emitTypeDefinitions(class MaterialX_v1_39_6::GenContext &,class MaterialX_v1_39_6::ShaderStage &)	ShaderGenerator.cpp	0x14014e620
            MaterialX_v1_39_6::ShaderStage::addLine	0.069030	0.071456	0.0		0.0	0.0	0.0	0.0	CpuHotPaths.exe	MaterialX_v1_39_6::ShaderStage::addLine(class std::basic_string<char,struct std::char_traits<char>,class std::allocator<char> > const &,bool)	ShaderStage.cpp	0x14013af80
             MaterialX_v1_39_6::ShaderStage::addString	0.069030	0.071456	0.0		0.013650	0.013650	0.0	0.0	CpuHotPaths.exe	MaterialX_v1_39_6::ShaderStage::addString	ShaderStage.cpp	0x14013af9e
          MaterialX_v1_39_6::GlslShaderGenerator::emitVertexStage	2.735985	2.686976	4.130502		0.0	0.0	0.0	0.0	CpuHotPaths.exe	MaterialX_v1_39_6::GlslShaderGenerator::emitVertexStage(class MaterialX_v1_39_6::ShaderGraph const &,class MaterialX_v1_39_6::GenContext &,class MaterialX_v1_39_6::ShaderStage &)	GlslShaderGenerator.cpp	0x1400bfc00
           MaterialX_v1_39_6::ShaderGenerator::emitLibraryInclude	2.591289	2.537195	4.130502		0.0	0.0	0.0	0.0	CpuHotPaths.exe	MaterialX_v1_39_6::ShaderGenerator::emitLibraryInclude(class MaterialX_v1_39_6::FilePath const &,class MaterialX_v1_39_6::GenContext &,class MaterialX_v1_39_6::ShaderStage &)	ShaderGenerator.cpp	0x14014dee0
            MaterialX_v1_39_6::ShaderStage::addInclude	2.305272	2.241126	4.130502		0.0	0.0	0.0	0.0	CpuHotPaths.exe	MaterialX_v1_39_6::ShaderStage::addInclude(class MaterialX_v1_39_6::FilePath const &,class MaterialX_v1_39_6::FilePath const &,class MaterialX_v1_39_6::GenContext &)	ShaderStage.cpp	0x14013a9d0
             MaterialX_v1_39_6::readFile	1.648547	1.561322	4.130502		0.0	0.0	0.0	0.0	CpuHotPaths.exe	MaterialX_v1_39_6::readFile(class MaterialX_v1_39_6::FilePath const &)	Util.cpp	0x1400d5600
              std::basic_ifstream<char,std::char_traits<char> >::{ctor}	1.287663	1.187755	4.130502		0.254614	0.226886	0.027729	0.0	CpuHotPaths.exe	std::basic_ifstream<char,std::char_traits<char> >::{ctor}	fstream	0x1400d564f
              std::basic_ostream<char,struct std::char_traits<char> >::operator<<	0.288189	0.298317	0.0		0.056985	0.056985	0.0	0.0	MSVCP140.dll	std::basic_ostream<char,struct std::char_traits<char> >::operator<<(class std::basic_streambuf<char,struct std::char_traits<char> > * __ptr64)	[Unknown]	0x180050140
              std::basic_ios<char,struct std::char_traits<char> >::~basic_ios<char,struct std::char_traits<char> >	0.072695	0.075250	0.0		0.014374	0.014374	0.0	0.0	MSVCP140.dll	std::basic_ios<char,struct std::char_traits<char> >::~basic_ios<char,struct std::char_traits<char> >(void)	[Unknown]	0x180007030
             MaterialX_v1_39_6::GenContext::resolveSourceFile	0.583478	0.603984	0.0		0.0	0.0	0.0	0.0	CpuHotPaths.exe	MaterialX_v1_39_6::GenContext::resolveSourceFile(class MaterialX_v1_39_6::FilePath const &,class MaterialX_v1_39_6::FilePath const &)	GenContext.h	0x14013c810
              MaterialX_v1_39_6::FileSearchPath::find	0.583478	0.603984	0.0		0.0	0.0	0.0	0.0	CpuHotPaths.exe	MaterialX_v1_39_6::FileSearchPath::find	File.h	0x14013ca14
               MaterialX_v1_39_6::FilePath::exists	0.583478	0.603984	0.0		0.0	0.0	0.0	0.0	CpuHotPaths.exe	MaterialX_v1_39_6::FilePath::exists(void)	File.cpp	0x1400ccb30
                GetFileAttributesA	0.583478	0.603984	0.0		0.115373	0.115373	0.0	0.0	KERNELBASE.dll	GetFileAttributesA	[Unknown]	0x18006d270
             std::_Tree<class std::_Tset_traits<class std::basic_string<char,struct std::char_traits<char>,class std::allocator<char> >,struct std::less<class std::basic_string<char,struct std::char_traits<char>,class std::allocator<char> > >,class std::allocator<class std::basic_string<char,struct std::char_traits<char>,class std::allocator<char> > >,0> >::insert<0,0>	0.073246	0.075820	0.0		0.014483	0.014483	0.0	0.0	CpuHotPaths.exe	std::_Tree<class std::_Tset_traits<class std::basic_string<char,struct std::char_traits<char>,class std::allocator<char> >,struct std::less<class std::basic_string<char,struct std::char_traits<char>,class std::allocator<char> > >,class std::allocator<class std::basic_string<char,struct std::char_traits<char>,class std::allocator<char> > >,0> >::insert<0,0>(class std::basic_string<char,struct std::char_traits<char>,class std::allocator<char> > &&)	xtree	0x140137ba0
            MaterialX_v1_39_6::GenContext::resolveSourceFile	0.214432	0.221968	0.0		0.0	0.0	0.0	0.0	CpuHotPaths.exe	MaterialX_v1_39_6::GenContext::resolveSourceFile(class MaterialX_v1_39_6::FilePath const &,class MaterialX_v1_39_6::FilePath const &)	GenContext.h	0x14013c810
             MaterialX_v1_39_6::FileSearchPath::find	0.143287	0.148322	0.0		0.0	0.0	0.0	0.0	CpuHotPaths.exe	MaterialX_v1_39_6::FileSearchPath::find	File.h	0x14013ca14
              MaterialX_v1_39_6::FilePath::exists	0.143287	0.148322	0.0		0.0	0.0	0.0	0.0	CpuHotPaths.exe	MaterialX_v1_39_6::FilePath::exists(void)	File.cpp	0x1400ccb30
               GetFileAttributesA	0.143287	0.148322	0.0		0.028333	0.028333	0.0	0.0	KERNELBASE.dll	GetFileAttributesA	[Unknown]	0x18006d270
             MaterialX_v1_39_6::FilePath::getNormalized	0.071145	0.073645	0.0		0.0	0.0	0.0	0.0	CpuHotPaths.exe	MaterialX_v1_39_6::FilePath::getNormalized(void)	File.cpp	0x1400cd870
              std::vector<std::basic_string<char,std::char_traits<char>,std::allocator<char> >,std::allocator<std::basic_string<char,std::char_traits<char>,std::allocator<char> > > >::push_back	0.071145	0.073645	0.0		0.014068	0.014068	0.0	0.0	CpuHotPaths.exe	std::vector<std::basic_string<char,std::char_traits<char>,std::allocator<char> >,std::allocator<std::basic_string<char,std::char_traits<char>,std::allocator<char> > > >::push_back	vector	0x1400cda79
            MaterialX_v1_39_6::FilePath::{ctor}	0.071585	0.074101	0.0		0.0	0.0	0.0	0.0	CpuHotPaths.exe	MaterialX_v1_39_6::FilePath::{ctor}	File.h	0x14014df83
             std::vector<std::basic_string<char,std::char_traits<char>,std::allocator<char> >,std::allocator<std::basic_string<char,std::char_traits<char>,std::allocator<char> > > >::{ctor}	0.071585	0.074101	0.0		0.014155	0.014155	0.0	0.0	CpuHotPaths.exe	std::vector<std::basic_string<char,std::char_traits<char>,std::allocator<char> >,std::allocator<std::basic_string<char,std::char_traits<char>,std::allocator<char> > > >::{ctor}	vector	0x14014df83
           MaterialX_v1_39_6::ShaderGenerator::emitFunctionCall	0.144696	0.149781	0.0		0.0	0.0	0.0	0.0	CpuHotPaths.exe	MaterialX_v1_39_6::ShaderGenerator::emitFunctionCall(class MaterialX_v1_39_6::ShaderNode const &,class MaterialX_v1_39_6::GenContext &,class MaterialX_v1_39_6::ShaderStage &)	ShaderGenerator.cpp	0x14014d810
            MaterialX_v1_39_6::ShaderStage::addFunctionCall	0.144696	0.149781	0.0		0.0	0.0	0.0	0.0	CpuHotPaths.exe	MaterialX_v1_39_6::ShaderStage::addFunctionCall(class MaterialX_v1_39_6::ShaderNode const &,class MaterialX_v1_39_6::GenContext &,bool)	ShaderStage.cpp	0x14013a6c0
             MaterialX_v1_39_6::HwTangentNode::emitFunctionCall	0.073611	0.076198	0.0		0.0	0.0	0.0	0.0	CpuHotPaths.exe	MaterialX_v1_39_6::HwTangentNode::emitFunctionCall(class MaterialX_v1_39_6::ShaderNode const &,class MaterialX_v1_39_6::GenContext &,class MaterialX_v1_39_6::ShaderStage &)	HwTangentNode.cpp	0x14011ac60
              std::operator+	0.073611	0.076198	0.0		0.014555	0.014555	0.0	0.0	CpuHotPaths.exe	std::operator+	xstring	0x14011ae22
             MaterialX_v1_39_6::CompoundNode::emitFunctionCall	0.071085	0.073583	0.0		0.0	0.0	0.0	0.0	CpuHotPaths.exe	MaterialX_v1_39_6::CompoundNode::emitFunctionCall(class MaterialX_v1_39_6::ShaderNode const &,class MaterialX_v1_39_6::GenContext &,class MaterialX_v1_39_6::ShaderStage &)	CompoundNode.cpp	0x140167450
              MaterialX_v1_39_6::ShaderGenerator::emitFunctionCalls	0.071085	0.073583	0.0		0.0	0.0	0.0	0.0	CpuHotPaths.exe	MaterialX_v1_39_6::ShaderGenerator::emitFunctionCalls(class MaterialX_v1_39_6::ShaderGraph const &,class MaterialX_v1_39_6::GenContext &,class MaterialX_v1_39_6::ShaderStage &,unsigned int)	ShaderGenerator.cpp	0x14014d880
               MaterialX_v1_39_6::ShaderGenerator::emitFunctionCall	0.071085	0.073583	0.0		0.0	0.0	0.0	0.0	CpuHotPaths.exe	MaterialX_v1_39_6::ShaderGenerator::emitFunctionCall(class MaterialX_v1_39_6::ShaderNode const &,class MaterialX_v1_39_6::GenContext &,class MaterialX_v1_39_6::ShaderStage &)	ShaderGenerator.cpp	0x14014d810
                MaterialX_v1_39_6::ShaderStage::addFunctionCall	0.071085	0.073583	0.0		0.014056	0.014056	0.0	0.0	CpuHotPaths.exe	MaterialX_v1_39_6::ShaderStage::addFunctionCall(class MaterialX_v1_39_6::ShaderNode const &,class MaterialX_v1_39_6::GenContext &,bool)	ShaderStage.cpp	0x14013a6c0
          MaterialX_v1_39_6::ShaderGenerator::replaceTokens	0.504092	0.446633	2.139061		0.0	0.0	0.0	0.0	CpuHotPaths.exe	MaterialX_v1_39_6::ShaderGenerator::replaceTokens(class std::unordered_map<class std::basic_string<char,struct std::char_traits<char>,class std::allocator<char> >,class std::basic_string<char,struct std::char_traits<char>,class std::allocator<char> >,struct std::hash<class std::basic_string<char,struct std::char_traits<char>,class std::allocator<char> > >,struct std::equal_to<class std::basic_string<char,struct std::char_traits<char>,class std::allocator<char> > >,class std::allocator<struct std::pair<class std::basic_string<char,struct std::char_traits<char>,class std::allocator<char> > const ,class std::basic_string<char,struct std::char_traits<char>,class std::allocator<char> > > > > const &,class MaterialX_v1_39_6::ShaderStage &)	ShaderGenerator.cpp	0x140152f30
           MaterialX_v1_39_6::tokenSubstitution	0.434539	0.374636	2.139061		0.0	0.0	0.0	0.0	CpuHotPaths.exe	MaterialX_v1_39_6::tokenSubstitution(class std::unordered_map<class std::basic_string<char,struct std::char_traits<char>,class std::allocator<char> >,class std::basic_string<char,struct std::char_traits<char>,class std::allocator<char> >,struct std::hash<class std::basic_string<char,struct std::char_traits<char>,class std::allocator<char> > >,struct std::equal_to<class std::basic_string<char,struct std::char_traits<char>,class std::allocator<char> > >,class std::allocator<struct std::pair<class std::basic_string<char,struct std::char_traits<char>,class std::allocator<char> > const ,class std::basic_string<char,struct std::char_traits<char>,class std::allocator<char> > > > > const &,class std::basic_string<char,struct std::char_traits<char>,class std::allocator<char> > &)	Util.cpp	0x140175170
            std::basic_string<char,std::char_traits<char>,std::allocator<char> >::substr	0.145270	0.075200	2.139061		0.0	0.0	0.0	0.0	CpuHotPaths.exe	std::basic_string<char,std::char_traits<char>,std::allocator<char> >::substr	xstring	0x14017523a
             operator new	0.145270	0.075200	2.139061		0.0	0.0	0.0	0.0	CpuHotPaths.exe	operator new(unsigned __int64)	new_scalar.cpp	0x140234a68
              malloc_base	0.145270	0.075200	2.139061		0.028725	0.014365	0.014360	0.0	ucrtbase.dll	malloc_base	[Unknown]	0x1800050a0
            std::basic_string<char,std::char_traits<char>,std::allocator<char> >::operator+=	0.141957	0.146946	0.0		0.028070	0.028070	0.0	0.0	CpuHotPaths.exe	std::basic_string<char,std::char_traits<char>,std::allocator<char> >::operator+=	xstring	0x140175272
            std::basic_string<char,std::char_traits<char>,std::allocator<char> >::operator=	0.075505	0.078159	0.0		0.014930	0.014930	0.0	0.0	CpuHotPaths.exe	std::basic_string<char,std::char_traits<char>,std::allocator<char> >::operator=	xstring	0x140175641
            std::_Hash<std::_Umap_traits<std::basic_string<char,std::char_traits<char>,std::allocator<char> >,std::basic_string<char,std::char_traits<char>,std::allocator<char> >,std::_Uhash_compare<std::basic_string<char,std::char_traits<char>,std::allocator<char> >,std::hash<std::basic_string<char,std::char_traits<char>,std::allocator<char> > >,std::equal_to<std::basic_string<char,std::char_traits<char>,std::allocator<char> > > >,std::allocator<std::pair<std::basic_string<char,std::char_traits<char>,std::allocator<char> > const ,std::basic_string<char,std::char_traits<char>,std::allocator<char> > > >,0> >::find	0.071808	0.074331	0.0		0.014199	0.014199	0.0	0.0	CpuHotPaths.exe	std::_Hash<std::_Umap_traits<std::basic_string<char,std::char_traits<char>,std::allocator<char> >,std::basic_string<char,std::char_traits<char>,std::allocator<char> >,std::_Uhash_compare<std::basic_string<char,std::char_traits<char>,std::allocator<char> >,std::hash<std::basic_string<char,std::char_traits<char>,std::allocator<char> > >,std::equal_to<std::basic_string<char,std::char_traits<char>,std::allocator<char> > > >,std::allocator<std::pair<std::basic_string<char,std::char_traits<char>,std::allocator<char> > const ,std::basic_string<char,std::char_traits<char>,std::allocator<char> > > >,0> >::find	xhash	0x1401753c6
           MaterialX_v1_39_6::`anonymous namespace'::replace	0.069553	0.071997	0.0		0.0	0.0	0.0	0.0	CpuHotPaths.exe	MaterialX_v1_39_6::`anonymous namespace'::replace(const class std::unordered_map<std::basic_string<char,std::char_traits<char>,std::allocator<char> >,std::basic_string<char,std::char_traits<char>,std::allocator<char> >,std::hash<std::basic_string<char,std::char_traits<char>,std::allocator<char> > >,std::equal_to<std::basic_string<char,std::char_traits<char>,std::allocator<char> > >,std::allocator<std::pair<std::basic_string<char,std::char_traits<char>,std::allocator<char> > const ,std::basic_string<char,std::char_traits<char>,std::allocator<char> > > > > & const, class MaterialX_v1_39_6::ShaderPort *)	ShaderGenerator.cpp	0x140152d60
            MaterialX_v1_39_6::tokenSubstitution	0.069553	0.071997	0.0		0.0	0.0	0.0	0.0	CpuHotPaths.exe	MaterialX_v1_39_6::tokenSubstitution(class std::unordered_map<class std::basic_string<char,struct std::char_traits<char>,class std::allocator<char> >,class std::basic_string<char,struct std::char_traits<char>,class std::allocator<char> >,struct std::hash<class std::basic_string<char,struct std::char_traits<char>,class std::allocator<char> > >,struct std::equal_to<class std::basic_string<char,struct std::char_traits<char>,class std::allocator<char> > >,class std::allocator<struct std::pair<class std::basic_string<char,struct std::char_traits<char>,class std::allocator<char> > const ,class std::basic_string<char,struct std::char_traits<char>,class std::allocator<char> > > > > const &,class std::basic_string<char,struct std::char_traits<char>,class std::allocator<char> > &)	Util.cpp	0x140175170
             std::basic_string<char,std::char_traits<char>,std::allocator<char> >::find_first_of	0.069553	0.071997	0.0		0.0	0.0	0.0	0.0	CpuHotPaths.exe	std::basic_string<char,std::char_traits<char>,std::allocator<char> >::find_first_of	xstring	0x1401751e0
              [Import thunk memchr]	0.069553	0.071997	0.0		0.013753	0.013753	0.0	0.0	CpuHotPaths.exe	[Import thunk memchr]	[Unknown]	0x1402365fe
         MaterialX_v1_39_6::ShaderGenerator::registerTypeDefs	1.941844	2.010088	0.0		0.0	0.0	0.0	0.0	CpuHotPaths.exe	MaterialX_v1_39_6::ShaderGenerator::registerTypeDefs(class std::shared_ptr<class MaterialX_v1_39_6::Document> const &)	ShaderGenerator.cpp	0x140151600
          MaterialX_v1_39_6::Document::getTypeDefs	1.941844	2.010088	0.0		0.0	0.0	0.0	0.0	CpuHotPaths.exe	MaterialX_v1_39_6::Document::getTypeDefs	Document.h	0x14015163d
           MaterialX_v1_39_6::Element::getChildrenOfType<class MaterialX_v1_39_6::TypeDef>	1.941844	2.010088	0.0		0.0	0.0	0.0	0.0	CpuHotPaths.exe	MaterialX_v1_39_6::Element::getChildrenOfType<class MaterialX_v1_39_6::TypeDef>(class std::basic_string<char,struct std::char_traits<char>,class std::allocator<char> > const &)	Element.cpp	0x1401ae900
            MaterialX_v1_39_6::Element::getChildrenOfType<class MaterialX_v1_39_6::TypeDef>	1.941844	2.010088	0.0		0.0	0.0	0.0	0.0	CpuHotPaths.exe	MaterialX_v1_39_6::Element::getChildrenOfType<class MaterialX_v1_39_6::TypeDef>(class std::basic_string<char,struct std::char_traits<char>,class std::allocator<char> > const &)	Element.cpp	0x1401ae900
             std::shared_ptr<MaterialX_v1_39_6::Element>::{ctor}	1.012397	1.047977	0.0		0.200185	0.200185	0.0	0.0	CpuHotPaths.exe	std::shared_ptr<MaterialX_v1_39_6::Element>::{ctor}	memory	0x1401aeb15
             MaterialX_v1_39_6::Element::asA<class MaterialX_v1_39_6::TypeDef>	0.857652	0.887793	0.0		0.0	0.0	0.0	0.0	CpuHotPaths.exe	MaterialX_v1_39_6::Element::asA<class MaterialX_v1_39_6::TypeDef>(void)	Element.cpp	0x1401943b0
              MaterialX_v1_39_6::Element::getSelf	0.501869	0.519506	0.0		0.0	0.0	0.0	0.0	CpuHotPaths.exe	MaterialX_v1_39_6::Element::getSelf	Element.h	0x1401943c7
               std::enable_shared_from_this<MaterialX_v1_39_6::Element>::shared_from_this	0.501869	0.519506	0.0		0.099236	0.099236	0.0	0.0	CpuHotPaths.exe	std::enable_shared_from_this<MaterialX_v1_39_6::Element>::shared_from_this	memory	0x1401943c7
              std::dynamic_pointer_cast	0.284240	0.294229	0.0		0.042593	0.042593	0.0	0.0	CpuHotPaths.exe	std::dynamic_pointer_cast	memory	0x1401943f8
               [Import thunk _RTDynamicCast]	0.068832	0.071251	0.0		0.013610	0.013610	0.0	0.0	CpuHotPaths.exe	[Import thunk _RTDynamicCast]	[Unknown]	0x1402365e6
              std::shared_ptr<MaterialX_v1_39_6::Element>::{dtor}	0.071543	0.074057	0.0		0.014146	0.014146	0.0	0.0	CpuHotPaths.exe	std::shared_ptr<MaterialX_v1_39_6::Element>::{dtor}	memory	0x140194439
             std::shared_ptr<MaterialX_v1_39_6::Element>::{dtor}	0.071795	0.074319	0.0		0.014196	0.014196	0.0	0.0	CpuHotPaths.exe	std::shared_ptr<MaterialX_v1_39_6::Element>::{dtor}	memory	0x1401aeb82
         MaterialX_v1_39_6::GenContext::GenContext	0.506968	0.524785	0.0		0.013848	0.013848	0.0	0.0	CpuHotPaths.exe	MaterialX_v1_39_6::GenContext::GenContext(class std::shared_ptr<class MaterialX_v1_39_6::ShaderGenerator>)	GenContext.cpp	0x1401318b0
          MaterialX_v1_39_6::GenContext::addReservedWords	0.147774	0.152967	0.0		0.0	0.0	0.0	0.0	CpuHotPaths.exe	MaterialX_v1_39_6::GenContext::addReservedWords	GenContext.h	0x140131e66
           std::_Tree<std::_Tset_traits<std::basic_string<char,std::char_traits<char>,std::allocator<char> >,std::less<std::basic_string<char,std::char_traits<char>,std::allocator<char> > >,std::allocator<std::basic_string<char,std::char_traits<char>,std::allocator<char> > >,0> >::insert	0.147774	0.152967	0.0		0.014329	0.014329	0.0	0.0	CpuHotPaths.exe	std::_Tree<std::_Tset_traits<std::basic_string<char,std::char_traits<char>,std::allocator<char> >,std::less<std::basic_string<char,std::char_traits<char>,std::allocator<char> > >,std::allocator<std::basic_string<char,std::char_traits<char>,std::allocator<char> > >,0> >::insert	xtree	0x140131e6a
            operator new	0.075307	0.077953	0.0		0.0	0.0	0.0	0.0	CpuHotPaths.exe	operator new(unsigned __int64)	new_scalar.cpp	0x140234a68
             malloc_base	0.075307	0.077953	0.0		0.014891	0.014891	0.0	0.0	ucrtbase.dll	malloc_base	[Unknown]	0x1800050a0
          std::set<std::basic_string<char,std::char_traits<char>,std::allocator<char> >,std::less<std::basic_string<char,std::char_traits<char>,std::allocator<char> > >,std::allocator<std::basic_string<char,std::char_traits<char>,std::allocator<char> > > >::operator=	0.145168	0.150270	0.0		0.0	0.0	0.0	0.0	CpuHotPaths.exe	std::set<std::basic_string<char,std::char_traits<char>,std::allocator<char> >,std::less<std::basic_string<char,std::char_traits<char>,std::allocator<char> > >,std::allocator<std::basic_string<char,std::char_traits<char>,std::allocator<char> > > >::operator=	set	0x140131bf0
           operator new	0.145168	0.150270	0.0		0.0	0.0	0.0	0.0	CpuHotPaths.exe	operator new(unsigned __int64)	new_scalar.cpp	0x140234a68
            malloc_base	0.145168	0.150270	0.0		0.028705	0.028705	0.0	0.0	ucrtbase.dll	malloc_base	[Unknown]	0x1800050a0
          std::_Tree<std::_Tset_traits<std::basic_string<char,std::char_traits<char>,std::allocator<char> >,std::less<std::basic_string<char,std::char_traits<char>,std::allocator<char> > >,std::allocator<std::basic_string<char,std::char_traits<char>,std::allocator<char> > >,0> >::{dtor}	0.072361	0.074904	0.0		0.014308	0.014308	0.0	0.0	CpuHotPaths.exe	std::_Tree<std::_Tset_traits<std::basic_string<char,std::char_traits<char>,std::allocator<char> >,std::less<std::basic_string<char,std::char_traits<char>,std::allocator<char> > >,std::allocator<std::basic_string<char,std::char_traits<char>,std::allocator<char> > >,0> >::{dtor}	xtree	0x140131fb4
          std::_Tree<std::_Tset_traits<std::basic_string<char,std::char_traits<char>,std::allocator<char> >,std::less<std::basic_string<char,std::char_traits<char>,std::allocator<char> > >,std::allocator<std::basic_string<char,std::char_traits<char>,std::allocator<char> > >,0> >::insert	0.071632	0.074149	0.0		0.014164	0.014164	0.0	0.0	CpuHotPaths.exe	std::_Tree<std::_Tset_traits<std::basic_string<char,std::char_traits<char>,std::allocator<char> >,std::less<std::basic_string<char,std::char_traits<char>,std::allocator<char> > >,std::allocator<std::basic_string<char,std::char_traits<char>,std::allocator<char> > >,0> >::insert	xtree	0x140131d03
         MaterialX_v1_39_6::createDocument	0.071176	0.073677	0.0		0.0	0.0	0.0	0.0	CpuHotPaths.exe	MaterialX_v1_39_6::createDocument(void)	Document.cpp	0x1401f0120
          MaterialX_v1_39_6::Document::createDocument<class MaterialX_v1_39_6::Document>	0.071176	0.073677	0.0		0.0	0.0	0.0	0.0	CpuHotPaths.exe	MaterialX_v1_39_6::Document::createDocument<class MaterialX_v1_39_6::Document>(void)	Document.h	0x1401ec0e0
           std::make_shared<MaterialX_v1_39_6::Document,std::shared_ptr<MaterialX_v1_39_6::Element>,std::basic_string<char,std::char_traits<char>,std::allocator<char> > const &>	0.071176	0.073677	0.0		0.0	0.0	0.0	0.0	CpuHotPaths.exe	std::make_shared<MaterialX_v1_39_6::Document,std::shared_ptr<MaterialX_v1_39_6::Element>,std::basic_string<char,std::char_traits<char>,std::allocator<char> > const &>(class std::shared_ptr<MaterialX_v1_39_6::Element> *, const class std::basic_string<char,std::char_traits<char>,std::allocator<char> > & const)	memory	0x1401ec3c0
            MaterialX_v1_39_6::Document::{ctor}	0.071176	0.073677	0.0		0.0	0.0	0.0	0.0	CpuHotPaths.exe	MaterialX_v1_39_6::Document::{ctor}	Document.cpp	0x1401ec455
             std::make_unique	0.071176	0.073677	0.0		0.0	0.0	0.0	0.0	CpuHotPaths.exe	std::make_unique	memory	0x1401ec4ab
              MaterialX_v1_39_6::Document::Cache::Cache	0.071176	0.073677	0.0		0.0	0.0	0.0	0.0	CpuHotPaths.exe	MaterialX_v1_39_6::Document::Cache::Cache(void)	Document.cpp	0x1401ec8e0
               std::unordered_map<std::basic_string<char,std::char_traits<char>,std::allocator<char> >,std::vector<std::shared_ptr<MaterialX_v1_39_6::NodeDef>,std::allocator<std::shared_ptr<MaterialX_v1_39_6::NodeDef> > >,std::hash<std::basic_string<char,std::char_traits<char>,std::allocator<char> > >,std::equal_to<std::basic_string<char,std::char_traits<char>,std::allocator<char> > >,std::allocator<std::pair<std::basic_string<char,std::char_traits<char>,std::allocator<char> > const ,std::vector<std::shared_ptr<MaterialX_v1_39_6::NodeDef>,std::allocator<std::shared_ptr<MaterialX_v1_39_6::NodeDef> > > > > >::{ctor}	0.071176	0.073677	0.0		0.014074	0.014074	0.0	0.0	CpuHotPaths.exe	std::unordered_map<std::basic_string<char,std::char_traits<char>,std::allocator<char> >,std::vector<std::shared_ptr<MaterialX_v1_39_6::NodeDef>,std::allocator<std::shared_ptr<MaterialX_v1_39_6::NodeDef> > >,std::hash<std::basic_string<char,std::char_traits<char>,std::allocator<char> > >,std::equal_to<std::basic_string<char,std::char_traits<char>,std::allocator<char> > >,std::allocator<std::pair<std::basic_string<char,std::char_traits<char>,std::allocator<char> > const ,std::vector<std::shared_ptr<MaterialX_v1_39_6::NodeDef>,std::allocator<std::shared_ptr<MaterialX_v1_39_6::NodeDef> > > > > >::{ctor}	unordered_map	0x1401ec969
         MaterialX_v1_39_6::GenContext::~GenContext	0.070507	0.072985	0.0		0.0	0.0	0.0	0.0	CpuHotPaths.exe	MaterialX_v1_39_6::GenContext::~GenContext(void)	[Unknown]	0x1400ad7b0
          std::list<std::pair<MaterialX_v1_39_6::ShaderOutput const * const,std::basic_string<char,std::char_traits<char>,std::allocator<char> > >,std::allocator<std::pair<MaterialX_v1_39_6::ShaderOutput const * const,std::basic_string<char,std::char_traits<char>,std::allocator<char> > > > >::{dtor}	0.070507	0.072985	0.0		0.013942	0.013942	0.0	0.0	CpuHotPaths.exe	std::list<std::pair<MaterialX_v1_39_6::ShaderOutput const * const,std::basic_string<char,std::char_traits<char>,std::allocator<char> > >,std::allocator<std::pair<MaterialX_v1_39_6::ShaderOutput const * const,std::basic_string<char,std::char_traits<char>,std::allocator<char> > > > >::{dtor}	list	0x1400ad8a5
        std::shared_ptr<MaterialX_v1_39_6::Shader>::{dtor}	1.150955	1.191405	0.0		0.0	0.0	0.0	0.0	CpuHotPaths.exe	std::shared_ptr<MaterialX_v1_39_6::Shader>::{dtor}	memory	0x1400a9852
         MaterialX_v1_39_6::Shader::`scalar deleting destructor'	1.150955	1.191405	0.0		0.0	0.0	0.0	0.0	CpuHotPaths.exe	MaterialX_v1_39_6::Shader::`scalar deleting destructor'(unsigned int)	[Unknown]	0x140135c40
          MaterialX_v1_39_6::Shader::{dtor}	1.150955	1.191405	0.0		0.0	0.0	0.0	0.0	CpuHotPaths.exe	MaterialX_v1_39_6::Shader::{dtor}	Shader.h	0x140135c50
           std::shared_ptr<MaterialX_v1_39_6::ShaderGraph>::{dtor}	1.150955	1.191405	0.0		0.0	0.0	0.0	0.0	CpuHotPaths.exe	std::shared_ptr<MaterialX_v1_39_6::ShaderGraph>::{dtor}	memory	0x140135ccf
            MaterialX_v1_39_6::ShaderGraph::`scalar deleting destructor'	1.150955	1.191405	0.0		0.0	0.0	0.0	0.0	CpuHotPaths.exe	MaterialX_v1_39_6::ShaderGraph::`scalar deleting destructor'(unsigned int)	[Unknown]	0x140158c70
             std::list<struct std::pair<class std::basic_string<char,struct std::char_traits<char>,class std::allocator<char> > const ,class std::shared_ptr<class MaterialX_v1_39_6::ShaderNode> >,class std::allocator<struct std::pair<class std::basic_string<char,struct std::char_traits<char>,class std::allocator<char> > const ,class std::shared_ptr<class MaterialX_v1_39_6::ShaderNode> > > >::~list<struct std::pair<class std::basic_string<char,struct std::char_traits<char>,class std::allocator<char> > const ,class std::shared_ptr<class MaterialX_v1_39_6::ShaderNode> >,class std::allocator<struct std::pair<class std::basic_string<char,struct std::char_traits<char>,class std::allocator<char> > const ,class std::shared_ptr<class MaterialX_v1_39_6::ShaderNode> > > >	1.009177	1.044643	0.0		0.0	0.0	0.0	0.0	CpuHotPaths.exe	std::list<struct std::pair<class std::basic_string<char,struct std::char_traits<char>,class std::allocator<char> > const ,class std::shared_ptr<class MaterialX_v1_39_6::ShaderNode> >,class std::allocator<struct std::pair<class std::basic_string<char,struct std::char_traits<char>,class std::allocator<char> > const ,class std::shared_ptr<class MaterialX_v1_39_6::ShaderNode> > > >::~list<struct std::pair<class std::basic_string<char,struct std::char_traits<char>,class std::allocator<char> > const ,class std::shared_ptr<class MaterialX_v1_39_6::ShaderNode> >,class std::allocator<struct std::pair<class std::basic_string<char,struct std::char_traits<char>,class std::allocator<char> > const ,class std::shared_ptr<class MaterialX_v1_39_6::ShaderNode> > > >(void)	list	0x140157c40
              MaterialX_v1_39_6::ShaderNode::`scalar deleting destructor'	1.009177	1.044643	0.0		0.0	0.0	0.0	0.0	CpuHotPaths.exe	MaterialX_v1_39_6::ShaderNode::`scalar deleting destructor'(unsigned int)	[Unknown]	0x14013fc50
               MaterialX_v1_39_6::ShaderNode::~ShaderNode	1.009177	1.044643	0.0		0.0	0.0	0.0	0.0	CpuHotPaths.exe	MaterialX_v1_39_6::ShaderNode::~ShaderNode(void)	ShaderNode.h	0x14013f7b0
                std::shared_ptr<MaterialX_v1_39_6::ShaderNodeImpl>::{dtor}	0.938250	0.971224	0.0		0.013841	0.013841	0.0	0.0	CpuHotPaths.exe	std::shared_ptr<MaterialX_v1_39_6::ShaderNodeImpl>::{dtor}	memory	0x14013f806
                 MaterialX_v1_39_6::CompoundNode::`scalar deleting destructor'	0.868253	0.898767	0.0		0.0	0.0	0.0	0.0	CpuHotPaths.exe	MaterialX_v1_39_6::CompoundNode::`scalar deleting destructor'(unsigned int)	[Unknown]	0x1401298a0
                  MaterialX_v1_39_6::CompoundNode::~CompoundNode	0.868253	0.898767	0.0		0.0	0.0	0.0	0.0	CpuHotPaths.exe	MaterialX_v1_39_6::CompoundNode::~CompoundNode(void)	[Unknown]	0x140129780
                   std::shared_ptr<MaterialX_v1_39_6::ShaderGraph>::{dtor}	0.868253	0.898767	0.0		0.0	0.0	0.0	0.0	CpuHotPaths.exe	std::shared_ptr<MaterialX_v1_39_6::ShaderGraph>::{dtor}	memory	0x1401297d9
                    MaterialX_v1_39_6::ShaderGraph::`scalar deleting destructor'	0.868253	0.898767	0.0		0.0	0.0	0.0	0.0	CpuHotPaths.exe	MaterialX_v1_39_6::ShaderGraph::`scalar deleting destructor'(unsigned int)	[Unknown]	0x140158c70
                     std::list<struct std::pair<class std::basic_string<char,struct std::char_traits<char>,class std::allocator<char> > const ,class std::shared_ptr<class MaterialX_v1_39_6::ShaderNode> >,class std::allocator<struct std::pair<class std::basic_string<char,struct std::char_traits<char>,class std::allocator<char> > const ,class std::shared_ptr<class MaterialX_v1_39_6::ShaderNode> > > >::~list<struct std::pair<class std::basic_string<char,struct std::char_traits<char>,class std::allocator<char> > const ,class std::shared_ptr<class MaterialX_v1_39_6::ShaderNode> >,class std::allocator<struct std::pair<class std::basic_string<char,struct std::char_traits<char>,class std::allocator<char> > const ,class std::shared_ptr<class MaterialX_v1_39_6::ShaderNode> > > >	0.652910	0.675855	0.0		0.0	0.0	0.0	0.0	CpuHotPaths.exe	std::list<struct std::pair<class std::basic_string<char,struct std::char_traits<char>,class std::allocator<char> > const ,class std::shared_ptr<class MaterialX_v1_39_6::ShaderNode> >,class std::allocator<struct std::pair<class std::basic_string<char,struct std::char_traits<char>,class std::allocator<char> > const ,class std::shared_ptr<class MaterialX_v1_39_6::ShaderNode> > > >::~list<struct std::pair<class std::basic_string<char,struct std::char_traits<char>,class std::allocator<char> > const ,class std::shared_ptr<class MaterialX_v1_39_6::ShaderNode> >,class std::allocator<struct std::pair<class std::basic_string<char,struct std::char_traits<char>,class std::allocator<char> > const ,class std::shared_ptr<class MaterialX_v1_39_6::ShaderNode> > > >(void)	list	0x140157c40
                      MaterialX_v1_39_6::ShaderNode::`scalar deleting destructor'	0.652910	0.675855	0.0		0.0	0.0	0.0	0.0	CpuHotPaths.exe	MaterialX_v1_39_6::ShaderNode::`scalar deleting destructor'(unsigned int)	[Unknown]	0x14013fc50
                       MaterialX_v1_39_6::ShaderNode::~ShaderNode	0.652910	0.675855	0.0		0.0	0.0	0.0	0.0	CpuHotPaths.exe	MaterialX_v1_39_6::ShaderNode::~ShaderNode(void)	ShaderNode.h	0x14013f7b0
                        std::list<struct std::pair<class std::basic_string<char,struct std::char_traits<char>,class std::allocator<char> > const ,class std::shared_ptr<class MaterialX_v1_39_6::ShaderInput> >,class std::allocator<struct std::pair<class std::basic_string<char,struct std::char_traits<char>,class std::allocator<char> > const ,class std::shared_ptr<class MaterialX_v1_39_6::ShaderInput> > > >::~list<struct std::pair<class std::basic_string<char,struct std::char_traits<char>,class std::allocator<char> > const ,class std::shared_ptr<class MaterialX_v1_39_6::ShaderInput> >,class std::allocator<struct std::pair<class std::basic_string<char,struct std::char_traits<char>,class std::allocator<char> > const ,class std::shared_ptr<class MaterialX_v1_39_6::ShaderInput> > > >	0.361381	0.374081	0.0		0.013834	0.013834	0.0	0.0	CpuHotPaths.exe	std::list<struct std::pair<class std::basic_string<char,struct std::char_traits<char>,class std::allocator<char> > const ,class std::shared_ptr<class MaterialX_v1_39_6::ShaderInput> >,class std::allocator<struct std::pair<class std::basic_string<char,struct std::char_traits<char>,class std::allocator<char> > const ,class std::shared_ptr<class MaterialX_v1_39_6::ShaderInput> > > >::~list<struct std::pair<class std::basic_string<char,struct std::char_traits<char>,class std::allocator<char> > const ,class std::shared_ptr<class MaterialX_v1_39_6::ShaderInput> >,class std::allocator<struct std::pair<class std::basic_string<char,struct std::char_traits<char>,class std::allocator<char> > const ,class std::shared_ptr<class MaterialX_v1_39_6::ShaderInput> > > >(void)	list	0x14013f0f0
                         MaterialX_v1_39_6::ShaderPort::~ShaderPort	0.291417	0.301659	0.0		0.0	0.0	0.0	0.0	CpuHotPaths.exe	MaterialX_v1_39_6::ShaderPort::~ShaderPort(void)	[Unknown]	0x1401385b0
                          std::shared_ptr<MaterialX_v1_39_6::Value>::{dtor}	0.074557	0.077177	0.0		0.0	0.0	0.0	0.0	CpuHotPaths.exe	std::shared_ptr<MaterialX_v1_39_6::Value>::{dtor}	memory	0x140138711
                           MaterialX_v1_39_6::TypedValue<class MaterialX_v1_39_6::Vector3>::`scalar deleting destructor'	0.074557	0.077177	0.0		0.014742	0.014742	0.0	0.0	CpuHotPaths.exe	MaterialX_v1_39_6::TypedValue<class MaterialX_v1_39_6::Vector3>::`scalar deleting destructor'(unsigned int)	[Unknown]	0x140120e20
                          std::basic_string<char,std::char_traits<char>,std::allocator<char> >::{dtor}	0.072662	0.075216	0.0		0.014368	0.014368	0.0	0.0	CpuHotPaths.exe	std::basic_string<char,std::char_traits<char>,std::allocator<char> >::{dtor}	xstring	0x14013865d
                          std::basic_string<char,std::char_traits<char>,std::allocator<char> >::{dtor}	0.072397	0.074941	0.0		0.014315	0.014315	0.0	0.0	CpuHotPaths.exe	std::basic_string<char,std::char_traits<char>,std::allocator<char> >::{dtor}	xstring	0x140138746
                          std::basic_string<char,std::char_traits<char>,std::allocator<char> >::{dtor}	0.071801	0.074324	0.0		0.014197	0.014197	0.0	0.0	CpuHotPaths.exe	std::basic_string<char,std::char_traits<char>,std::allocator<char> >::{dtor}	xstring	0x1401387f1
                        std::_Hash<class std::_Umap_traits<class std::basic_string<char,struct std::char_traits<char>,class std::allocator<char> >,class std::shared_ptr<class MaterialX_v1_39_6::ShaderOutput>,class std::_Uhash_compare<class std::basic_string<char,struct std::char_traits<char>,class std::allocator<char> >,struct std::hash<class std::basic_string<char,struct std::char_traits<char>,class std::allocator<char> > >,struct std::equal_to<class std::basic_string<char,struct std::char_traits<char>,class std::allocator<char> > > >,class std::allocator<struct std::pair<class std::basic_string<char,struct std::char_traits<char>,class std::allocator<char> > const ,class std::shared_ptr<class MaterialX_v1_39_6::ShaderOutput> > >,0> >::~_Hash<class std::_Umap_traits<class std::basic_string<char,struct std::char_traits<char>,class std::allocator<char> >,class std::shared_ptr<class MaterialX_v1_39_6::ShaderOutput>,class std::_Uhash_compare<class std::basic_string<char,struct std::char_traits<char>,class std::allocator<char> >,struct std::hash<class std::basic_string<char,struct std::char_traits<char>,class std::allocator<char> > >,struct std::equal_to<class std::basic_string<char,struct std::char_traits<char>,class std::allocator<char> > > >,class std::allocator<struct std::pair<class std::basic_string<char,struct std::char_traits<char>,class std::allocator<char> > const ,class std::shared_ptr<class MaterialX_v1_39_6::ShaderOutput> > >,0> >	0.146653	0.151807	0.0		0.028998	0.028998	0.0	0.0	CpuHotPaths.exe	std::_Hash<class std::_Umap_traits<class std::basic_string<char,struct std::char_traits<char>,class std::allocator<char> >,class std::shared_ptr<class MaterialX_v1_39_6::ShaderOutput>,class std::_Uhash_compare<class std::basic_string<char,struct std::char_traits<char>,class std::allocator<char> >,struct std::hash<class std::basic_string<char,struct std::char_traits<char>,class std::allocator<char> > >,struct std::equal_to<class std::basic_string<char,struct std::char_traits<char>,class std::allocator<char> > > >,class std::allocator<struct std::pair<class std::basic_string<char,struct std::char_traits<char>,class std::allocator<char> > const ,class std::shared_ptr<class MaterialX_v1_39_6::ShaderOutput> > >,0> >::~_Hash<class std::_Umap_traits<class std::basic_string<char,struct std::char_traits<char>,class std::allocator<char> >,class std::shared_ptr<class MaterialX_v1_39_6::ShaderOutput>,class std::_Uhash_compare<class std::basic_string<char,struct std::char_traits<char>,class std::allocator<char> >,struct std::hash<class std::basic_string<char,struct std::char_traits<char>,class std::allocator<char> > >,struct std::equal_to<class std::basic_string<char,struct std::char_traits<char>,class std::allocator<char> > > >,class std::allocator<struct std::pair<class std::basic_string<char,struct std::char_traits<char>,class std::allocator<char> > const ,class std::shared_ptr<class MaterialX_v1_39_6::ShaderOutput> > >,0> >(void)	[Unknown]	0x14013ee60
                        std::shared_ptr<MaterialX_v1_39_6::ShaderNodeImpl>::{dtor}	0.144876	0.149967	0.0		0.0	0.0	0.0	0.0	CpuHotPaths.exe	std::shared_ptr<MaterialX_v1_39_6::ShaderNodeImpl>::{dtor}	memory	0x14013f806
                         MaterialX_v1_39_6::CompoundNode::`scalar deleting destructor'	0.072796	0.075354	0.0		0.0	0.0	0.0	0.0	CpuHotPaths.exe	MaterialX_v1_39_6::CompoundNode::`scalar deleting destructor'(unsigned int)	[Unknown]	0x1401298a0
                          MaterialX_v1_39_6::CompoundNode::~CompoundNode	0.072796	0.075354	0.0		0.0	0.0	0.0	0.0	CpuHotPaths.exe	MaterialX_v1_39_6::CompoundNode::~CompoundNode(void)	[Unknown]	0x140129780
                           std::shared_ptr<MaterialX_v1_39_6::ShaderGraph>::{dtor}	0.072796	0.075354	0.0		0.0	0.0	0.0	0.0	CpuHotPaths.exe	std::shared_ptr<MaterialX_v1_39_6::ShaderGraph>::{dtor}	memory	0x1401297d9
                            MaterialX_v1_39_6::ShaderGraph::`scalar deleting destructor'	0.072796	0.075354	0.0		0.0	0.0	0.0	0.0	CpuHotPaths.exe	MaterialX_v1_39_6::ShaderGraph::`scalar deleting destructor'(unsigned int)	[Unknown]	0x140158c70
                             std::_Hash<class std::_Umap_traits<class std::basic_string<char,struct std::char_traits<char>,class std::allocator<char> >,unsigned __int64,class std::_Uhash_compare<class std::basic_string<char,struct std::char_traits<char>,class std::allocator<char> >,struct std::hash<class std::basic_string<char,struct std::char_traits<char>,class std::allocator<char> > >,struct std::equal_to<class std::basic_string<char,struct std::char_traits<char>,class std::allocator<char> > > >,class std::allocator<struct std::pair<class std::basic_string<char,struct std::char_traits<char>,class std::allocator<char> > const ,unsigned __int64> >,0> >::~_Hash<class std::_Umap_traits<class std::basic_string<char,struct std::char_traits<char>,class std::allocator<char> >,unsigned __int64,class std::_Uhash_compare<class std::basic_string<char,struct std::char_traits<char>,class std::allocator<char> >,struct std::hash<class std::basic_string<char,struct std::char_traits<char>,class std::allocator<char> > >,struct std::equal_to<class std::basic_string<char,struct std::char_traits<char>,class std::allocator<char> > > >,class std::allocator<struct std::pair<class std::basic_string<char,struct std::char_traits<char>,class std::allocator<char> > const ,unsigned __int64> >,0> >	0.072796	0.075354	0.0		0.014394	0.014394	0.0	0.0	CpuHotPaths.exe	std::_Hash<class std::_Umap_traits<class std::basic_string<char,struct std::char_traits<char>,class std::allocator<char> >,unsigned __int64,class std::_Uhash_compare<class std::basic_string<char,struct std::char_traits<char>,class std::allocator<char> >,struct std::hash<class std::basic_string<char,struct std::char_traits<char>,class std::allocator<char> > >,struct std::equal_to<class std::basic_string<char,struct std::char_traits<char>,class std::allocator<char> > > >,class std::allocator<struct std::pair<class std::basic_string<char,struct std::char_traits<char>,class std::allocator<char> > const ,unsigned __int64> >,0> >::~_Hash<class std::_Umap_traits<class std::basic_string<char,struct std::char_traits<char>,class std::allocator<char> >,unsigned __int64,class std::_Uhash_compare<class std::basic_string<char,struct std::char_traits<char>,class std::allocator<char> >,struct std::hash<class std::basic_string<char,struct std::char_traits<char>,class std::allocator<char> > >,struct std::equal_to<class std::basic_string<char,struct std::char_traits<char>,class std::allocator<char> > > >,class std::allocator<struct std::pair<class std::basic_string<char,struct std::char_traits<char>,class std::allocator<char> > const ,unsigned __int64> >,0> >(void)	[Unknown]	0x14014bbf0
                         MaterialX_v1_39_6::SourceCodeNode::`scalar deleting destructor'	0.072080	0.074613	0.0		0.0	0.0	0.0	0.0	CpuHotPaths.exe	MaterialX_v1_39_6::SourceCodeNode::`scalar deleting destructor'(unsigned int)	[Unknown]	0x14010cba0
                          MaterialX_v1_39_6::SourceCodeNode::~SourceCodeNode	0.072080	0.074613	0.0		0.0	0.0	0.0	0.0	CpuHotPaths.exe	MaterialX_v1_39_6::SourceCodeNode::~SourceCodeNode(void)	[Unknown]	0x14010c950
                           MaterialX_v1_39_6::FilePath::{dtor}	0.072080	0.074613	0.0		0.0	0.0	0.0	0.0	CpuHotPaths.exe	MaterialX_v1_39_6::FilePath::{dtor}	File.h	0x14010c959
                            std::vector<std::basic_string<char,std::char_traits<char>,std::allocator<char> >,std::allocator<std::basic_string<char,std::char_traits<char>,std::allocator<char> > > >::{dtor}	0.072080	0.074613	0.0		0.014253	0.014253	0.0	0.0	CpuHotPaths.exe	std::vector<std::basic_string<char,std::char_traits<char>,std::allocator<char> >,std::allocator<std::basic_string<char,std::char_traits<char>,std::allocator<char> > > >::{dtor}	vector	0x14010c95d
                     std::_Hash<class std::_Umap_traits<class std::basic_string<char,struct std::char_traits<char>,class std::allocator<char> >,unsigned __int64,class std::_Uhash_compare<class std::basic_string<char,struct std::char_traits<char>,class std::allocator<char> >,struct std::hash<class std::basic_string<char,struct std::char_traits<char>,class std::allocator<char> > >,struct std::equal_to<class std::basic_string<char,struct std::char_traits<char>,class std::allocator<char> > > >,class std::allocator<struct std::pair<class std::basic_string<char,struct std::char_traits<char>,class std::allocator<char> > const ,unsigned __int64> >,0> >::~_Hash<class std::_Umap_traits<class std::basic_string<char,struct std::char_traits<char>,class std::allocator<char> >,unsigned __int64,class std::_Uhash_compare<class std::basic_string<char,struct std::char_traits<char>,class std::allocator<char> >,struct std::hash<class std::basic_string<char,struct std::char_traits<char>,class std::allocator<char> > >,struct std::equal_to<class std::basic_string<char,struct std::char_traits<char>,class std::allocator<char> > > >,class std::allocator<struct std::pair<class std::basic_string<char,struct std::char_traits<char>,class std::allocator<char> > const ,unsigned __int64> >,0> >	0.215344	0.222912	0.0		0.028453	0.028453	0.0	0.0	CpuHotPaths.exe	std::_Hash<class std::_Umap_traits<class std::basic_string<char,struct std::char_traits<char>,class std::allocator<char> >,unsigned __int64,class std::_Uhash_compare<class std::basic_string<char,struct std::char_traits<char>,class std::allocator<char> >,struct std::hash<class std::basic_string<char,struct std::char_traits<char>,class std::allocator<char> > >,struct std::equal_to<class std::basic_string<char,struct std::char_traits<char>,class std::allocator<char> > > >,class std::allocator<struct std::pair<class std::basic_string<char,struct std::char_traits<char>,class std::allocator<char> > const ,unsigned __int64> >,0> >::~_Hash<class std::_Umap_traits<class std::basic_string<char,struct std::char_traits<char>,class std::allocator<char> >,unsigned __int64,class std::_Uhash_compare<class std::basic_string<char,struct std::char_traits<char>,class std::allocator<char> >,struct std::hash<class std::basic_string<char,struct std::char_traits<char>,class std::allocator<char> > >,struct std::equal_to<class std::basic_string<char,struct std::char_traits<char>,class std::allocator<char> > > >,class std::allocator<struct std::pair<class std::basic_string<char,struct std::char_traits<char>,class std::allocator<char> > const ,unsigned __int64> >,0> >(void)	[Unknown]	0x14014bbf0
                      operator delete	0.071448	0.073959	0.0		0.014128	0.014128	0.0	0.0	CpuHotPaths.exe	operator delete(void *,unsigned __int64)	delete_scalar_size.cpp	0x140234ab4
                std::list<struct std::pair<class std::basic_string<char,struct std::char_traits<char>,class std::allocator<char> > const ,class std::shared_ptr<class MaterialX_v1_39_6::ShaderOutput> >,class std::allocator<struct std::pair<class std::basic_string<char,struct std::char_traits<char>,class std::allocator<char> > const ,class std::shared_ptr<class MaterialX_v1_39_6::ShaderOutput> > > >::~list<struct std::pair<class std::basic_string<char,struct std::char_traits<char>,class std::allocator<char> > const ,class std::shared_ptr<class MaterialX_v1_39_6::ShaderOutput> >,class std::allocator<struct std::pair<class std::basic_string<char,struct std::char_traits<char>,class std::allocator<char> > const ,class std::shared_ptr<class MaterialX_v1_39_6::ShaderOutput> > > >	0.070926	0.073419	0.0		0.0	0.0	0.0	0.0	CpuHotPaths.exe	std::list<struct std::pair<class std::basic_string<char,struct std::char_traits<char>,class std::allocator<char> > const ,class std::shared_ptr<class MaterialX_v1_39_6::ShaderOutput> >,class std::allocator<struct std::pair<class std::basic_string<char,struct std::char_traits<char>,class std::allocator<char> > const ,class std::shared_ptr<class MaterialX_v1_39_6::ShaderOutput> > > >::~list<struct std::pair<class std::basic_string<char,struct std::char_traits<char>,class std::allocator<char> > const ,class std::shared_ptr<class MaterialX_v1_39_6::ShaderOutput> >,class std::allocator<struct std::pair<class std::basic_string<char,struct std::char_traits<char>,class std::allocator<char> > const ,class std::shared_ptr<class MaterialX_v1_39_6::ShaderOutput> > > >(void)	list	0x14013f180
                 MaterialX_v1_39_6::ShaderPort::~ShaderPort	0.070926	0.073419	0.0		0.0	0.0	0.0	0.0	CpuHotPaths.exe	MaterialX_v1_39_6::ShaderPort::~ShaderPort(void)	[Unknown]	0x1401385b0
                  std::basic_string<char,std::char_traits<char>,std::allocator<char> >::{dtor}	0.070926	0.073419	0.0		0.014024	0.014024	0.0	0.0	CpuHotPaths.exe	std::basic_string<char,std::char_traits<char>,std::allocator<char> >::{dtor}	xstring	0x1401386b7
             MaterialX_v1_39_6::ShaderGraph::{dtor}	0.141779	0.146762	0.0		0.0	0.0	0.0	0.0	CpuHotPaths.exe	MaterialX_v1_39_6::ShaderGraph::{dtor}	ShaderGraph.h	0x140158c7a
              MaterialX_v1_39_6::ShaderNode::~ShaderNode	0.141779	0.146762	0.0		0.0	0.0	0.0	0.0	CpuHotPaths.exe	MaterialX_v1_39_6::ShaderNode::~ShaderNode(void)	ShaderNode.h	0x14013f7b0
               std::list<struct std::pair<class std::basic_string<char,struct std::char_traits<char>,class std::allocator<char> > const ,class std::shared_ptr<class MaterialX_v1_39_6::ShaderInput> >,class std::allocator<struct std::pair<class std::basic_string<char,struct std::char_traits<char>,class std::allocator<char> > const ,class std::shared_ptr<class MaterialX_v1_39_6::ShaderInput> > > >::~list<struct std::pair<class std::basic_string<char,struct std::char_traits<char>,class std::allocator<char> > const ,class std::shared_ptr<class MaterialX_v1_39_6::ShaderInput> >,class std::allocator<struct std::pair<class std::basic_string<char,struct std::char_traits<char>,class std::allocator<char> > const ,class std::shared_ptr<class MaterialX_v1_39_6::ShaderInput> > > >	0.072476	0.075023	0.0		0.0	0.0	0.0	0.0	CpuHotPaths.exe	std::list<struct std::pair<class std::basic_string<char,struct std::char_traits<char>,class std::allocator<char> > const ,class std::shared_ptr<class MaterialX_v1_39_6::ShaderInput> >,class std::allocator<struct std::pair<class std::basic_string<char,struct std::char_traits<char>,class std::allocator<char> > const ,class std::shared_ptr<class MaterialX_v1_39_6::ShaderInput> > > >::~list<struct std::pair<class std::basic_string<char,struct std::char_traits<char>,class std::allocator<char> > const ,class std::shared_ptr<class MaterialX_v1_39_6::ShaderInput> >,class std::allocator<struct std::pair<class std::basic_string<char,struct std::char_traits<char>,class std::allocator<char> > const ,class std::shared_ptr<class MaterialX_v1_39_6::ShaderInput> > > >(void)	list	0x14013f0f0
                MaterialX_v1_39_6::ShaderPort::~ShaderPort	0.072476	0.075023	0.0		0.0	0.0	0.0	0.0	CpuHotPaths.exe	MaterialX_v1_39_6::ShaderPort::~ShaderPort(void)	[Unknown]	0x1401385b0
                 std::enable_shared_from_this<MaterialX_v1_39_6::ShaderPort>::{dtor}	0.072476	0.075023	0.0		0.014331	0.014331	0.0	0.0	CpuHotPaths.exe	std::enable_shared_from_this<MaterialX_v1_39_6::ShaderPort>::{dtor}	memory	0x140138883
               std::list<struct std::pair<class std::basic_string<char,struct std::char_traits<char>,class std::allocator<char> > const ,class std::shared_ptr<class MaterialX_v1_39_6::ShaderOutput> >,class std::allocator<struct std::pair<class std::basic_string<char,struct std::char_traits<char>,class std::allocator<char> > const ,class std::shared_ptr<class MaterialX_v1_39_6::ShaderOutput> > > >::~list<struct std::pair<class std::basic_string<char,struct std::char_traits<char>,class std::allocator<char> > const ,class std::shared_ptr<class MaterialX_v1_39_6::ShaderOutput> >,class std::allocator<struct std::pair<class std::basic_string<char,struct std::char_traits<char>,class std::allocator<char> > const ,class std::shared_ptr<class MaterialX_v1_39_6::ShaderOutput> > > >	0.069303	0.071739	0.0		0.013704	0.013704	0.0	0.0	CpuHotPaths.exe	std::list<struct std::pair<class std::basic_string<char,struct std::char_traits<char>,class std::allocator<char> > const ,class std::shared_ptr<class MaterialX_v1_39_6::ShaderOutput> >,class std::allocator<struct std::pair<class std::basic_string<char,struct std::char_traits<char>,class std::allocator<char> > const ,class std::shared_ptr<class MaterialX_v1_39_6::ShaderOutput> > > >::~list<struct std::pair<class std::basic_string<char,struct std::char_traits<char>,class std::allocator<char> > const ,class std::shared_ptr<class MaterialX_v1_39_6::ShaderOutput> >,class std::allocator<struct std::pair<class std::basic_string<char,struct std::char_traits<char>,class std::allocator<char> > const ,class std::shared_ptr<class MaterialX_v1_39_6::ShaderOutput> > > >(void)	list	0x14013f180
       main::__l30::<lambda_aa6e5505e88b4e9c807a5075eba91706>::operator()	0.217221	0.224855	0.0		0.0	0.0	0.0	0.0	CpuHotPaths.exe	main::__l30::<lambda_aa6e5505e88b4e9c807a5075eba91706>::operator()	CpuHotPaths.cpp	0x1400a9760
        <lambda_01f1892c40223c166c8f3d9ac33c6fe2>::operator()	0.217221	0.224855	0.0		0.0	0.0	0.0	0.0	CpuHotPaths.exe	<lambda_01f1892c40223c166c8f3d9ac33c6fe2>::operator()()	CpuHotPaths.cpp	0x1400ae2e0
         MaterialX_v1_39_6::GlslShaderGenerator::generate	0.217221	0.224855	0.0		0.0	0.0	0.0	0.0	CpuHotPaths.exe	MaterialX_v1_39_6::GlslShaderGenerator::generate(class std::basic_string<char,struct std::char_traits<char>,class std::allocator<char> > const &,class std::shared_ptr<class MaterialX_v1_39_6::Element>,class MaterialX_v1_39_6::GenContext &)	GlslShaderGenerator.cpp	0x1400c07b0
          MaterialX_v1_39_6::HwShaderGenerator::createShader	0.217221	0.224855	0.0		0.0	0.0	0.0	0.0	CpuHotPaths.exe	MaterialX_v1_39_6::HwShaderGenerator::createShader(class std::basic_string<char,struct std::char_traits<char>,class std::allocator<char> > const &,class std::shared_ptr<class MaterialX_v1_39_6::Element>,class MaterialX_v1_39_6::GenContext &)	HwShaderGenerator.cpp	0x140108320
           MaterialX_v1_39_6::ShaderGraph::create	0.217221	0.224855	0.0		0.0	0.0	0.0	0.0	CpuHotPaths.exe	MaterialX_v1_39_6::ShaderGraph::create(class MaterialX_v1_39_6::ShaderGraph const *,class std::basic_string<char,struct std::char_traits<char>,class std::allocator<char> > const &,class std::shared_ptr<class MaterialX_v1_39_6::Element>,class MaterialX_v1_39_6::GenContext &)	ShaderGraph.cpp	0x140160000
            MaterialX_v1_39_6::ShaderGraph::addUpstreamDependencies	0.217221	0.224855	0.0		0.0	0.0	0.0	0.0	CpuHotPaths.exe	MaterialX_v1_39_6::ShaderGraph::addUpstreamDependencies(class MaterialX_v1_39_6::Element const &,class MaterialX_v1_39_6::GenContext &)	ShaderGraph.cpp	0x14015e190
             MaterialX_v1_39_6::ShaderGraph::createConnectedNodes	0.217221	0.224855	0.0		0.0	0.0	0.0	0.0	CpuHotPaths.exe	MaterialX_v1_39_6::ShaderGraph::createConnectedNodes(class std::shared_ptr<class MaterialX_v1_39_6::Element> const &,class std::shared_ptr<class MaterialX_v1_39_6::Element> const &,class std::shared_ptr<class MaterialX_v1_39_6::Element>,class MaterialX_v1_39_6::GenContext &)	ShaderGraph.cpp	0x140161e30
              MaterialX_v1_39_6::ShaderGraph::createNode	0.217221	0.224855	0.0		0.0	0.0	0.0	0.0	CpuHotPaths.exe	MaterialX_v1_39_6::ShaderGraph::createNode(class std::shared_ptr<class MaterialX_v1_39_6::Node const >,class MaterialX_v1_39_6::GenContext &)	ShaderGraph.cpp	0x140162d80
               MaterialX_v1_39_6::ShaderGraph::createNode	0.217221	0.224855	0.0		0.0	0.0	0.0	0.0	CpuHotPaths.exe	MaterialX_v1_39_6::ShaderGraph::createNode(class std::basic_string<char,struct std::char_traits<char>,class std::allocator<char> > const &,class std::basic_string<char,struct std::char_traits<char>,class std::allocator<char> > const &,class std::shared_ptr<class MaterialX_v1_39_6::NodeDef const >,class MaterialX_v1_39_6::GenContext &)	ShaderGraph.cpp	0x140162b00
                MaterialX_v1_39_6::ShaderNode::create	0.217221	0.224855	0.0		0.0	0.0	0.0	0.0	CpuHotPaths.exe	MaterialX_v1_39_6::ShaderNode::create(class MaterialX_v1_39_6::ShaderGraph const *,class std::basic_string<char,struct std::char_traits<char>,class std::allocator<char> > const &,class MaterialX_v1_39_6::NodeDef const &,class MaterialX_v1_39_6::GenContext &)	ShaderNode.cpp	0x140141390
                 MaterialX_v1_39_6::ShaderGenerator::getImplementation	0.217221	0.224855	0.0		0.0	0.0	0.0	0.0	CpuHotPaths.exe	MaterialX_v1_39_6::ShaderGenerator::getImplementation(class MaterialX_v1_39_6::NodeDef const &,class MaterialX_v1_39_6::GenContext &)	ShaderGenerator.cpp	0x14014f630
                  MaterialX_v1_39_6::CompoundNode::initialize	0.217221	0.224855	0.0		0.0	0.0	0.0	0.0	CpuHotPaths.exe	MaterialX_v1_39_6::CompoundNode::initialize(class MaterialX_v1_39_6::InterfaceElement const &,class MaterialX_v1_39_6::GenContext &)	CompoundNode.cpp	0x140168570
                   MaterialX_v1_39_6::ShaderGraph::create	0.217221	0.224855	0.0		0.0	0.0	0.0	0.0	CpuHotPaths.exe	MaterialX_v1_39_6::ShaderGraph::create(class MaterialX_v1_39_6::ShaderGraph const *,class MaterialX_v1_39_6::NodeGraph const &,class MaterialX_v1_39_6::GenContext &)	ShaderGraph.cpp	0x140161a50
                    MaterialX_v1_39_6::ShaderGraph::addInputSockets	0.077724	0.080456	0.0		0.0	0.0	0.0	0.0	CpuHotPaths.exe	MaterialX_v1_39_6::ShaderGraph::addInputSockets(class MaterialX_v1_39_6::InterfaceElement const &,class MaterialX_v1_39_6::GenContext &)	ShaderGraph.cpp	0x14015c7f0
                     MaterialX_v1_39_6::ValueElement::getResolvedValue	0.077724	0.080456	0.0		0.0	0.0	0.0	0.0	CpuHotPaths.exe	MaterialX_v1_39_6::ValueElement::getResolvedValue(class std::shared_ptr<class MaterialX_v1_39_6::StringResolver>)	Element.cpp	0x1401c3be0
                      MaterialX_v1_39_6::Value::createValueFromStrings	0.077724	0.080456	0.0		0.0	0.0	0.0	0.0	CpuHotPaths.exe	MaterialX_v1_39_6::Value::createValueFromStrings(class std::basic_string<char,struct std::char_traits<char>,class std::allocator<char> > const &,class std::basic_string<char,struct std::char_traits<char>,class std::allocator<char> > const &,class std::shared_ptr<class MaterialX_v1_39_6::TypeDef const >)	Value.cpp	0x140202910
                       MaterialX_v1_39_6::TypedValue<float>::createFromString	0.077724	0.080456	0.0		0.0	0.0	0.0	0.0	CpuHotPaths.exe	MaterialX_v1_39_6::TypedValue<float>::createFromString(class std::basic_string<char,struct std::char_traits<char>,class std::allocator<char> > const &)	Value.cpp	0x140201350
                        MaterialX_v1_39_6::fromValueString<float>	0.077724	0.080456	0.0		0.0	0.0	0.0	0.0	CpuHotPaths.exe	MaterialX_v1_39_6::fromValueString<float>(class std::basic_string<char,struct std::char_traits<char>,class std::allocator<char> > const &)	Value.cpp	0x1401fb440
                         func@0x180045990	0.077724	0.080456	0.0		0.015369	0.015369	0.0	0.0	MSVCP140.dll	func@0x180045990	[Unknown]	0x180045990
                    MaterialX_v1_39_6::ShaderGraph::finalize	0.071111	0.073610	0.0		0.0	0.0	0.0	0.0	CpuHotPaths.exe	MaterialX_v1_39_6::ShaderGraph::finalize(class MaterialX_v1_39_6::GenContext &)	ShaderGraph.cpp	0x1401639d0
                     MaterialX_v1_39_6::PremultipliedBsdfAddRefactor::execute	0.071111	0.073610	0.0		0.0	0.0	0.0	0.0	CpuHotPaths.exe	MaterialX_v1_39_6::PremultipliedBsdfAddRefactor::execute(class MaterialX_v1_39_6::ShaderGraph &,class MaterialX_v1_39_6::GenContext &)	ShaderGraphRefactor.cpp	0x140177150
                      MaterialX_v1_39_6::`anonymous namespace'::foldWeightIntoBsdf	0.071111	0.073610	0.0		0.0	0.0	0.0	0.0	CpuHotPaths.exe	MaterialX_v1_39_6::`anonymous namespace'::foldWeightIntoBsdf(class MaterialX_v1_39_6::ShaderGraph & const, class MaterialX_v1_39_6::GenContext & const, class MaterialX_v1_39_6::ShaderInput *, class MaterialX_v1_39_6::ShaderOutput *, const class std::basic_string<char,std::char_traits<char>,std::allocator<char> > & const, class std::shared_ptr<MaterialX_v1_39_6::NodeDef>, class std::shared_ptr<MaterialX_v1_39_6::NodeDef>)	ShaderGraphRefactor.cpp	0x140178660
                       MaterialX_v1_39_6::ShaderGraph::createNode	0.071111	0.073610	0.0		0.0	0.0	0.0	0.0	CpuHotPaths.exe	MaterialX_v1_39_6::ShaderGraph::createNode(class std::basic_string<char,struct std::char_traits<char>,class std::allocator<char> > const &,class std::basic_string<char,struct std::char_traits<char>,class std::allocator<char> > const &,class std::shared_ptr<class MaterialX_v1_39_6::NodeDef const >,class MaterialX_v1_39_6::GenContext &)	ShaderGraph.cpp	0x140162b00
                        MaterialX_v1_39_6::ShaderNode::create	0.071111	0.073610	0.0		0.0	0.0	0.0	0.0	CpuHotPaths.exe	MaterialX_v1_39_6::ShaderNode::create(class MaterialX_v1_39_6::ShaderGraph const *,class std::basic_string<char,struct std::char_traits<char>,class std::allocator<char> > const &,class MaterialX_v1_39_6::NodeDef const &,class MaterialX_v1_39_6::GenContext &)	ShaderNode.cpp	0x140141390
                         MaterialX_v1_39_6::ShaderGenerator::getImplementation	0.071111	0.073610	0.0		0.0	0.0	0.0	0.0	CpuHotPaths.exe	MaterialX_v1_39_6::ShaderGenerator::getImplementation(class MaterialX_v1_39_6::NodeDef const &,class MaterialX_v1_39_6::GenContext &)	ShaderGenerator.cpp	0x14014f630
                          MaterialX_v1_39_6::SourceCodeNode::initialize	0.071111	0.073610	0.0		0.0	0.0	0.0	0.0	CpuHotPaths.exe	MaterialX_v1_39_6::SourceCodeNode::initialize(class MaterialX_v1_39_6::InterfaceElement const &,class MaterialX_v1_39_6::GenContext &)	SourceCodeNode.cpp	0x14016b2d0
                           MaterialX_v1_39_6::SourceCodeNode::resolveSourceCode	0.071111	0.073610	0.0		0.0	0.0	0.0	0.0	CpuHotPaths.exe	MaterialX_v1_39_6::SourceCodeNode::resolveSourceCode(class MaterialX_v1_39_6::InterfaceElement const &,class MaterialX_v1_39_6::GenContext &)	SourceCodeNode.cpp	0x14016bb50
                            MaterialX_v1_39_6::GenContext::resolveSourceFile	0.071111	0.073610	0.0		0.0	0.0	0.0	0.0	CpuHotPaths.exe	MaterialX_v1_39_6::GenContext::resolveSourceFile(class MaterialX_v1_39_6::FilePath const &,class MaterialX_v1_39_6::FilePath const &)	GenContext.h	0x14013c810
                             MaterialX_v1_39_6::FileSearchPath::find	0.071111	0.073610	0.0		0.0	0.0	0.0	0.0	CpuHotPaths.exe	MaterialX_v1_39_6::FileSearchPath::find	File.h	0x14013ca14
                              MaterialX_v1_39_6::FilePath::exists	0.071111	0.073610	0.0		0.0	0.0	0.0	0.0	CpuHotPaths.exe	MaterialX_v1_39_6::FilePath::exists(void)	File.cpp	0x1400ccb30
                               GetFileAttributesA	0.071111	0.073610	0.0		0.014061	0.014061	0.0	0.0	KERNELBASE.dll	GetFileAttributesA	[Unknown]	0x18006d270
                    MaterialX_v1_39_6::ShaderGraph::addUpstreamDependencies	0.068386	0.070789	0.0		0.0	0.0	0.0	0.0	CpuHotPaths.exe	MaterialX_v1_39_6::ShaderGraph::addUpstreamDependencies(class MaterialX_v1_39_6::Element const &,class MaterialX_v1_39_6::GenContext &)	ShaderGraph.cpp	0x14015e190
                     MaterialX_v1_39_6::ShaderGraph::createConnectedNodes	0.068386	0.070789	0.0		0.0	0.0	0.0	0.0	CpuHotPaths.exe	MaterialX_v1_39_6::ShaderGraph::createConnectedNodes(class std::shared_ptr<class MaterialX_v1_39_6::Element> const &,class std::shared_ptr<class MaterialX_v1_39_6::Element> const &,class std::shared_ptr<class MaterialX_v1_39_6::Element>,class MaterialX_v1_39_6::GenContext &)	ShaderGraph.cpp	0x140161e30
                      MaterialX_v1_39_6::ShaderGraph::createNode	0.068386	0.070789	0.0		0.0	0.0	0.0	0.0	CpuHotPaths.exe	MaterialX_v1_39_6::ShaderGraph::createNode(class std::shared_ptr<class MaterialX_v1_39_6::Node const >,class MaterialX_v1_39_6::GenContext &)	ShaderGraph.cpp	0x140162d80
                       MaterialX_v1_39_6::ShaderGraph::createNode	0.068386	0.070789	0.0		0.0	0.0	0.0	0.0	CpuHotPaths.exe	MaterialX_v1_39_6::ShaderGraph::createNode(class std::basic_string<char,struct std::char_traits<char>,class std::allocator<char> > const &,class std::basic_string<char,struct std::char_traits<char>,class std::allocator<char> > const &,class std::shared_ptr<class MaterialX_v1_39_6::NodeDef const >,class MaterialX_v1_39_6::GenContext &)	ShaderGraph.cpp	0x140162b00
                        MaterialX_v1_39_6::ShaderNode::create	0.068386	0.070789	0.0		0.0	0.0	0.0	0.0	CpuHotPaths.exe	MaterialX_v1_39_6::ShaderNode::create(class MaterialX_v1_39_6::ShaderGraph const *,class std::basic_string<char,struct std::char_traits<char>,class std::allocator<char> > const &,class MaterialX_v1_39_6::NodeDef const &,class MaterialX_v1_39_6::GenContext &)	ShaderNode.cpp	0x140141390
                         MaterialX_v1_39_6::ShaderGenerator::getImplementation	0.068386	0.070789	0.0		0.0	0.0	0.0	0.0	CpuHotPaths.exe	MaterialX_v1_39_6::ShaderGenerator::getImplementation(class MaterialX_v1_39_6::NodeDef const &,class MaterialX_v1_39_6::GenContext &)	ShaderGenerator.cpp	0x14014f630
                          MaterialX_v1_39_6::SourceCodeNode::initialize	0.068386	0.070789	0.0		0.0	0.0	0.0	0.0	CpuHotPaths.exe	MaterialX_v1_39_6::SourceCodeNode::initialize(class MaterialX_v1_39_6::InterfaceElement const &,class MaterialX_v1_39_6::GenContext &)	SourceCodeNode.cpp	0x14016b2d0
                           MaterialX_v1_39_6::SourceCodeNode::resolveSourceCode	0.068386	0.070789	0.0		0.0	0.0	0.0	0.0	CpuHotPaths.exe	MaterialX_v1_39_6::SourceCodeNode::resolveSourceCode(class MaterialX_v1_39_6::InterfaceElement const &,class MaterialX_v1_39_6::GenContext &)	SourceCodeNode.cpp	0x14016bb50
                            MaterialX_v1_39_6::readFile	0.068386	0.070789	0.0		0.0	0.0	0.0	0.0	CpuHotPaths.exe	MaterialX_v1_39_6::readFile(class MaterialX_v1_39_6::FilePath const &)	Util.cpp	0x1400d5600
                             std::basic_ifstream<char,std::char_traits<char> >::{ctor}	0.068386	0.070789	0.0		0.013522	0.013522	0.0	0.0	CpuHotPaths.exe	std::basic_ifstream<char,std::char_traits<char> >::{ctor}	fstream	0x1400d564f
      std::shared_ptr<MaterialX_v1_39_6::Document>::{dtor}	0.076269	0.078949	0.0		0.0	0.0	0.0	0.0	CpuHotPaths.exe	std::shared_ptr<MaterialX_v1_39_6::Document>::{dtor}	memory	0x1400b4ea0
       MaterialX_v1_39_6::Document::`scalar deleting destructor'	0.076269	0.078949	0.0		0.0	0.0	0.0	0.0	CpuHotPaths.exe	MaterialX_v1_39_6::Document::`scalar deleting destructor'(unsigned int)	[Unknown]	0x1401ed5e0
        MaterialX_v1_39_6::Document::{dtor}	0.076269	0.078949	0.0		0.0	0.0	0.0	0.0	CpuHotPaths.exe	MaterialX_v1_39_6::Document::{dtor}	Document.cpp	0x1401ed5e6
         MaterialX_v1_39_6::GraphElement::{dtor}	0.076269	0.078949	0.0		0.0	0.0	0.0	0.0	CpuHotPaths.exe	MaterialX_v1_39_6::GraphElement::{dtor}	Node.h	0x1401ed64d
          MaterialX_v1_39_6::InterfaceElement::{dtor}	0.076269	0.078949	0.0		0.0	0.0	0.0	0.0	CpuHotPaths.exe	MaterialX_v1_39_6::InterfaceElement::{dtor}	Interface.h	0x1401ed64d
           MaterialX_v1_39_6::TypedElement::{dtor}	0.076269	0.078949	0.0		0.0	0.0	0.0	0.0	CpuHotPaths.exe	MaterialX_v1_39_6::TypedElement::{dtor}	Element.h	0x1401ed64d
            MaterialX_v1_39_6::Element::~Element	0.076269	0.078949	0.0		0.0	0.0	0.0	0.0	CpuHotPaths.exe	MaterialX_v1_39_6::Element::~Element(void)	Element.h	0x1400ad4f0
             std::list<struct std::pair<class std::basic_string<char,struct std::char_traits<char>,class std::allocator<char> > const ,class std::shared_ptr<class MaterialX_v1_39_6::Element> >,class std::allocator<struct std::pair<class std::basic_string<char,struct std::char_traits<char>,class std::allocator<char> > const ,class std::shared_ptr<class MaterialX_v1_39_6::Element> > > >::~list<struct std::pair<class std::basic_string<char,struct std::char_traits<char>,class std::allocator<char> > const ,class std::shared_ptr<class MaterialX_v1_39_6::Element> >,class std::allocator<struct std::pair<class std::basic_string<char,struct std::char_traits<char>,class std::allocator<char> > const ,class std::shared_ptr<class MaterialX_v1_39_6::Element> > > >	0.076269	0.078949	0.0		0.0	0.0	0.0	0.0	CpuHotPaths.exe	std::list<struct std::pair<class std::basic_string<char,struct std::char_traits<char>,class std::allocator<char> > const ,class std::shared_ptr<class MaterialX_v1_39_6::Element> >,class std::allocator<struct std::pair<class std::basic_string<char,struct std::char_traits<char>,class std::allocator<char> > const ,class std::shared_ptr<class MaterialX_v1_39_6::Element> > > >::~list<struct std::pair<class std::basic_string<char,struct std::char_traits<char>,class std::allocator<char> > const ,class std::shared_ptr<class MaterialX_v1_39_6::Element> >,class std::allocator<struct std::pair<class std::basic_string<char,struct std::char_traits<char>,class std::allocator<char> > const ,class std::shared_ptr<class MaterialX_v1_39_6::Element> > > >(void)	list	0x1400aca00
              MaterialX_v1_39_6::NodeGraph::`scalar deleting destructor'	0.076269	0.078949	0.0		0.0	0.0	0.0	0.0	CpuHotPaths.exe	MaterialX_v1_39_6::NodeGraph::`scalar deleting destructor'(unsigned int)	[Unknown]	0x1401836b0
               MaterialX_v1_39_6::NodeGraph::{dtor}	0.076269	0.078949	0.0		0.0	0.0	0.0	0.0	CpuHotPaths.exe	MaterialX_v1_39_6::NodeGraph::{dtor}	Node.h	0x1401836ba
                MaterialX_v1_39_6::GraphElement::{dtor}	0.076269	0.078949	0.0		0.0	0.0	0.0	0.0	CpuHotPaths.exe	MaterialX_v1_39_6::GraphElement::{dtor}	Node.h	0x1401836ba
                 MaterialX_v1_39_6::InterfaceElement::{dtor}	0.076269	0.078949	0.0		0.0	0.0	0.0	0.0	CpuHotPaths.exe	MaterialX_v1_39_6::InterfaceElement::{dtor}	Interface.h	0x1401836ba
                  MaterialX_v1_39_6::TypedElement::{dtor}	0.076269	0.078949	0.0		0.0	0.0	0.0	0.0	CpuHotPaths.exe	MaterialX_v1_39_6::TypedElement::{dtor}	Element.h	0x1401836ba
                   MaterialX_v1_39_6::Element::~Element	0.076269	0.078949	0.0		0.0	0.0	0.0	0.0	CpuHotPaths.exe	MaterialX_v1_39_6::Element::~Element(void)	Element.h	0x1400ad4f0
                    std::list<struct std::pair<class std::basic_string<char,struct std::char_traits<char>,class std::allocator<char> > const ,class std::shared_ptr<class MaterialX_v1_39_6::Element> >,class std::allocator<struct std::pair<class std::basic_string<char,struct std::char_traits<char>,class std::allocator<char> > const ,class std::shared_ptr<class MaterialX_v1_39_6::Element> > > >::~list<struct std::pair<class std::basic_string<char,struct std::char_traits<char>,class std::allocator<char> > const ,class std::shared_ptr<class MaterialX_v1_39_6::Element> >,class std::allocator<struct std::pair<class std::basic_string<char,struct std::char_traits<char>,class std::allocator<char> > const ,class std::shared_ptr<class MaterialX_v1_39_6::Element> > > >	0.076269	0.078949	0.0		0.0	0.0	0.0	0.0	CpuHotPaths.exe	std::list<struct std::pair<class std::basic_string<char,struct std::char_traits<char>,class std::allocator<char> > const ,class std::shared_ptr<class MaterialX_v1_39_6::Element> >,class std::allocator<struct std::pair<class std::basic_string<char,struct std::char_traits<char>,class std::allocator<char> > const ,class std::shared_ptr<class MaterialX_v1_39_6::Element> > > >::~list<struct std::pair<class std::basic_string<char,struct std::char_traits<char>,class std::allocator<char> > const ,class std::shared_ptr<class MaterialX_v1_39_6::Element> >,class std::allocator<struct std::pair<class std::basic_string<char,struct std::char_traits<char>,class std::allocator<char> > const ,class std::shared_ptr<class MaterialX_v1_39_6::Element> > > >(void)	list	0x1400aca00
                     MaterialX_v1_39_6::Node::`scalar deleting destructor'	0.076269	0.078949	0.0		0.0	0.0	0.0	0.0	CpuHotPaths.exe	MaterialX_v1_39_6::Node::`scalar deleting destructor'(unsigned int)	[Unknown]	0x1400aefa0
                      MaterialX_v1_39_6::Node::{dtor}	0.076269	0.078949	0.0		0.0	0.0	0.0	0.0	CpuHotPaths.exe	MaterialX_v1_39_6::Node::{dtor}	Node.h	0x1400aefaa
                       MaterialX_v1_39_6::InterfaceElement::{dtor}	0.076269	0.078949	0.0		0.0	0.0	0.0	0.0	CpuHotPaths.exe	MaterialX_v1_39_6::InterfaceElement::{dtor}	Interface.h	0x1400aefaa
                        MaterialX_v1_39_6::TypedElement::{dtor}	0.076269	0.078949	0.0		0.0	0.0	0.0	0.0	CpuHotPaths.exe	MaterialX_v1_39_6::TypedElement::{dtor}	Element.h	0x1400aefaa
                         MaterialX_v1_39_6::Element::~Element	0.076269	0.078949	0.0		0.0	0.0	0.0	0.0	CpuHotPaths.exe	MaterialX_v1_39_6::Element::~Element(void)	Element.h	0x1400ad4f0
                          std::list<struct std::pair<class std::basic_string<char,struct std::char_traits<char>,class std::allocator<char> > const ,class std::shared_ptr<class MaterialX_v1_39_6::Element> >,class std::allocator<struct std::pair<class std::basic_string<char,struct std::char_traits<char>,class std::allocator<char> > const ,class std::shared_ptr<class MaterialX_v1_39_6::Element> > > >::~list<struct std::pair<class std::basic_string<char,struct std::char_traits<char>,class std::allocator<char> > const ,class std::shared_ptr<class MaterialX_v1_39_6::Element> >,class std::allocator<struct std::pair<class std::basic_string<char,struct std::char_traits<char>,class std::allocator<char> > const ,class std::shared_ptr<class MaterialX_v1_39_6::Element> > > >	0.076269	0.078949	0.0		0.0	0.0	0.0	0.0	CpuHotPaths.exe	std::list<struct std::pair<class std::basic_string<char,struct std::char_traits<char>,class std::allocator<char> > const ,class std::shared_ptr<class MaterialX_v1_39_6::Element> >,class std::allocator<struct std::pair<class std::basic_string<char,struct std::char_traits<char>,class std::allocator<char> > const ,class std::shared_ptr<class MaterialX_v1_39_6::Element> > > >::~list<struct std::pair<class std::basic_string<char,struct std::char_traits<char>,class std::allocator<char> > const ,class std::shared_ptr<class MaterialX_v1_39_6::Element> >,class std::allocator<struct std::pair<class std::basic_string<char,struct std::char_traits<char>,class std::allocator<char> > const ,class std::shared_ptr<class MaterialX_v1_39_6::Element> > > >(void)	list	0x1400aca00
                           MaterialX_v1_39_6::Input::`scalar deleting destructor'	0.076269	0.078949	0.0		0.0	0.0	0.0	0.0	CpuHotPaths.exe	MaterialX_v1_39_6::Input::`scalar deleting destructor'(unsigned int)	[Unknown]	0x1400aef00
                            MaterialX_v1_39_6::Input::{dtor}	0.076269	0.078949	0.0		0.0	0.0	0.0	0.0	CpuHotPaths.exe	MaterialX_v1_39_6::Input::{dtor}	Interface.h	0x1400aef0a
                             MaterialX_v1_39_6::PortElement::{dtor}	0.076269	0.078949	0.0		0.0	0.0	0.0	0.0	CpuHotPaths.exe	MaterialX_v1_39_6::PortElement::{dtor}	Interface.h	0x1400aef0a
                              MaterialX_v1_39_6::ValueElement::{dtor}	0.076269	0.078949	0.0		0.0	0.0	0.0	0.0	CpuHotPaths.exe	MaterialX_v1_39_6::ValueElement::{dtor}	Element.h	0x1400aef0a
                               MaterialX_v1_39_6::TypedElement::{dtor}	0.076269	0.078949	0.0		0.0	0.0	0.0	0.0	CpuHotPaths.exe	MaterialX_v1_39_6::TypedElement::{dtor}	Element.h	0x1400aef0a
                                MaterialX_v1_39_6::Element::~Element	0.076269	0.078949	0.0		0.0	0.0	0.0	0.0	CpuHotPaths.exe	MaterialX_v1_39_6::Element::~Element(void)	Element.h	0x1400ad4f0
                                 std::weak_ptr<MaterialX_v1_39_6::Element>::{dtor}	0.076269	0.078949	0.0		0.015081	0.015081	0.0	0.0	CpuHotPaths.exe	std::weak_ptr<MaterialX_v1_39_6::Element>::{dtor}	memory	0x1400ad507
